activity_id,lead_id,call_did_status,last_call_time,caller_name,call_duration,call_feedback,next_follow_up_on,next_follow_up_notes,call_missed_by_user
1,1,Untouched,,Unknown,0.0,No Information,,No Information,No
2,2,Untouched,,Unknown,0.0,No Information,,No Information,No
3,3,Untouched,,Unknown,0.0,No Information,,No Information,No
4,4,Untouched,,Unknown,0.0,No Information,,No Information,No
5,5,Untouched,,Unknown,0.0,No Information,,No Information,No
6,6,Untouched,,Unknown,0.0,No Information,,No Information,No
7,7,Untouched,,Unknown,0.0,No Information,,No Information,No
8,8,Untouched,,Unknown,0.0,No Information,,No Information,No
9,9,Untouched,,Unknown,0.0,No Information,,No Information,No
10,10,Untouched,,Unknown,0.0,No Information,,No Information,No
11,11,Untouched,,Unknown,0.0,No Information,,No Information,No
12,12,Untouched,,Unknown,0.0,No Information,,No Information,No
13,13,Untouched,,Unknown,0.0,No Information,,No Information,No
14,14,Untouched,,Unknown,0.0,No Information,,No Information,No
15,15,Untouched,,Unknown,0.0,No Information,,No Information,No
16,16,Call <4Hr,2026-04-09,Ambili,418.0,No Information,2026-05-09,"btech ec aan,foundation mathrm attnd aakkan aan veed edappal supply exm und adh kazhinjale training complete aaytt nokkn patoll",No
17,17,Untouched,,Unknown,0.0,No Information,,No Information,No
18,18,Untouched,,Unknown,0.0,No Information,,No Information,No
19,19,Untouched,,Unknown,0.0,No Information,,No Information,No
20,20,Untouched,,Unknown,0.0,No Information,,No Information,No
21,21,Untouched,,Unknown,0.0,No Information,,No Information,No
22,22,Untouched,,Unknown,0.0,No Information,,No Information,No
23,23,Untouched,,Unknown,0.0,No Information,,No Information,No
24,24,Untouched,,Unknown,0.0,No Information,,No Information,No
25,25,Call <4Hr,2026-04-09,Ambili,0.0,No Information,,No Information,No
26,26,Untouched,,Unknown,0.0,No Information,,No Information,No
27,27,Untouched,,Unknown,0.0,No Information,,No Information,No
28,28,Untouched,,Unknown,0.0,No Information,,No Information,No
29,29,Untouched,,Unknown,0.0,No Information,,No Information,No
30,30,Untouched,,Unknown,0.0,No Information,,No Information,No
31,31,Untouched,,Unknown,0.0,No Information,,No Information,No
32,32,Untouched,,Unknown,0.0,No Information,,No Information,No
33,33,Untouched,,Unknown,0.0,No Information,,No Information,No
34,34,Untouched,,Unknown,0.0,No Information,,No Information,No
35,35,Untouched,,Unknown,0.0,No Information,,No Information,No
36,36,Untouched,,Unknown,0.0,No Information,,No Information,No
37,37,Untouched,,Unknown,0.0,No Information,,No Information,No
38,38,Untouched,,Unknown,0.0,No Information,,No Information,No
39,39,Untouched,,Unknown,0.0,No Information,,No Information,No
40,40,Untouched,,Unknown,0.0,No Information,,No Information,No
41,41,Untouched,,Unknown,0.0,No Information,,No Information,No
42,42,Untouched,,Unknown,0.0,No Information,,No Information,No
43,43,Untouched,,Unknown,0.0,No Information,,No Information,No
44,44,Untouched,,Unknown,0.0,No Information,,No Information,No
45,45,Untouched,,Unknown,0.0,No Information,,No Information,No
46,46,Untouched,,Unknown,0.0,No Information,,No Information,No
47,47,Call <4Hr,2026-04-09,Ambili,0.0,No Information,,No Information,No
48,48,Untouched,,Unknown,0.0,No Information,,No Information,No
49,49,Untouched,,Unknown,0.0,No Information,,No Information,No
50,50,Untouched,,Unknown,0.0,No Information,,No Information,No
51,51,Untouched,,Unknown,0.0,No Information,,No Information,No
52,52,Call < 5 mins,2026-03-09,Ambili,0.0,No Information,,No Information,Yes
53,53,Untouched,,Unknown,0.0,No Information,,No Information,No
54,54,Untouched,,Unknown,0.0,No Information,,No Information,No
55,55,Untouched,,Unknown,0.0,No Information,,No Information,No
56,56,Call <24Hr,2026-04-09,Ambili,31.0,No Information,,No Information,No
57,57,Untouched,,Unknown,0.0,No Information,,No Information,No
58,58,Untouched,,Unknown,0.0,No Information,,No Information,No
59,59,Call < 5 mins,2026-03-09,Ambili,781.0,No Information,,No Information,No
60,60,Untouched,,Unknown,0.0,No Information,,No Information,No
61,61,Untouched,,Unknown,0.0,No Information,,No Information,No
62,62,Untouched,,Unknown,0.0,No Information,,No Information,No
63,63,Untouched,,Unknown,0.0,No Information,,No Information,No
64,64,Untouched,,Unknown,0.0,No Information,,No Information,No
65,65,Untouched,,Unknown,0.0,No Information,,No Information,No
66,66,Untouched,,Unknown,0.0,No Information,,No Information,No
67,67,Untouched,,Unknown,0.0,No Information,,No Information,No
68,68,Untouched,,Unknown,0.0,No Information,,No Information,No
69,69,Untouched,,Unknown,0.0,No Information,,No Information,No
70,70,Untouched,,Unknown,0.0,No Information,,No Information,No
71,71,Untouched,,Unknown,0.0,No Information,,No Information,No
72,72,Untouched,,Unknown,0.0,No Information,,No Information,No
73,73,Untouched,,Unknown,0.0,No Information,,No Information,No
74,74,Untouched,,Unknown,0.0,No Information,,No Information,No
75,75,Untouched,,Unknown,0.0,No Information,,No Information,No
76,76,Untouched,,Unknown,0.0,No Information,,No Information,No
77,77,Untouched,,Unknown,0.0,No Information,,No Information,No
78,78,Untouched,,Unknown,0.0,No Information,,No Information,No
79,79,Untouched,,Unknown,0.0,No Information,,No Information,No
80,80,Untouched,,Unknown,0.0,No Information,,No Information,No
81,81,Untouched,,Unknown,0.0,No Information,,No Information,No
82,82,Untouched,,Unknown,0.0,No Information,,No Information,No
83,83,Untouched,,Unknown,0.0,No Information,,No Information,No
84,84,Untouched,,Unknown,0.0,No Information,,No Information,No
85,85,Untouched,,Unknown,0.0,No Information,,No Information,No
86,86,Untouched,,Unknown,0.0,No Information,,No Information,No
87,87,Call <4Hr,2026-04-09,Ambili,0.0,No Information,,No Information,No
88,88,Untouched,,Unknown,0.0,No Information,,No Information,No
89,89,Untouched,,Unknown,0.0,No Information,,No Information,No
90,90,Call < 5 mins,2026-03-09,Ambili,874.0,No Information,,No Information,No
91,91,Untouched,,Unknown,0.0,No Information,,No Information,No
92,92,Untouched,,Unknown,0.0,No Information,,No Information,No
93,93,Untouched,,Unknown,0.0,No Information,,No Information,No
94,94,Untouched,,Unknown,0.0,No Information,,No Information,No
95,95,Untouched,,Unknown,0.0,No Information,,No Information,No
96,96,Call <24Hr,2026-03-09,Ambili,0.0,No Information,2026-04-09,call povunnilla incmngm illa,No
97,97,Call < 5 mins,2026-02-09,Ambili,107.0,No Information,,No Information,No
98,98,Call < 5 mins,2026-01-09,Ambili,1052.0,No Information,,No Information,No
99,99,Call < 15 mins,2026-02-09,Ambili,965.0,No Information,2026-03-09,"veed kollam, data analalytics aan nokkunnedh",No
100,100,Untouched,,Unknown,0.0,No Information,2026-05-09,wtsap only,No
101,101,Call <4Hr,2026-01-09,Ambili,21.0,No Information,2026-02-09,No Information,No
102,102,Call <4Hr,2026-01-09,Ambili,0.0,No Information,2026-02-09,No Information,No
103,103,Call < 15 mins,2026-02-09,Rincy,14.0,No Information,2026-03-09,2n rnp,No
104,104,Untouched,,Unknown,0.0,No Information,2026-04-09,No Information,No
105,105,Call <24Hr,2026-01-09,Ambili,73.0,No Information,2026-02-09,ippo dgree padikkaan,No
106,106,Call < 30 mins,,Rincy,59.0,No Information,,rnp,No
107,107,Call < 5 mins,2026-01-09,Rincy,0.0,No Information,,"2023...plus 2 kayinju
eduki veed calicut aan nokne october batch .......achane vilich samsaricgu...aal nursingin vidaan nikka sammayknilla..sur vilichu",No
108,108,Call < 5 mins,2026-04-09,Ambili,0.0,No Information,2026-03-09,plustwo kazhinjedhan calicut aan veed,No
109,109,Call < 5 mins,2026-04-09,Ambili,0.0,No Information,2026-05-09,"dgre kazhinj 2 yrs gap edthu, ippo teacher ayt wrkeyya veed chelary",No
110,110,Call >24Hr,2026-03-09,Ambili,12.0,No Information,2026-04-09,plustw kazhinj neet repeat cheydhu,No
111,111,Call <8Hr,2026-01-09,Sumayya,536.0,No Information,2026-03-09,rnp/2  1/9/buzy aaann//bca kayinju in 2025 ill thn wrk chythuu///mankaavv nokunneee//,No
112,112,Call >24Hr,2026-01-09,Ambili,54.0,No Information,2026-02-09,No Information,No
113,113,Call >24Hr,2026-01-09,Ambili,0.0,No Information,2026-02-09,No Information,No
114,114,Call >24Hr,2026-03-09,Ambili,0.0,No Information,2026-04-09,pg english veed mnjeri,No
115,115,Call >24Hr,2026-01-09,Ambili,15.0,No Information,2026-02-09,No Information,No
116,116,Call >24Hr,2026-01-09,Ambili,0.0,No Information,,No Information,No
117,117,Untouched,,Unknown,0.0,No Information,,No Information,No
118,118,Call >24Hr,2026-01-09,Ambili,0.0,No Information,,No Information,No
119,119,Call >24Hr,2026-04-09,Rincy,0.0,No Information,2026-07-09,2n rnp///4n rnp,No
120,120,Call >48Hr,2026-01-09,Ambili,55.0,No Information,,No Information,No
121,121,Call >24Hr,,Rincy,0.0,No Information,2026-04-09,+966599176220...msged no respondse///1n rnp,No
122,122,Call >24Hr,2026-03-09,Rincy,125.0,No Information,2026-04-09,bc aanenn..pg ...economics kayinja oru sugallya nokatte enn,No
123,123,Call < 5 mins,2026-03-09,Ambili,207.0,No Information,2026-05-09,"data nalytics aan chodhichedh, veed thrissur",No
124,124,Call <4Hr,,Ambili,0.0,No Information,,No Information,No
125,125,Call <4Hr,2026-03-09,Ambili,0.0,No Information,2026-04-09,No Information,No
126,126,Call < 15 mins,2026-03-09,Ambili,114.0,No Information,2026-04-09,business analytics aan nokkunnedh veed thalasseri,No
127,127,Call < 45 mins,2026-03-09,Ambili,72.0,No Information,2026-04-09,"details prnj kodthind, veed pkd",No
128,128,Call >24Hr,2026-01-09,Rincy,17.0,No Information,2026-10-09,bc aane///1n  bc aanenn,No
129,129,Call <4Hr,2026-03-09,Sumayya,38.0,No Information,2026-07-09,for brother/plus two kollam//kochi hub visit veram//aniyn vannittt contact chhymm sthalath illaa  3/9//aniyn onnmm paranjillaaa//paraymm paranj vech,No
130,130,Call >24Hr,2026-01-09,Rincy,18.0,No Information,2026-01-09,bc,No
131,131,Untouched,,Unknown,0.0,No Information,,No Information,No
132,132,Untouched,,Unknown,0.0,No Information,2026-04-09,"he is walkin enquiry,now in broto,discuss parents after inform",No
133,133,Call >24Hr,2026-04-09,Rincy,0.0,No Information,2026-07-09,plus 2 kayinju...calicut aan veed///31n rnp///4n rnp,No
134,134,Untouched,,Unknown,0.0,No Information,2026-04-09,"plustwo fail,data science enquiry",No
135,135,Call < 5 mins,,Najiya,25.0,No Information,,No Information,No
136,136,Call < 5 mins,,Najiya,170.0,No Information,,No Information,No
137,137,Call < 5 mins,,Najiya,0.0,No Information,,No Information,Yes
138,138,Call < 5 mins,,Najiya,4.0,No Information,,No Information,No
139,139,Call < 5 mins,,Najiya,77.0,No Information,,No Information,No
140,140,Call < 5 mins,,Najiya,16.0,No Information,,No Information,No
141,141,Call < 5 mins,,Najiya,1.0,No Information,,No Information,No
142,142,Call < 5 mins,,Najiya,82.0,No Information,,No Information,No
143,143,Call < 5 mins,,Najiya,7.0,No Information,,No Information,No
144,144,Call < 5 mins,,Najiya,0.0,No Information,,No Information,No
145,145,Call < 5 mins,,Najiya,0.0,No Information,,No Information,Yes
146,146,Call < 5 mins,,Najiya,5.0,No Information,,No Information,No
147,147,Call < 5 mins,,Najiya,0.0,No Information,,No Information,No
148,148,Call < 30 mins,2026-03-09,Rincy,13.0,No Information,,//29n rnp,No
149,149,Call < 30 mins,2026-03-09,Rincy,13.0,No Information,,//29n rnp,No
150,150,Call < 30 mins,2026-03-09,Rincy,0.0,No Information,2026-05-09,//29n rnp//3N RNP,No
151,151,Untouched,,Unknown,0.0,No Information,,No Information,No
152,152,Call < 5 mins,2026-03-09,Ambili,0.0,No Information,2026-08-09,btech mech aan kazhinjedh details full prnjilla,No
153,153,Call < 15 mins,2026-03-09,Ambili,2.0,No Information,2026-04-09,"2 yrs ago  plustwo neet repeat cheydhedhaan, veed nenmanda",No
154,154,Call <24Hr,2026-03-09,Rincy,0.0,No Information,2026-04-09,//29n rnp//3N RNP,No
155,155,Call <4Hr,,Ambili,0.0,No Information,,No Information,No
156,156,Call <8Hr,,Sumayya,0.0,No Information,2026-01-09,cloud devops aann nokunnee//revieww chyynmm   29/8//rnp/2 30/8/rnp/2/watsapp no response,No
157,157,Call <24Hr,2026-04-09,Rincy,36.0,No Information,2026-04-09,plus 2 kayinju age 23......calicut koyilandi....9605801473///31n rnp...4n evening vilikan,No
158,158,Call < 5 mins,,Bridgeon Admin,291.0,No Information,,2 yrs munp bca ippo uiux aan nokkunnedh porth povan aan plan,No
159,159,Call < 5 mins,,Bridgeon Admin,415.0,No Information,,No Information,No
160,160,Call < 5 mins,,Ambili,186.0,No Information,,"relative aan vilichedh, veed kakkattil intrst und vtl samsarichitt vilikkam",No
161,161,Call <4Hr,,Sumayya,597.0,No Information,,rnp/2,No
162,162,Call <24Hr,2026-03-09,Ambili,23.0,No Information,2026-04-09,"cybersecurity aan vendeth, alrdy specialization und veed wayanad",No
163,163,Call < 15 mins,2026-02-09,Sumayya,2.0,No Information,2026-04-09,bsc radiology padich ippoo finance il;ll wrk chyynn//edapppaalll place//direct vernn paranjinndd   2/9//RNP/2/WATSPPP  connected,No
164,164,Call >24Hr,,Ambili,224.0,No Information,,fake aan thonnunn bca graduated nnan prnedh,No
165,165,Call <1Hr,2026-04-09,Rincy,0.0,No Information,2026-06-09,//27n cut aaki poyi//28n rnp///4n rnp,No
166,166,Call <4Hr,,Sumayya,2.0,No Information,2026-02-09,"buzy aannn purth aann//28/8//thirk ann travelling aann//watspp alredy connectedddd
30/8//rnp/2/watsapp no response",No
167,167,Call <4Hr,,Rincy,0.0,No Information,,upayogathil illa enn kanikne//28n rnp,No
168,168,Call <4Hr,,Rincy,10.0,No Information,2026-04-09,//27n bc//28n rnp///1n rnp,No
169,169,Call <4Hr,,Sumayya,0.0,No Information,,rnp/2/rnp/@night alsoo  28/8/rnp/2/   29/8//rnp/2//watsppp also no response,No
170,170,Call <4Hr,,Rincy,0.0,No Information,2026-05-09,"27n rnp//29n rnp,,,..4n avan vtl ila vanniitt vilika enn",No
171,171,Call < 5 mins,2026-04-09,Rincy,66.0,No Information,,Tvm aan veed b tech cs ...6month pitch aaki..alk info parkil job ready aayind ....apo sep 1n join cheyya adh kayinitt tiiming nokeett join cheyyam enn...31n msged..........4n time okke nokeette pattolluu,No
172,172,Call <4Hr,,Sumayya,42.0,No Information,,"cheythitillaa pranjuu//aniyn ind vannitt chioichit vilikkaaa//eveningg cut aaki poiii
28/8//rnp/2//",No
173,173,Call <24Hr,2026-03-09,Ambili,33.0,No Information,2026-04-09,this yr pss kallayi veed,No
174,174,Call <24Hr,,Bridgeon Admin,0.0,No Information,,16n rnp//29n rnp,No
175,175,Call < 5 mins,,Bridgeon Admin,90.0,No Information,,+71567429708..cznk veendi aanenn,No
176,176,Untouched,,Unknown,0.0,No Information,,digital marketing,No
177,177,Call <24Hr,2026-04-09,Rincy,1.0,No Information,2026-02-09,bc//28n rnp///31n rnp///4n rnp,No
178,178,Call >24Hr,,Rincy,0.0,No Information,,"//27n rnp//28n rnp,,,msged",No
179,179,Call < 5 mins,2026-01-09,Sumayya,11.0,No Information,,"thirkka vilikaaann (11 43 vilichu night)
27/8//ignootttt nightt vilivhathh aannn..pinneee  epooo angoottt vilichallmmm avnn thirakkill aannnn         28/8//eduthit cut aakii pokuvvvaaa  1/9//edukkmm cut aakumm",No
180,180,Call < 5 mins,,Bridgeon Admin,27.0,No Information,,details shared///follow up on watspapp//tiruru plavce//kinfra   26/8//vilichuu//buzy anann       27/8//visit verummm,No
181,181,Call <4Hr,2026-02-09,Sumayya,0.0,No Information,2026-04-09,"purathh ann,watsappp chhyyuuu vilikkaa.  27/8//buzy aaannn wrkillaaa//watsappp conncted   28/8///no responseee to calls and msgs  2/9/rnp/2/no msg rply",No
182,182,Call >48Hr,2026-02-09,Rincy,0.0,No Information,2026-08-09,27n incomming  call illa msged.....//28n rnp///2n rnp same,No
183,183,Call <8Hr,2026-02-09,Sumayya,26.0,No Information,,"wrkill annn evning viliko
27/8//online aaaa nokunneee//sutherland lu wrk chyyuvvaannn//",No
184,184,Call >48Hr,2026-01-09,Rincy,22.0,No Information,2026-01-09,//27n rnp..bc aanenn//31n brotherin aanu number ayakam paranju cut aaki....vere nokeettund enn,No
185,185,Call <24Hr,,Sumayya,0.0,No Information,,no incoming watsopp rnp/  no incomingwatsppp rnp no response,No
186,186,Call >72Hr,,Ambili,29.0,No Information,,No Information,No
187,187,Untouched,,Unknown,0.0,No Information,2026-02-09,"Arshida brother ,interested",No
188,188,Call < 5 mins,,Najiya,19.0,No Information,2026-02-09,"she is learn and placed bridgeon,enquiry for brother ansil,9645299269",No
189,189,Call >72Hr,,Ambili,0.0,No Information,,msg ayachedhan,No
190,190,Call >72Hr,2026-03-09,Ambili,292.0,No Information,2026-04-09,"plustwo kazhinja varsham complted aan veed kuttippuram bca ne kurichaan aadhyam chodhichedh, clgl bca kittynd",No
191,191,Call < 5 mins,,Najiya,97.0,No Information,,"he is mathattom,bba 3rd year distance doing,frnd padichu placed ayittund,frnd paranju vilikukayanu",No
192,192,Call < 5 mins,,Bridgeon Admin,0.0,No Information,,buzyaa vilikaa   27/8//cut  aakkii   28/8//calll eduthu plan drop akiii paranju cut aakiii//,No
193,193,Call < 5 mins,,Najiya,92.0,No Information,2026-04-09,"6months pattilla, job kittittund  jobinu kerunnathuvare upskillinu vendi, ,javacourse anu nokunnathu",No
194,194,Call >72Hr,,Bridgeon Admin,152.0,No Information,,wtsp msgd,No
195,195,Call <8Hr,2026-03-09,Ambili,283.0,No Information,2026-04-09,"plustwo science 2 yrs munp cheydhdha, ippo wrkeyyunnund, trading try cheydhind, veed kunnampuram mlprm
intrst und fund aan preshnm",No
196,196,Call <8Hr,,Rincy,0.0,No Information,,////25n rnp//29n rnp,No
197,197,Call <8Hr,2026-03-09,Rincy,0.0,No Information,2026-04-09,online aanenn...ba animation final year aan...malappuram perindhalmanna aan veed nokatte enn...endhayalum nokam enn but next month aavum enn//3N RNP msged,No
198,198,Call <24Hr,,Ambili,47.0,No Information,,No Information,No
199,199,Call <8Hr,2026-03-09,Ambili,0.0,No Information,2026-04-09,"2 yrs munp plstwo ippo  neet repeat cheydh field chng aakn nokkan veed kottakkal,",No
200,200,Call >24Hr,2026-04-09,Rincy,17.0,No Information,2026-05-09,///..25n 2divasam kond paraayam enn//28n rnp...4n bc,No
201,201,Call >48Hr,2026-04-09,Rincy,0.0,No Information,2026-06-09,"2 divasam kond paraya,m enn..b tech electronics......detils shaRED///4n rnp",No
202,202,Call >48Hr,,Rincy,0.0,No Information,2026-02-09,////25n rnp//29n rnp,No
203,203,Call >48Hr,2026-04-09,Rincy,0.0,No Information,,////25n rnp//28n rnp///4n rnp,No
204,204,Call >24Hr,2026-04-09,Rincy,83.0,No Information,2026-08-09,bc////25n rnp//28n msged..cut aaki poyi..alapuzha aan veed....next week parayam enn,No
205,205,Unknown,,Rincy,98.0,No Information,,Bc,No
206,206,Call >48Hr,,Rincy,206.0,No Information,2026-10-09,makank veendeettan makan poli kayinjadhanu kollam aan veed onathunte therakilanenn..kollam aanu veed......9778562098///31n bc aanenn///1n rnp///4n rnp,No
207,207,Call >48Hr,2026-03-09,Rincy,0.0,No Information,2026-07-09,HOUSE WIFE AAN perambra veed vtl choykatte enn paranju//27n rnp//28n rnp///31n rnp//3N RNP,No
208,208,Call < 5 mins,2026-04-09,Rincy,12.0,No Information,2026-09-09,Cs engineering final year ///24n rnp////25n rnp//28n rnp..4n prashnathilaan,No
209,209,Call >48Hr,,Rincy,0.0,No Information,,////25n rnp//29n rnp,Yes
210,210,Call >24Hr,2026-02-09,Sumayya,760.0,No Information,2026-04-09,"buzyyzaaaa vilikkaa  27/8//rnp/2// rnp/@nightt no watsapppp  28/8//rnp/2//no watsppp
29/8//rnp/2  2/9/rnp/2//",No
211,211,Call < 5 mins,,Rincy,0.0,No Information,,Rnp////25n rnp//29n rnp,No
212,212,Call >72Hr,2026-04-09,Rincy,16.0,No Information,2026-07-09,////25n rnp..bc..27n work cheyyuvan travels..thiruvanandhapuram....age 33..online pitch aakeend nokatte enn//28n rnp..time veenam enn///4n palleelan,No
213,213,Call >24Hr,,Ambili,2.0,No Information,,No Information,No
214,214,Call >24Hr,,Bridgeon Admin,181.0,No Information,,"mca kayinjuu//online aann nokunneee,,alappyy aann place now in hyderabad
24/8//rnp/2//wwatsapp connected  27/8//hospitiilizedd aannn",No
215,215,Call >48Hr,,Rincy,0.0,No Information,,///24n rnp////25n rnp//29n rnp,No
216,216,Call >72Hr,,Rincy,0.0,No Information,2026-05-09,"////25n rnp.............28n 10 years experiencce ..age 31,,,.....msged",No
217,217,Call >24Hr,,Bridgeon Admin,31.0,No Information,,buzy aannn,No
218,218,Call >48Hr,,Ambili,102.0,No Information,,plustwo kazhinja varsham cyber security padich drop aakki veed tvm,No
219,219,Call >72Hr,,Rincy,23.0,No Information,,bc............,No
220,220,Call >72Hr,,Rincy,20.0,No Information,,////25n rnp//29n pinne vilikan,No
221,221,Call <8Hr,,Rincy,238.0,No Information,,Rnp....plus 2 fail Thrissur aan veed ok aan ...urgency nannayit ittu ..set aaki,No
222,222,Call <24Hr,,Rincy,15.0,No Information,,Aal.vtl illa///24n rnp,No
223,223,Call >72Hr,,Rincy,426.0,No Information,,whats app illa ////25n rnp..29n diploma it ...thodupuzha...........9746489576..........nokatte nale parayam enn,No
224,224,Call >72Hr,2026-01-09,Rincy,136.0,No Information,,"////25n rnp,...26n",No
225,225,Call <24Hr,2026-03-09,Rincy,6.0,No Information,2026-05-09,Plus 2 age 23 bangalore travels work cheyyaan thrissur...24n rnp///24n bc aanu////25n rnp//27n rnp//28n rnp//3N RNP,No
226,226,Call <24Hr,2026-04-09,Rincy,15.0,No Information,2026-08-09,Bc aanu///24n bc////25n msg ayach parayam enn..28n dierect varam kochik next week///4n.....bc aanenn,No
227,227,Call >48Hr,,Ambili,0.0,No Information,,No Information,No
228,228,Call <24Hr,,Rincy,35.0,No Information,2026-10-09,Just kandapo nokiyadha bangalore aan padiche appo avde thanne kittaa veendeettan///24n 1 month kayinjit nokan veendeetan,No
229,229,Call >72Hr,,Rincy,26.0,No Information,,No Information,No
230,230,Call >72Hr,2026-04-09,Rincy,0.0,No Information,2026-08-09,bc//28n rnp///2n rnp///4n rnp,No
231,231,Call >72Hr,,Rincy,0.0,No Information,,////25n rnp//29n rnp,No
232,232,Untouched,,Rincy,0.0,No Information,2026-03-09,Incoming call ila////25n rnp same//29n rnp,No
233,233,Call >48Hr,2026-03-09,Ambili,6.0,No Information,2026-04-09,"mern aan nokkunnedh, veed kuttikkattur, mern aan nokkunnedh 24 mnkv hub visiteyyum",No
234,234,Call <24Hr,2026-01-09,Rincy,17.0,No Information,,Rnp///25n msg ayakan paranju//27n rnp......1n nokunilla,No
235,235,Call <24Hr,,Rincy,41.0,No Information,,Onnum parayand cut aki///24n rnp////25n rnp,No
236,236,Unknown,2026-01-09,Rincy,0.0,No Information,2026-07-09,Incomming call illa ///24n rnp same//28n rnp///1n rnp same,No
237,237,Call <24Hr,,Rincy,26.0,No Information,,Rnp,No
238,238,Call >24Hr,,Rincy,0.0,No Information,,Rnp////25n rnp//29n rnp,No
239,239,Call <4Hr,,Ambili,47.0,No Information,,already data analytics padichehdan ippo placementaan nokunnedh,No
240,240,Untouched,,Ambili,205.0,No Information,,No Information,No
241,241,Call <4Hr,2026-04-09,Rincy,51.0,No Information,2026-08-09,"bc aanu ,...palakad aan plus 2 kayinju  nokatte enn//27n rnp///4n rnp",No
242,242,Call >72Hr,2026-03-09,Ambili,28.0,No Information,,plustwo humanities e varsham kazhinjehdan veed vandur oru idea illatha aalkkar aan,No
243,243,Call <8Hr,2026-01-09,Rincy,11.0,No Information,,bridgeon keettappo cut aaki///24n rnp//25n cut aaki///1n nokunnilla,No
244,244,Call <8Hr,2026-04-09,Rincy,0.0,No Information,2026-02-09,bc///24n rnp//27n rnp///31n rnp///4n rnp,No
245,245,Call <8Hr,,Rincy,0.0,No Information,,//21n rnp..whats app illa,No
246,246,Call >72Hr,2026-02-09,Sumayya,43.0,No Information,,//21n rnp....msg ayachu intrest illa enn  28/8//call not connected,No
247,247,Call <8Hr,,Rincy,0.0,No Information,2026-05-09,dgree...jearnolsm ....online ayit nokeedha.........verdhe sherikk parayand nokeett paraya paranj poyi///24n bc//28n rnp.......31n incoming call illa,No
248,248,Call <8Hr,,Rincy,0.0,No Information,,//21n rnp////25n rnp//29n rnp,No
249,249,Call <4Hr,,Rincy,1453.0,No Information,,work cheydhondirikan age 28....digital marketer aayit work cheyyuvan............institute aan,No
250,250,Call <4Hr,,Rincy,13.0,No Information,,house wife plus 2 kayinju.....age 28....kozhikode atholi....,No
251,251,Call < 45 mins,,Bridgeon Admin,57.0,No Information,,project cheydh kodkkonn ariyan aan,No
252,252,Call <8Hr,,Rincy,41.0,No Information,,No Information,No
253,253,Call <4Hr,2026-04-09,Rincy,0.0,No Information,2026-07-09,21n bc aan pinne vilikam///24n onnum paranjilla...25n msged//28n rnp///4n rnp,No
254,254,Call < 45 mins,,Sumayya,26.0,No Information,,rnp/4///watssapp connected  21/8/rnp/2/watsapp no response   28/8//rnp/2,No
255,255,Call <24Hr,2026-04-09,Rincy,13.0,No Information,,"job driver aanu......chalakkudi.....
online aan nokunne.......22n rnp..24n german language padikan povan tta//28n rnp",No
256,256,Call < 5 mins,2026-01-09,Sumayya,0.0,No Information,2026-04-09,"tamill aannn,,goodallurr place//+2 kayinju//degree banglore university keri but set aayillaa naattill ethiiii//1 year leekkk oru course nokunnathhaa  
24/8//rnp/2/  28/8/rnpp/2/wawtspp no response  1/9/rnp/2",No
257,257,Call <4Hr,,Sumayya,33.0,No Information,,No Information,No
258,258,Call <4Hr,2026-01-09,Rincy,42.0,No Information,2026-04-09,porathan bc aan..//2020 plus 2 illa.........age.23.........university aan veed.......just nokreedha endhann kooodi oru bodham illa////25n rnp///1n rnp,No
259,259,Call < 5 mins,,Ambili,0.0,No Information,,No Information,No
260,260,Call < 5 mins,,Ambili,5.0,No Information,,bca e varsham kazhinjedhan,No
261,261,Call <24Hr,2026-02-09,Sumayya,0.0,No Information,2026-04-09,"marrried aannn//2years ullaa kuttyy indd//distance aayit degree padikuvvaa//mannarkkad aaann place//details shared//online  25/8/call bnot connected
28/8//online aayoond husbnd nu ok allaa//husbnd connect akn pranjindd nokka    29/rnp/2/watspp connected",No
262,262,Call >24Hr,,Bridgeon Admin,1237.0,No Information,,"kannur aan veed, e vasrhma bca kazhinjedh, after septmbr batch madhi",No
263,263,Call <4Hr,,Ambili,46.0,No Information,,"dgre kazhinjitt ippo medical coding wrkeyyan, verdhe irunnappo kodthedhan",No
264,264,Call < 45 mins,,Ambili,4.0,No Information,,call povunnilla wtspil msgd,No
265,265,Call < 5 mins,,Najiya,33.0,No Information,,No Information,No
266,266,Call <8Hr,,Rincy,0.0,No Information,2026-08-09,cznk veendi aan ok aan ...21n msged no rply///24n rnp///1n rnp,No
267,267,Call <24Hr,,Ambili,169.0,No Information,2026-01-09,already wrking in software dvlpmnr,No
268,268,Call <24Hr,,Rincy,12.0,No Information,,///20N RNNP.///21 rnp......25n onathinte therakilanenn,No
269,269,Call >72Hr,,Bridgeon Admin,228.0,No Information,2026-04-09,mca kayinju frndinte phonel ninnaan viliche///24n  choychit parayam enn//27n nattil illa thonnun vilichitt edknilla///1n msged,No
270,270,Call <24Hr,2026-04-09,Rincy,21.0,No Information,2026-07-09,dierect varam enn........pulikkal aan veed....24n thursday povam enn...........therakilan parayam enn//29n rnp///4n rnp,No
271,271,Call <24Hr,,Sumayya,36.0,No Information,,"wrking aaa,sales  ill aann//bcom  2024-supply ind niraye//thrissuru//
21/8//thirakkaaaannn..",No
272,272,Call < 5 mins,,Bridgeon Admin,0.0,No Information,2026-05-09,//..19n rnp///20N RNNP////25n rnp//29n rnp,No
273,273,Call >72Hr,,Bridgeon Admin,366.0,No Information,2026-04-09,mca.........pantheerankav...aan veed...nokatte just aryan veendi ..24n incomming call illa//27n rnp//28n rnp,No
274,274,Call <24Hr,,Rincy,13.0,No Information,,"bc...thirur,,,msc stastics....msg ayakan////25n intrest illa enn",No
275,275,Call < 5 mins,,Najiya,0.0,No Information,2026-04-09,No Information,No
276,276,Call <4Hr,,Ambili,0.0,No Information,,No Information,No
277,277,Call <4Hr,2026-02-09,Sumayya,0.0,No Information,2026-04-09,"bsc maths kayinju 2026 ill 2paper ind supplly//kuttichira caklicut aannn place...septembr 2nsd batch aannn nokunneee  21/8/rnp/2/watsapp connected//   27/8//buzyy anann
2/9//rnp/2/wartsapp connected",No
278,278,Call < 5 mins,,Najiya,14.0,No Information,,"yasin frnd ,inform later",No
279,279,Call >24Hr,,Najiya,0.0,No Information,,"mern stack learn in broro 2024,now mean stack interesteed 2 daysnullil parayam,saturday visit office",Yes
280,280,Call >24Hr,,Rincy,94.0,No Information,,///20N RNNP//21n job nokedahn,No
281,281,Call <24Hr,,Sumayya,17.0,No Information,,rnp/2/rnp night  21/8//bcom kayinjy 3 years ayii/ipoo druiver aannn//nalla oru job aann nokunnee//kannur  iruttii aann place.//  24/8//rnp/2//watsrapp conncted  28/8//purthh annn vilikkaaa,No
282,282,Call < 5 mins,,Najiya,3.0,No Information,2026-05-09,"enquiry  for duaghter ,she is plustwo computer science",No
283,283,Call <4Hr,,Bridgeon Admin,23.0,No Information,,brotherin veendi aan hub visit aaki ok aan cybrosis work cheydha aalan ..........plus 2 fail aan english subil.....sir vilich korch time edukkum ennn....................... 28n msg ayakkunnund,No
284,284,Call < 45 mins,2026-04-09,Rincy,0.0,No Information,2026-08-09,//..19n rnp//..19n rnp msged///20N RNNP///24n rnp//28n rnp///4n rnp,No
285,285,Call <8Hr,,Sumayya,101.0,No Information,2026-04-09,urakkmm annn///  21/8//reduthu cut aakii pooi//then rnpp  25/8//buzy aann watspp chyuu//   28/8//avn accounting and opertaions wrkllaannn///fulll buzyyyy //wataspppp annn convinienet ayitullathh,No
286,286,Call >24Hr,,Ambili,349.0,No Information,,"plustwo science aan veed kondotty czns ivde hubil vannirunnu, food technology anyeshich vannedhan aalkk IT athra intrst illa",No
287,287,Call >72Hr,,Bridgeon Admin,297.0,No Information,,No Information,No
288,288,Call < 15 mins,,Rincy,0.0,No Information,2026-07-09,"6238353862.....whats app number................brother aan vilikkunne...ernakulam b tech final year aaanu .........
..24n msg ayachu//27n rnp....next week ......povunnund dierect",No
289,289,Call <24Hr,,Sumayya,26.0,No Information,,No Information,No
290,290,Call <4Hr,,Rincy,38.0,No Information,,call idth cut aaki//..19n rnp///20N RNNP///24n rnp////25n rnp///31n rnp,No
291,291,Call <24Hr,,Sumayya,122.0,No Information,,10 qualified/after that he worked as a graphic designer and now 19 years old/palakd ottapplam//kochi aann nokunnee,No
292,292,Call < 5 mins,,Najiya,0.0,No Information,2026-05-09,No Information,No
293,293,Call < 5 mins,,Najiya,0.0,No Information,,No Information,No
294,294,Call <24Hr,,Bridgeon Admin,247.0,No Information,,"Political science kayinju.. Manjerii ann  nokunnee
19/8//vtl etheett vilika  21/8//6 months  nte pattulluuu avannn//karym paranjitundd//nokkamm   27/8/long term vndaa avnnn//shoort term nokkulluu//",No
295,295,Call < 5 mins,,Sumayya,73.0,No Information,,"buzzy calll tmrw
20/8//details shared//diploma cheythu wrk cheyyindd//calicut thamarashheri aanna place//finncill problms inddd//job break chynn patillaa  familyy suppoort illaaa///28/8//scholarshipp nokkanmmm  allnndd vere vazhi illaaaa",No
296,296,Call < 5 mins,,Bridgeon Admin,379.0,No Information,,"rnp/3
19/8/bridgenn nnu vilichitund details kittyy paranju vechu call",No
297,297,Call >48Hr,,Bridgeon Admin,34.0,No Information,2026-02-09,Bsc food technology kaylllnnnjiu  21/8//switched offf//  27/8buzy aannnn//mankkaavv ann nokunnee  28/8//nala uchyk vilikkaa//  31/8/thirakkkilaa vilikkaa,No
298,298,Untouched,,Unknown,0.0,No Information,,calll tmrw buzy,No
299,299,Call <24Hr,,Ambili,9.0,No Information,,wtspilaan respond cheyyunnedh adhenne proper aaitt parayunnilla,No
300,300,Call < 5 mins,,Najiya,1.0,No Information,2026-05-09,Athulya b37,No
301,301,Call <24Hr,2026-02-09,Sumayya,0.0,No Information,2026-05-09,"btech cs ahnu 6 month ahnu nokkunnath 60+gst +rent//permbera aann place//mankaavv aaayirikmm nokkunnathhh  21/8//watsappp connectedd  27/8//rnp/2/
2/9//RNP/2//WATSAPP CONNECTED",No
302,302,Call >72Hr,,Rincy,61.0,No Information,,"bca foundation pitcheddd../mangalapuramm//
20/8/fee kooduthll aannn",No
303,303,Call <24Hr,,Sumayya,8.0,No Information,,No Information,No
304,304,Call <24Hr,,Sumayya,28.0,No Information,,No Information,No
305,305,Call <4Hr,,Rincy,51.0,No Information,,///18n rnp ///////20n cheydhittilla enn,No
306,306,Call <1Hr,,Bridgeon Admin,656.0,No Information,,plus 2 kayinju thrissue aan veed,No
307,307,Call >72Hr,,Rincy,30.0,No Information,,fasilinte frnd....////25n nokunnilla,No
308,308,Call <4Hr,,Sumayya,80.0,No Information,2026-06-09,plustwo kayinju 4 year aayi//mnjeri aduth aaann areekodeee//   19/8//calledd//buzy ayond visit akann pateetillaaa//next weekkk chymm  27/8/naattill illaaa//etheett visirrt chyymm    3/9/rnp/2/,No
309,309,Call < 5 mins,,Rincy,71.0,No Information,,///18n rnp//..19n aal vtl illa enn///20N RNNP,No
310,310,Call <4Hr,,Sumayya,0.0,No Information,2026-05-09,"manjerii aannn nokunnee//plus two kayinjthhaaa//
19/8//thrikkaa vilikkammm//21/8// avn swanthamayit oru paripadi chyynn so tym edukkmm next month leeekk onn free avullluu  31/8/visit chythuuu  3/9//rnp/2//",No
311,311,Untouched,,Unknown,0.0,No Information,2027-02-01,"ippoo plus two padichond nikkaann//details initilallyy ullth paranjj evening onnudi viliknm
18/8//details okkeee shared aaannn//january ill aayirikmm hub visit okkee cheyyaa",No
312,312,Call >24Hr,,Ambili,0.0,No Information,,No Information,No
313,313,Call < 5 mins,,Ambili,37.0,No Information,,No Information,No
314,314,Call < 5 mins,,Bridgeon Admin,131.0,No Information,,No Information,No
315,315,Call >24Hr,,Rincy,32.0,No Information,,monk veendi aan mon vtl illa vannitt vilikam enn///20n cybersecurity aan nokunnee,No
316,316,Unknown,2026-02-09,Sumayya,149.0,No Information,,"avodha yill padichathannn but confident to attend interviews from that knowledge///nebidhinm kayinjitt ivdenn review attend aakitt nokkamm
2/9/bro nte marrige karyghl aayitt thirkk annnn",No
317,317,Call < 5 mins,,Sumayya,2.0,No Information,2026-02-09,"sept first batchh nokkannaannn
24/8//rnp/2/  27/8//fu;ll noice and cut aakiii call    31/8//rnp/2/",No
318,318,Call <24Hr,,Najiya,0.0,No Information,2026-04-09,No Information,No
319,319,Call < 5 mins,,Najiya,9.0,No Information,,No Information,No
320,320,Call <4Hr,2026-02-09,Sumayya,0.0,No Information,2026-05-09,"rnp/2/ bcom  kayinjjuu//supply ind//vykomm aann placee///mg univerisityy aannn//
19/8//rnp/2/
27/8//rnp/2//watsapp connect4ed
2?9//rnp/2/",No
321,321,Call >24Hr,,Ambili,23.0,No Information,,No Information,No
322,322,Call <24Hr,,Najiya,0.0,No Information,2026-05-09,cloud computing enquiry,No
323,323,Call >48Hr,,Ambili,0.0,No Information,,"wtsp msgd, plstwo humanities, veed tirur, kochi aan nokkunnedh vtl samsariknm",No
324,324,Call <4Hr,,Ambili,0.0,No Information,,"veed wayanad plustwo 2022, nokkitt paraym",No
325,325,Call < 5 mins,,Bridgeon Admin,731.0,No Information,,"2025 passout python alrdy padichind, ippo ai engnrng aan chodhikkunnedh, veed calicut",No
326,326,Call >24Hr,2026-04-09,Rincy,11.0,No Information,2026-07-09,work cheyyunnu fashion desighner..///20N bc...24n vtl illaa////25n bc///31n onnum keelkand cut aaki///4n bc,No
327,327,Call <8Hr,2026-02-09,Sumayya,0.0,No Information,2026-05-09,"rnp/3
18/8//makann vndi nokkiyatha,,bsc computer sciencee//palkkad vandaayi//  21/8/purthh aannn vtl etheetttt vilikkaamm  27/8//rnp/2/   2/9//rnp//but called from another number makan onnmm parayunnillaaaa//feee change aayathh okkee paranjuu",No
328,328,Call <24Hr,,Sumayya,0.0,No Information,,"rnp/3/    19/8/rnp/2  20/8//rnp/1/eduthit cut aakii/2/   21/8/rnp/2/watsapp comnnected
28/8//rnp/2/watspp connected",No
329,329,Call <24Hr,,Sumayya,35.0,No Information,,rnp/3/,No
330,330,Call >48Hr,,Sumayya,195.0,No Information,2026-04-09,"bcom computer application layinjatha//chelaaari ullathh annn//
18/8//nokkit vilikkaammm// 25/8//parents aayiit discuss cheyynmm  31/8/parayaam parayannn parayunnulluu",No
331,331,Call < 5 mins,,Bridgeon Admin,281.0,No Information,,"mtech kayinjathh..palarivattom place
19/8/rnp/2/",No
332,332,Call < 5 mins,2026-03-09,Ambili,205.0,No Information,2026-05-09,"bnglore aan padichedh, datascience aan chodhichedh",No
333,333,Call <4Hr,,Ambili,1.0,No Information,,No Information,No
334,334,Call < 30 mins,,Najiya,0.0,No Information,,"interested cloud course,visited hub ,inform within two days",No
335,335,Call < 5 mins,,Najiya,200.0,No Information,,10th,No
336,336,Call < 5 mins,,Najiya,44.0,No Information,,No Information,No
337,337,Call >48Hr,,Bridgeon Admin,427.0,No Information,,"details prj koduthind, online aan vendeth prnj details chodhichind",No
338,338,Call < 15 mins,2026-03-09,Sumayya,2.0,No Information,2026-06-09,"bca kayinj one year gap ind//papers um inderrnnuu//ipoo elllmm clear aaannn vykom aann place
19/8//avn ippoo vytila avde wrking aannn so naatil poyitee vtl samsariknn okullluuu//maybe hub visit cheyiindaavumm  28/8//wrkkllaa vilikaa   3/9//rnp/2/",No
339,339,Call <24Hr,,Sumayya,0.0,No Information,,"rnp/2/thirk ayond vechu//+2science 2 sub failed
19/8/buzyy aann vilikkaa  21/8//rnp/2//wtaspp connectwed//  25/8/rnp/22/watspp no  response  28/8/rnp/2",No
340,340,Call <24Hr,,Ambili,0.0,No Information,,No Information,No
341,341,Call <24Hr,,Sumayya,131.0,No Information,,"rnp/2
+2kayinju 3 year kayinjuu//ippooo online aayitt degree cheyyinddd//perumannaa calicutt//  21/8/fund isssue indd athoondaa late aaakunneee//    28/8//rnp/2/vilichuu januaryy keraammm ippooo fiund issuueee indd athonndd annnn",No
342,342,Call <24Hr,,Sumayya,0.0,No Information,,rnp/3  20/8//rnp/2//watsapp connected 28/8//rnp/2//  29/8//rnp/2/watspp no response,No
343,343,Call <24Hr,,Ambili,482.0,No Information,,No Information,No
344,344,Call < 5 mins,,Bridgeon Admin,415.0,No Information,,No Information,No
345,345,Call < 5 mins,2026-02-09,Sumayya,20.0,No Information,,"Thirakka paranju vechh//
NETWORKING COURSE AA NOKKUNNEEE//
18/8/8UDAYIPP ULLATHH POLEE.SEEMS LIKE INSTITUITION   21/8//purathhaa vilikaa
25/8//networking maathre nokkkunulluuuu",No
346,346,Call >24Hr,,Sumayya,74.0,No Information,,"+2kayinjathaaa//wayanad aanann place//degree oppam nokkinddd   20/8//rnp/2/
27/8//rnp/2",No
347,347,Call >24Hr,2026-02-09,Sumayya,0.0,No Information,2026-04-09,"rnp/ on watsappp//no incoming
19/8//btech kayinja makan vndi nokunnathaaa///no calls attending onlty msging
24/8/no incoming//watspp rnp/msged          28/8//noo responnsess     2/9//no incoming//watsapp connectwd",No
348,348,Call >48Hr,,Bridgeon Admin,0.0,No Information,,"Bca katinjuu... Oru jada type thirk ayond vechhh
18/8//RNP/2/",Yes
349,349,Call < 5 mins,,Najiya,23.0,No Information,,No Information,No
350,350,Call >24Hr,,Rincy,27.0,No Information,,oru pottannn annn//btech mech kayinjatha//it course aannn paranjappooo cut aakii poiiii//..19n rnp///20N nokkunnilla,No
351,351,Call <4Hr,,Sumayya,83.0,No Information,2026-02-09,"manjeri ku aduthaaa//plus two kayinjathaa//2 months kayinj keranaa
19/8//vtll fund nte issues inddd//nokkkateenna parayunee//scholarshipp",No
352,352,Call >24Hr,,Sumayya,35.0,No Information,,"makann vndii nokkiythaa//plus two fail aann/
18/8//feee koooduthhll  annennnaa  parayunnee.nokit vikkika  25/8/rnp/2/",No
353,353,Call >24Hr,,Sumayya,0.0,No Information,,rnp/2   20/8/rnp/2/watsapp connecetdd  21/8/rnp/2watspp no  responsee,No
354,354,Call < 5 mins,,Najiya,0.0,No Information,,No Information,No
355,355,Call < 5 mins,,Najiya,7.0,No Information,,No Information,No
356,356,Call < 5 mins,,Najiya,0.0,No Information,,No Information,Yes
357,357,Call < 5 mins,,Najiya,0.0,No Information,,No Information,No
358,358,Call >24Hr,,Sumayya,0.0,No Information,,rnp//2   calledd buzyy wrkingg//20/8//rnp/2/wattspp connecteed  21/8/rnp/2/watspp no rresponse    27/8//rnp/2watspp non rresponse   29/8//rnp/2//watspp no response,No
359,359,Call >24Hr,,Sumayya,122.0,No Information,2026-01-09,details shared but noyt active vallyya intrest illatha reeethikaa samsarichee//koduvlliiaann plce  20/8//buzyy annn vilikkaammm  28/8/wrking aann i[ppoo logistics nte banglr ill/online ann plan cheyunnnee//vallyyaa intrest onnumillaa  verthee nokkiythhaann parayind //,No
360,360,Call >24Hr,,Sumayya,0.0,No Information,,buzy/2/   20/8//no ring only saying buzy/3/watspp connected   21/8/same situationn/no responsee on watsappp  28/8/rnp/2   29/8//rn[p buzy no response oon wwatsappp,No
361,361,Call >72Hr,2026-03-09,Rincy,17.0,No Information,,"watsapp chytho//thirajkkka cut cheyth
19/8//rnp/1//then atteendeed and name paranjathum cut aaki pooii/2/   21/8//etha nookiythennn oolkk thenne ariyillaa//  27/8/edukummm cut aaakumm  29/8//edukkumm cut aakummm",No
362,362,Call >72Hr,,Sumayya,28.0,No Information,,"rnp/2  20/8//makan aayirikmm nokkiyath...ammma purth aannn,vtl ethet vilikaaamm
24/8//plann maattii nokkunnnillaaa",No
363,363,Call >24Hr,2026-04-09,Ambili,0.0,No Information,,"bnglore padichedhan sidhrthinte frndaan, bca e yr kazhinjedh",No
364,364,Call <4Hr,,Rincy,0.0,No Information,,"//15n rnp//..19n rnp
///24n rnp//29n rnp",No
365,365,Call <4Hr,2026-04-09,Ambili,7.0,No Information,2026-07-09,"details shared, vdo ayachal madhi",No
366,366,Call < 45 mins,,Sumayya,0.0,No Information,,"meetinglaa vilikaa
17/8/intrest illnd samsarikaaa//detils arinju vech poi   21/8//instituitiion aaannnn  28/8//rnp to buzy/2/watsppp connected",No
367,367,Untouched,,Unknown,0.0,No Information,,No Information,No
368,368,Call < 5 mins,,Sumayya,204.0,No Information,,No Information,No
369,369,Call < 5 mins,,Sumayya,3.0,No Information,,"bca kayinju kaanuurr annn butskilll onnmm illaa///foundation pitched 17/8/RNP// 18/8/RNP/2  20/8////rnicy calledd nala oru decision parayyaa  21/8//rnp/   25/8/rnp/2/
29/8//rnp/2//",No
370,370,Call >72Hr,,Bridgeon Admin,307.0,No Information,,"robotatics ai illl wrking aayirunnuu banglr ill///malpprm ann place ippoo upskill chynn vndii aann nokunnee//2025 ill annn padich kayinjath
19/8/no incoming..no waatsappp",No
371,371,Call <4Hr,,Ambili,0.0,No Information,,No Information,No
372,372,Call <4Hr,,Rincy,724.0,No Information,,bc...........aal vtl illa........umma number 9037366855.............b com kayinju..medical coding kayinj........palakad  age 23....///..19n...intrest illa enn paranju,No
373,373,Call < 5 mins,2026-04-09,Rincy,0.0,No Information,2026-02-09,//15n rnp///18n rnp//..19n rnp///24n rnp..25n bc aanenn//27n rnp///4n rnp,No
374,374,Call >72Hr,,Rincy,0.0,No Information,,ajeeshinte frnd already working person aanu...........online...timing okke noki set aakan und//25n rnp///31n rnp....ajeesh msg ayacu,No
375,375,Call < 5 mins,,Bridgeon Admin,0.0,No Information,,"dot net...upskill cheyyaan veendeetaan.....kondotty...........
online aan nokunne.......viswa m nayachusg///19n bc aanu///24n rnp///25n  msged//28n rnp.........oru project cheyyan kodth ok set aayit nokam enn",Yes
376,376,Untouched,,Unknown,0.0,No Information,,No Information,No
377,377,Call <4Hr,2026-04-09,Rincy,28.0,No Information,2026-10-09,///15n rnp//..19n rnp.....20n onnum keekand ............nokeett parayam enn//29n rnp///4n rnp,No
378,378,Call <8Hr,,Sumayya,16.0,No Information,,"bca kayinjatha mysore st philomina ill///makane kond vilipikaamm
18//8/MAKAN STHALATH ILLAA///SO NOKIT PARAYAA  21/8/rnp/2/watsapp connected",No
379,379,Call <4Hr,,Rincy,0.0,No Information,,"///15n rnp,,,,,,,,,,,brotherin veendi aanu//brottherin thalparyam illa thonnunu enn paranju",No
380,380,Call <4Hr,,Rincy,37.0,No Information,2026-06-09,///15n bc aanu.....mca...kayinju...edukki...........20N vilikam enn paranju................22n vilika paranju cut aaki//27n rnp..28n parayaam enn,No
381,381,Call <24Hr,2026-04-09,Rincy,0.0,No Information,2026-03-09,bc aanu///18n rnp//..19n rnp////25n rnp//28n rnp///4n rnp,No
382,382,Call <24Hr,,Sumayya,0.0,No Information,,"rnp/2/
15/8//called backk//kaaryhglll samsarichittunndd//online aann nokunnee//bcom ippoo gems clg illl cheyyuvaann//1year gap ind//1year shop ill wrk    
17/8//rnp/ but msged buzyy    20/8//rnp//same msg call later      27/8//rnp/2",No
383,383,Call <24Hr,,Rincy,47.0,No Information,,///15n rnp//15n rnp//..19n rnp///24n vtl illa......25n call cut aaki poyi,No
384,384,Call <24Hr,,Sumayya,13.0,No Information,2026-04-09,"achan nte aduth annn samsarichee ini makann vilichollmm paranju vechuu
20/9//rnp/2/  27/8//makanumayit samsarichitillaaa//paryaamm  29/8//hospitilized aannnn",No
385,385,Call <24Hr,,Rincy,105.0,No Information,,///15n rnp.............oru kutty nd 5 masam offline thanne veenam but timing set aavoola,No
386,386,Call <24Hr,2026-04-09,Rincy,0.0,No Information,2026-08-09,"///15n rnp,..bca kayinj perumbavoor...///18n rnp//..19n rnp///21n rnp.............24n makank veendi aan//28n rnp///4n rnp",No
387,387,Call <24Hr,2026-04-09,Rincy,23.0,No Information,2026-07-09,plus 2 humanities.......velimukk.......monday hub visit aakam enn..18N hub visit aaka paranju........[pinne varam enn.....25n msged//27n inn pattilla kallyanam indennv//28n rnp///4n  bc aanu,No
388,388,Call >72Hr,2026-04-09,Rincy,0.0,No Information,2026-09-09,"belll ring and buzyy   rnp@evening
17/8//ummaaa hsptl aannn vtl aannn makan vtl etheett vilikkaamm   20/8//rnp/2//watssppp connected////25n avan vtl illa enn//27n rnp///4n rnp",No
389,389,Call <24Hr,,Rincy,17.0,No Information,,///15n rnp,No
390,390,Call <24Hr,,Sumayya,0.0,No Information,2026-07-09,switchedd offf///switchedd offf @eveningg too    20/8//switchedd offf//watsappp connecteddd//abroad annn so no  calls..only msgs//but not responding well   24/8//same situation   27/8//same situationnn no responsee  29/8//rnp on watsapp/msgs seenn aakindd no response to cakllls and msgs  4/9//rnp on wattsaappp no response,No
391,391,Call <24Hr,,Rincy,34.0,No Information,,onnum parayan sammaycheella ...........fee choych evdeyokkend..........................pinne vilika pparanj poyi//..19n rnp,No
392,392,Call <24Hr,,Sumayya,10.0,No Information,,No Information,No
393,393,Call < 5 mins,,Bridgeon Admin,8.0,No Information,,"plstwo this yr failed in 2sbjcts commerce aairnn, veed tirur,",No
394,394,Call <24Hr,,Rincy,134.0,No Information,,No Information,No
395,395,Call < 5 mins,,Rincy,21.0,No Information,,///18n rnp//..19n rnp,No
396,396,Untouched,,Unknown,0.0,No Information,,No Information,No
397,397,Call < 5 mins,,Ambili,28.0,No Information,,2 subjct s in plstwo failed aan tvm aan veed makan venditt parent enquiry aan,No
398,398,Untouched,,Unknown,0.0,No Information,,No Information,No
399,399,Call >72Hr,,Rincy,7.0,No Information,2026-04-09,///18n rnp//..19n rnp...20n bc///24n nokatte enn...25n rnp//28n rnp,No
400,400,Call >72Hr,2026-04-09,Rincy,0.0,No Information,,///18n rnp.......nokatte enn///20N RNNP///24n rnp//28n rnp///4n rnp,No
401,401,Call <24Hr,,Sumayya,24.0,No Information,,buzyy,No
402,402,Call < 5 mins,2026-01-09,Rincy,0.0,No Information,2026-07-09,b com kayinju////19n nokatte enn///24n rnp//27n rnp///1n rnp,No
403,403,Call < 45 mins,,Ambili,74.0,No Information,,bcom e varsham kazhinju data analytics aan nokkunnedh,No
404,404,Call < 5 mins,,Ambili,0.0,No Information,2026-02-09,"pandikkad veed neet repeat cheydhedhan 2 yrs, it fieldne kurich oru ideam illa",No
405,405,Call < 5 mins,,Ambili,38.0,No Information,,ADTHA varshathekkan prnju call cut aakki,No
406,406,Call <24Hr,,Sumayya,14.0,No Information,,"rnp/2/ 20/8//rnp/2//watsapp connected   21/8//buzy aann/watsapp connected
27/8//no incomingg//watsappp connected  buyt no response 29/8//wrkill buzy annn",No
407,407,Call <8Hr,,Sumayya,486.0,No Information,,"plustwo fail aan, 2 subjectil, veed tirur, brotol 10 days attnd cheydhind prnju, sumayyente phonelnn vilichu",No
408,408,Call >72Hr,,Sumayya,72.0,No Information,,institution aannennn doubt indd//+2 kayinjjj 1 year aaccounting course padich,No
409,409,Call <4Hr,,Rincy,28.0,No Information,,//14n rnp...msged///18n rnp..//19 n ippo nokunnilla...3 months kayinjitt,No
410,410,Call <24Hr,2026-04-09,Rincy,0.0,No Information,2026-09-09,"bc../18n kochin aan nokunne onam kayinjit ulla batch..............40000 +gst paranj kodth 6 month course anenn,,,...19n msged///20N..vtl illa veettil etheett parayam enn///24n rnp//27n anneeshikanam enn///4n rnp",No
411,411,Call < 45 mins,,Sumayya,58.0,No Information,,"+2commerce then cma usa padichu ciompleted but no chance to won ex,mm so he chooosee it as career//manjerikurch aduth aaannnn avnnn//degere distance aayit chyyindd//",No
412,412,Call < 5 mins,,Najiya,28.0,No Information,,job anu nokunnathu,No
413,413,Untouched,,Unknown,0.0,No Information,,No Information,No
414,414,Call >72Hr,,Sumayya,0.0,No Information,,"DUBAILL AANN///WATSAPPP THROUGH CONTACTINGG//msgingg onlyy
19/8/no reesponsee  21//watsppp no respojnseee  24/8/rnp on wattsppp//msg no reply
27/8//same situationn no responseee",No
415,415,Call <24Hr,,Ambili,33.0,No Information,,"details shared 15//8called patymnt chynm
17//8//noo response  20//8//edukunnuuu cut aaakunnuuu  /1/rnp/2/
25/8//rnp/2",No
416,416,Call <24Hr,,Sumayya,0.0,No Information,,rnp/3  20/8//rnp/2//watsapppp connected  21/8//rnp/2/no responsses in watsappp,No
417,417,Call < 5 mins,,Sumayya,0.0,No Information,,"degreee  onlin e3rd year aayii//kochi vipin aann place//
15/8/rnp/2/  19/8//rnp/2/    24/8/rnp/2/no response on watsapp   28/8//no responseee",No
418,418,Call < 5 mins,,Sumayya,0.0,No Information,,"33years old//ba economivcs kuinju idukkii saann plce
15/8//switchedd off   20/8//not reacheblee//2/ watsppp no resoponse  24//8//switched off aannn  27/8//rnp/2/watsappp no responses   29/8//switched off aann//msgs kaanunnundd no reply",No
419,419,Call < 5 mins,,Sumayya,0.0,No Information,,always ringing thn buzyy  20/8/ssame situationnn but numbeerr seems spam reported,No
420,420,Call <24Hr,,Rincy,17.0,No Information,,//14n rnp..14n bc aan ingot vilikam enn..//15n bc,No
421,421,Call <4Hr,,Rincy,0.0,No Information,,"///13n rnp,,,,,,,..14n gulfil aan so msg ayakkunnund//msg ayakkunnund...........msg ayachu acca aanu nokunne...",No
422,422,Call <1Hr,,Rincy,51.0,No Information,,nasri frnd kodthadha.....,No
423,423,Call < 5 mins,,Bridgeon Admin,588.0,No Information,,btc cs ahnu kochi interested ahnu freedom ayi ippo kochi und nokkin updatee Cheyyum  71200 ahnu kochi fees,No
424,424,Call <8Hr,,Sumayya,196.0,No Information,,details sharedd ui ux design,No
425,425,Call <24Hr,,Sumayya,85.0,No Information,,buzyyy// evening  rnp@evening   15/7///rnp/2    19/8//eduthu cut aakii poi//then rnp/2/,No
426,426,Call <4Hr,,Najiya,0.0,No Information,,No Information,No
427,427,Call < 5 mins,,Rincy,35.0,No Information,,dgree b com kayinjadahn accounting course aan choyche...bc aan details whats app ayakan paranju///13n rnp,No
428,428,Call < 5 mins,,Sumayya,27.0,No Information,,rnp/3  20/8//swiitched  off aann  21/8//no rresponsee,No
429,429,Call < 45 mins,,Bridgeon Admin,79.0,No Information,,wtsp msgd,No
430,430,Call < 5 mins,,Najiya,0.0,No Information,,No Information,No
431,431,Call < 5 mins,,Najiya,36.0,No Information,,No Information,No
432,432,Call >24Hr,,Ambili,244.0,No Information,,"kizhisseri, commerce aan padichedh, SPACE RENT parayanund, direct hub visit cheyya parnjind",No
433,433,Call < 5 mins,,Ambili,15.0,No Information,2026-02-09,"diploma mech kazhinju adhil wrk chydhu ippo business cheyyunnund, veed kottayam, online aan nokkunnedh",No
434,434,Call < 5 mins,,Sumayya,87.0,No Information,,btech ai ml//2026 ill kayinjath aannn// 15/8/rachachn hsptl admitted.///  19/8//no responseee,No
435,435,Call < 5 mins,,Sumayya,59.0,No Information,,pg pyshcology kayinjathaa// hr based course aa nokkunnthhh,No
436,436,Call <4Hr,,Ambili,0.0,No Information,,"kazhinja varsham bca ippo onnm cheyyunnilla, veed calicut",No
437,437,Call <8Hr,,Rincy,0.0,No Information,,///13n rnp.....14n bc aanu//14n rnp///15n rnp///18n rnp///24n rnp///31n rnp,No
438,438,Untouched,,Unknown,0.0,No Information,,ok an online aan nkunnee//14n msged.........18n msged.salary keereett cheyyaam enn//27n msged..salary keereett cheyyam enn,No
439,439,Call < 5 mins,,Ambili,0.0,No Information,2026-02-09,"online nokkaanan, ippo kochil admission counselr aitt wrkeyyan, wrkinte koode nokkanan, bsc physics 2023 passout, sep or octbr batch aan nokunnedh",No
440,440,Call < 5 mins,,Najiya,0.0,No Information,,"Media course enquiry,he is trivandrum",Yes
441,441,Call >24Hr,,Rincy,1.0,No Information,2026-05-09,//14n rnp..15n msg Ayakan paranju//..19n rnp///20N RNNP///24n rnp//28n rnp,No
442,442,Call >24Hr,2026-04-09,Rincy,0.0,No Information,2026-08-09,sister aavum cheydheendava areela nokatte vtl alla paranju///18n rnp///20N RNNP///24n rnp//28n workilanenn///4n rnp,No
443,443,Call >24Hr,,Rincy,0.0,No Information,2026-04-09,switched off//same//..19n rnp////25n rnp//29n rnp,No
444,444,Call >24Hr,,Sumayya,0.0,No Information,2026-05-09,"rnp/2 rnp@night 
+2kayinju/1year gap ind//accident aayit//managloree
18/8//RNP/2/WATSAPP CONNECCTED   21/8/rnp/2/watspapp no response   27/8/rnp/2/
29/8//rnp/2/watsappp no responsee      3/9//rnp/2/",No
445,445,Call >24Hr,,Rincy,81.0,No Information,,No Information,No
446,446,Call <24Hr,,Rincy,25.0,No Information,,///13n rnp..14nnn course..padikkunnund.......online...b tech python .............nokatte enn aluva aan veed//15n rnp///18n,No
447,447,Call >24Hr,,Rincy,0.0,No Information,2026-04-09,service centeril advisor aayitt work cheyyuvan....onnara year aayi...diploma poli kayinjadahnu balusseri aan veed...bc aan pinne vilikam enn//14n rnp///18n nokeett contact cheyyam enn///24n rnp//28n rnp,No
448,448,Call <24Hr,,Ambili,0.0,No Information,2026-11-09,"one yr gap aaan, crsrne kurich parnjind bsy aan",No
449,449,Call >24Hr,,Sumayya,0.0,No Information,,"no incoming//rnp on watsappp
20/8/eduthu cut aaki poi/thn  repeartedly cut the call//watsapp no respobnse",No
450,450,Call <24Hr,,Rincy,56.0,No Information,2026-04-09,+2  3sub faill/13/8//vgtl okkee samsarichuu anneshikkaannn//manjeri hubb//it nallaa kntrest ullaa chekkanaa   17/8///visit chyynnnmm then decision parayum  21/8/rnp/2/watsapp connected   29/8//rincy calledd//next weekk visit chuyuumm thnn deciede chyulluuu,No
451,451,Call <24Hr,2026-03-09,Ambili,0.0,No Information,2026-05-09,ippo bcom dstnce cheyyunnu  bsy,No
452,452,Call <24Hr,,Rincy,54.0,No Information,,///13n rnp,No
453,453,Call <24Hr,,Ambili,9.0,No Information,,No Information,No
454,454,Call >72Hr,2026-04-09,Rincy,0.0,No Information,2026-07-09,btech kyinjitt wrk chythonnd nikkkkaa//19n bc///24n parayam time aakum enn..///4n rnp,No
455,455,Call < 5 mins,,Ambili,8.0,No Information,,"plustwo computer commerce aan kazhinjedh, cybrsecurty aan chodhichedh",No
456,456,Call <24Hr,2026-02-09,Sumayya,0.0,No Information,2026-05-09,uppa mon vndi nokkiyathaa//+2 humanities ee year kayinjath aann//balussheri place...watsappp details okkee ayikaana [paranje    15/8/call not conncted  18/8/SAME SITUATION   21/8//same siituationn  28/8/not connected           2/9/rnp/2,No
457,457,Call < 5 mins,,Najiya,4.0,No Information,2026-05-09,plustwo fail,No
458,458,Call >72Hr,2026-04-09,Rincy,0.0,No Information,2026-07-09,Wtspil contact cheyyunnund///2n rnp///4n rnp,No
459,459,Call >24Hr,,Ambili,8.0,No Information,,"details wtspil share aakkittund, ivde intrst illaanna parayunnedh",No
460,460,Untouched,,Sumayya,0.0,No Information,2026-04-09,rnp/2/detailss shared//btech cs 2026 vimal jyothhi engineeruing college//online aayitt onn cheeyyinnunindd//but athill vallya kaarym illaa      15/8/rnp//2   18./8//RNP/2   25/8/rnp/2//    28/8//rnp/2//watsppp conneteed,No
461,461,Call <24Hr,,Sumayya,71.0,No Information,,"switched off//evening vilichpoo buzy paranj cut aaki(something fishy)
15/8//buzya apinnee vilikkaa",No
462,462,Call <24Hr,2026-02-09,Sumayya,0.0,No Information,2026-05-09,"buzyyaa vilikkaa        14/8/rnp/2/     15/8//rnp/2/    17/8//rnp/2//watsappp connnectted
20/8//rnp/2/watsppp no responsee  24/8//rnp/2//watsppp no response  28/8/rnp/2/watsppp no response  2/9/rnp/2/watspp no response",No
463,463,Call < 45 mins,,Sumayya,11.0,No Information,,"rnp/2//same @eveningg 
13/8//watsapp calledd detauils shared//son vndi nokkiaythaa//+2kayinjath science..
15/8//rnp/2/         18/9/SOFTRONICS NOOKKNN  PLAN INNDD//ADUTH AAYOONDD//",No
464,464,Call < 45 mins,2026-12-08,Sumayya,44.0,No Information,,No Information,No
465,465,Call < 5 mins,,Sumayya,0.0,No Information,,course verthee nokkiyathaa//already interviws attended chythondd irikyaannn//13/8//watsapp connected  15/8..rnp,No
466,466,Call <1Hr,,Ambili,2.0,No Information,,"wtspilaan contact cheyyunnedh, initially connect cheydhedhan veed parappnangadi, plustwo computer aan",No
467,467,Call < 5 mins,2026-12-08,Ambili,0.0,No Information,2026-12-08,No Information,No
468,468,Call <4Hr,,Ambili,0.0,No Information,2026-03-09,this yearl bca kazhinju data science aan chodhichedh,No
469,469,Call < 5 mins,,Ambili,269.0,No Information,2026-01-09,"wtspil connect cheydhind call edthilla, ui ux venmnnan parayunnedh
father marichedhan financially issues und pinnelledh sisters aan ippo oru kadayil nikkan avdnn cash setaakkitt padikknmnnan",No
470,470,Call <24Hr,,Sumayya,0.0,No Information,,no incoming//watsapp  rnp/msged/msged//   20/8///incoming illaaa//watsapp il rnp//msg ayicha rply illaa   21//8/same situationn  28//8/eswitched offff  29/8//swiched offff,No
471,471,Call < 5 mins,2026-12-08,Sumayya,12.0,No Information,,rnp/2//,No
472,472,Call <24Hr,,Sumayya,0.0,No Information,,no incomingg//rnp on watsappp  20/8///incoming iillaa so watsppp initilaayy reply kittyyy but athin sheshmm rply illaaa  21/8//same situation,No
473,473,Call <24Hr,,Ambili,0.0,No Information,,"wtspil contact cheyyunnund call available alla, plstwo kazhinjedh",No
474,474,Call < 5 mins,2026-11-08,Najiya,135.0,No Information,,No Information,No
475,475,Call < 5 mins,2026-10-08,Najiya,0.0,No Information,,No Information,No
476,476,Call < 5 mins,2026-10-08,Najiya,241.0,No Information,,No Information,No
477,477,Call < 5 mins,2026-10-08,Najiya,2.0,No Information,,No Information,No
478,478,Call < 5 mins,2026-10-08,Najiya,119.0,No Information,,No Information,No
479,479,Call < 5 mins,2026-08-08,Najiya,56.0,No Information,,No Information,No
480,480,Call <4Hr,,Ambili,93.0,No Information,,"bio science aan padichedh, edha edkkndenn confusionlaan but science intrst illa",No
481,481,Call >24Hr,,Najiya,0.0,No Information,,"cloud computing anu chodichathu,pinne development mathi,endayalum nokeetu parayam,vadakkara anu place",No
482,482,Call < 45 mins,,Ambili,88.0,No Information,,"devops aan nokkunnedh veed mlprm, brthrnod paraynm",No
483,483,Call < 30 mins,2026-11-08,Rincy,93.0,No Information,,No Information,No
484,484,Call <24Hr,,Sumayya,29.0,No Information,,"wrking aanaan car showroom illl sales ill//+2 vare padichu,bcom dropped,merchnt navy complted job indernnu but athoonm ippo illaa  15/8//nokkunnillaaaa///placemnt urpp anenki nokkaa//onnudi nokkkit paraya",No
485,485,Call < 5 mins,,Najiya,0.0,No Information,2026-09-09,"mern stack course enquiry,she is gudallur ,nokeetu parayam calicut or manjeri,interested,10month online course join cheythittund in 2 month und",No
486,486,Call < 5 mins,,Najiya,101.0,No Information,,"kudallur,7598520453",No
487,487,Call <4Hr,,Ambili,0.0,No Information,,connected in wtsp,No
488,488,Call < 5 mins,,Najiya,0.0,No Information,,interested cloud computing Enquiry with frnd anzil,No
489,489,Call < 5 mins,2026-11-08,Bridgeon Admin,0.0,No Information,,No Information,No
490,490,Call >24Hr,,Sumayya,0.0,No Information,,"buzzzzy aannn//pinnee vilika//rnp@evening//rnp/2//watsapp connected
14/8//rnp/2//watsapp no response  17/8//no response calll and watsappp tooo
18/8//no calls bcz phn complaint aann samsariknn olkkkollaa/so only watsappp
21/8//rnp/2/watspp no response  24/8/rnp/2/watspapp no response  28/8//rnp/2//watsapp alsoo no responsee",No
491,491,Call < 5 mins,2026-10-08,Bridgeon Admin,40.0,No Information,,No Information,No
492,492,Call <24Hr,,Najiya,37.0,No Information,,"Plustwo fail,ai ml or data anaytics course enquiry",No
493,493,Call <24Hr,,Rincy,0.0,No Information,2026-05-09,.////11n rnp....plus 2 commerse...pattambi/.....nokatte enn///13n rnp///18n rnp///24n rnp//28n rnp,No
494,494,Call <24Hr,,Ambili,25.0,No Information,2026-03-09,bca e varsham kazhinjedhan,No
495,495,Call <24Hr,2026-11-08,Sumayya,11.0,No Information,,No Information,No
496,496,Call < 15 mins,2026-10-08,Ambili,0.0,No Information,2026-11-08,No Information,No
497,497,Call <4Hr,,Sumayya,0.0,No Information,2026-06-09,"rnp/
11/8//rnp/2/
12/8//rnp/2
13/8//rnp/2/     15/8//rnp/2/   20/8//amma makan vndi nokkiyth aannn//bca kayinjjthan  wayanad ann place   21/8//rnp//2/  27/8/rnp/2/watsapp no response  29/8//rnp/2  3/9/rnp/2/",No
498,498,Call <4Hr,,Sumayya,163.0,No Information,,"bba kayinju.logistics padichonndd irikunneyyaaa//thrissurr aannn palcee
11/8//calll cut aaakiii  kalanjuu",No
499,499,Call >24Hr,,Sumayya,0.0,No Information,,"no incomming//rnp on watsapp//msged//only msg phn complint
14/8/orika msg ayichuuu pinneee response illaaa//incoming illa///watsapp illl rnpp
19/8//same situationn  21/8/same situation  25/8/no incoming/rnp on watsapp  28/8//same situationn no responsee  31/8//no updated no inoming/rnp on watsappp/no msgs rply",No
500,500,Untouched,,Unknown,0.0,No Information,,warm aan details shared aan baki followup logistics aan avanu vendathu,No
501,501,Untouched,2026-10-08,Sanju,0.0,No Information,,No Information,No
502,502,Call < 5 mins,,Najiya,0.0,No Information,2026-04-09,"valanchery,inform later",No
503,503,Call < 5 mins,,Najiya,0.0,No Information,2026-04-09,"jawad friendenquiry to python and aiml,kinfra nokunnathu",No
504,504,Untouched,,Unknown,0.0,No Information,,No Information,No
505,505,Untouched,,Unknown,0.0,No Information,,No Information,No
506,506,Call >72Hr,,Sumayya,31.0,No Information,,No Information,No
507,507,Untouched,,Unknown,0.0,No Information,,No Information,No
508,508,Call <24Hr,,Rincy,0.0,No Information,,switched off///11n rnp same//14n rnp same//..19n rnp///24n rnp same,No
509,509,Call <24Hr,,Sumayya,23.0,No Information,,"rnp/2/buzyy aannn vilikkaaaamm@eveningg
12/8//rnp/2  13/8///same as yesturdy",No
510,510,Call >48Hr,,Sumayya,90.0,No Information,,"now @bangloree//thrisssurr//bca in 2025 completed/python full stack completed in 6 months not in advance leveell soo
(20 augut aann nattilekk veruvaa ennittee hub vern patulluu for review",No
511,511,Call >24Hr,,Sumayya,0.0,No Information,,"mcom kayinjthhh aannn//oru kutyy ind 3 vayasulleee//
12/8//rnp/2        15/8///rnp/2  20/8//rnp/2/   waatsapp no responsee    27/8//rnp/2//watsapp no response",No
512,512,Unknown,2026-04-09,Ambili,0.0,No Information,2026-04-09,Automobilel wrkeydhu veed nadhapuram,No
513,513,Call <1Hr,,Najiya,0.0,No Information,2026-05-09,"Rishal referal,interested she is tirur",No
514,514,Call < 30 mins,,Najiya,19.0,No Information,2026-04-09,python course enquiry,No
515,515,Call <1Hr,,Najiya,0.0,No Information,,No Information,No
516,516,Call < 45 mins,,Najiya,0.0,No Information,2026-05-09,"Vengara ,no idea about it course ,kochi poyi london pokanulla course nokkanu",No
517,517,Call < 5 mins,2026-11-08,Najiya,384.0,No Information,,"enquiry for wife ,valanchery",No
518,518,Call < 5 mins,2026-12-08,Bridgeon Admin,12.0,No Information,2026-10-08,details shared aan baki set akikondirikaan,No
519,519,Call >24Hr,,Rincy,8.0,No Information,2026-05-09,"11...4 yeras data engineer...aayitt bangalore work cheydhittund....ee month marriage aan........kochi...aan veed,.........nokatte anneeshikkatte///13n rnp//14n rnp///18n rnp///24n rnp//28n rnp",No
520,520,Call <24Hr,,Sumayya,34.0,No Information,2026-02-09,"rnp on watsapp//no ijncoming//no rersponse @evening tooo
12/8//same situation 13/8//same situation   20/8///rnp/2/called nd said buzy cakll tomrw//21/8/rnp/2/watspp connected   25/8/phn commplijnt aannnn..nokit bvilika  28/8//phnn compliant aannn ammeda phn laa sim ullee",No
521,521,Call <4Hr,,Ambili,0.0,No Information,,call cut aakki,No
522,522,Call >72Hr,,Najiya,3.0,No Information,2026-04-09,"python course enquiry,detaisals ayachittund",No
523,523,Call >48Hr,,Sumayya,179.0,No Information,2026-03-09,"+2kayinjatha vhse..online//details shared 
15/8//rnp/2./   18/8//LAP ONNN SET AAKNMM
25/8//ellmm ok aannnn fund ready aakanmmm plus lap yum set aaakanm",No
524,524,Call >24Hr,2026-11-08,Sumayya,55.0,No Information,,No Information,No
525,525,Call >72Hr,2026-04-09,Rincy,10.0,No Information,2026-03-09,"buzycall @evening
14/8//eppoo vilichhllmmm thrikk//monndy oru kalynm ind aath kayinje free aavulluu
19/8//not connected  21/8//buzyyy eppazhummm buzyaa//wartsapp no responsee
24/8//samee//eppazhumm buzyyaa//28n rnp",No
526,526,Call >24Hr,,Sumayya,23.0,No Information,,"buzyy//movie//not connected @evening
13/8//detAILS SHARED AAMNNN//DMLT KAYINJTHAA//PLAKDD ORIDTH AAANN//ONLINE AAN NOKUNNEE///IT FIEKLD ILL FRESHER AANN    15/8//rnp/2/   20/8//details nokeetillaaa buzy aayirunnuu//",No
527,527,Call <24Hr,,Sumayya,86.0,No Information,,"thrissur aaann place//medicl fielssd nokkiyathha//buttt soome isssuues karanm ath pateellaaa//koci hub ok aannnn
11/8//fund set aakkann ullaa problm  15/8//rnp/2/   20/8//rnp/2//watsapppp no response",No
528,528,Call >24Hr,,Sumayya,62.0,No Information,,"rnp/2///no rersoponse@evening
kasrgod ulllathaa//+2vhsc kayinjuu//details shared aann//2year gap indd
15/8//rnp/2            20/8//uppakkk vayyanndd ayittaa  ulleee sooo mangalapurm hsptl ill aann ullee appoo pathyee ath k aayiittee   hub visit verillluu",No
529,529,Call >24Hr,2026-03-09,Sumayya,97.0,No Information,,for son.btech kayinjathaa/;malapprm aannn place verunnnathh//ippooo ernklth aann mwonn  15/8/rnp//2  20/8//eduthu cut aakii//rnp/watsapp cxconnectedd   27/8/eduthit cut aaki poii/2,No
530,530,Call <24Hr,,Sumayya,31.0,No Information,,"+2kayinjathaa//edavannappara aann place//mankaav um /kinfra yu,m nokkuninnd
11/8//rank list vernn undd   rnp/2//",No
531,531,Call <24Hr,2026-10-08,Sumayya,29.0,No Information,2026-10-08,rnp/2,No
532,532,Call <24Hr,2026-10-08,Ambili,0.0,No Information,2026-11-08,No Information,No
533,533,Call <24Hr,2026-10-08,Ambili,197.0,No Information,,No Information,No
534,534,Call <24Hr,2026-10-08,Ambili,46.0,No Information,,No Information,No
535,535,Call <24Hr,,Sumayya,0.0,No Information,,"rnp/2//kasrgode place//bsc cs kayinjtha 2025///helth issues karnm avn 1 yr gap avnniu
kochi aann nokkunnee
11/8//rnp/2/    13/8//rnp/2/   15/8/rnp/2  18/8 RNP/2  20/8//rnp/2/",No
536,536,Call <24Hr,2026-04-09,Ambili,0.0,No Information,2026-03-09,"ippo bped dgreeek kerittund, idhine kurichm anyeshichedhan, veed atholi,",No
537,537,Call >24Hr,2026-01-09,Ambili,454.0,No Information,2026-02-09,kochilek aan nokkunnedh bca 2025 pass data anlytics chodhichedh veed kottayam,No
538,538,Call >24Hr,,Sumayya,21.0,No Information,,"msc cyber forensic +infromation technology aannn cheythhee//tvm parasshala//
12/8//nokittt vilikkaamm//job aann nokunnee
18/8/RNP/2",No
539,539,Call >24Hr,,Ambili,32.0,No Information,2026-11-08,No Information,No
540,540,Call >24Hr,2026-10-08,Ambili,444.0,No Information,,"bsc electronics ippo padikkunnu, adutha yrlekaan",No
541,541,Call >24Hr,,Sumayya,53.0,No Information,,"details shared aann//ba english literature kayinjth aannn//kannur aann place

10/8//avnnvnda paranju butt tutorials venmm...avnnn self doubtt aannn
12/8//watsapp connected aakii//bcz basics aathymm hlp venmmennn paranjuju enniiteee course nokkann ullee oru ith ulluu        14/8/rnp/2",No
542,542,Call >24Hr,2026-10-08,Ambili,0.0,No Information,2026-11-08,No Information,No
543,543,Call >48Hr,,Najiya,22.0,No Information,2026-05-09,"shanid media  thanna no,ippol bnglr anu ,nattil 2weeknullil ethum ,uiux interested",No
544,544,Call >48Hr,,Rincy,65.0,No Information,2026-07-09,...amnjeri aan veed  plus 2 kayinju aalk koyappalla confusion nd vayya pani aanu nokatte ennitt parayam enn paranju///13n bc ..19n nokum time edukum enn..31n lap keedan vilika paranju poyi,No
545,545,Call >24Hr,2026-10-08,Ambili,0.0,No Information,,No Information,No
546,546,Call >24Hr,2026-10-08,Sumayya,9.0,No Information,,No Information,No
547,547,Call >24Hr,,Ambili,0.0,No Information,,"ippo mygyl wrkeyynu salesl, dgree edth drop aakki in2021 veed rkara, online aan nokkunnedh",No
548,548,Call < 5 mins,2026-08-08,Sumayya,587.0,No Information,,avnn buzzines scheyyuvnnn so poettennn athil ninnn maraaann patillaa//soo tymm edukkmmmm,No
549,549,Call >24Hr,,Ambili,72.0,No Information,2026-11-08,No Information,No
550,550,Call < 5 mins,,Najiya,20.0,No Information,,"he is karnataka,10th qualification ,media course suggest",No
551,551,Call < 5 mins,2026-10-08,Najiya,0.0,No Information,,No Information,No
552,552,Call >48Hr,2026-10-08,Ambili,0.0,No Information,2026-11-08,No Information,No
553,553,Call < 45 mins,,Ambili,48.0,No Information,,"btech e varsham kazhinjedhan, veed tirur, mern aan nokkunnehd or AI",No
554,554,Call >48Hr,2026-12-08,Sumayya,18.0,No Information,,"cs kaytinju//python cheythu//2 year break vannuu//data science chythu now placemnt abroad pokunnonndd placement vndaaannn vechuuu/ippoo naaatill indd abroad poyilllaaa so placement kiteeellaa///
12/8///rnp/2/",No
555,555,Call < 30 mins,,Najiya,0.0,No Information,,"enquiry to data anaytics course enquiry,6month course pitch,already contact media school enquiry uiux or graphic desigh course",No
556,556,Call < 5 mins,2026-11-08,Rincy,22.0,No Information,2026-09-08,plus 2 .........b tech...next month join cheyyan...........online aayitta nokune..kannur aan veed.....//,No
557,557,Call >24Hr,2026-10-08,Sumayya,40.0,No Information,,rnp/2/,No
558,558,Call <4Hr,,Ambili,0.0,No Information,,"salesl workeydhind, oru interview waitinglaan, veed kannur, bsc cs 2019l kazhinju crse nokkunnundel offline thnne nokkollu prnju",No
559,559,Call < 5 mins,2026-12-08,Ambili,239.0,No Information,,"makan vendittan, ippo mech kazhinjedhan, veed kannur makan ippo job training poyedhan after 10th varollu, makante name anirudh",No
560,560,Call >72Hr,2026-12-08,Sumayya,0.0,No Information,,No Information,No
561,561,Call >48Hr,,Sumayya,0.0,No Information,,"for son///compter science degree kayinjathh//python course chythu//placement kiteellaaa
12/8//rnp/2   15/8/rnp/2/  20/8/rnp/2/  27/8//rnp/watsppp connected",No
562,562,Call < 5 mins,2026-08-08,Bridgeon Admin,0.0,No Information,,plus 2 bi science ..nallalam an veed.......borotol workshop kayinjadahnu ok aanu///8n rnp same,No
563,563,Call <4Hr,,Rincy,0.0,No Information,,plus 2 kayinju parappanangadi aan veed......plus 2 fail aan oru sub monday hub visit varan aan plan.////11n rnp...nale varan nokam enn///13n rnp............9744211367.,Yes
564,564,Call < 15 mins,2026-04-09,Rincy,15.0,No Information,2026-02-09,plus 2 humanities kayinju....perindhalmanna an veed........vtl choykat enn vallya oru sugallya......11...manjeri...aavu noka...nokatte vtl paranjeella/////13..rnp///18n rnp////25n rnp//28n rnp///4n rnp,No
565,565,Call >48Hr,,Sumayya,39.0,No Information,,switched off   20/8//sister aann nokkiythhh//vtl illaaa/// she cponnected on watsappp//maybe by mistake vannathayirikmm,No
566,566,Call <8Hr,2026-03-09,Rincy,5.0,No Information,,sabaninte frnd...12n hub visit aaki oke ok aanenn paranju but pinne vilichitt edknilla///13n rnp//14n rnp///15n rnp.........accident aayitt kedakkuvan//27n rnp,No
567,567,Call <8Hr,2026-11-08,Sumayya,27.0,No Information,,+2kayinjja kuttyyaa//kannurr aannn///hstll sammaikoollaa,No
568,568,Call <8Hr,,Rincy,18.0,No Information,,switched off///8n rnp same//14n rnp,No
569,569,Call <4Hr,,Rincy,20.0,No Information,,incomming call illa//14n bc aanu,No
570,570,Call <4Hr,2026-02-09,Rincy,7.0,No Information,,///8n rnp//14n rnp////15n call cut aaki poi///20N CUT AAKI POYI///24nv same,No
571,571,Call <1Hr,2026-12-08,Rincy,0.0,No Information,2026-09-09,imo vilichu call kittunnilla............omanilan ullath/...plus 2 kayinju///.......pallikkal bazar............fee keetapppo.....aake kili poyikn....online paranj kodthittund///13n msged........19n msged//27n rnp...1n msged......4n msged,No
572,572,Call < 5 mins,,Rincy,22.0,No Information,,details shared aan degree ku allotment kiteetila mother nodu ellam paranjitundu baki inu evng ullil parayam ennan paranje//14n rnp///15n rnp///18n dgreekk keeri,No
573,573,Call <4Hr,2026-08-08,Najiya,0.0,No Information,,No Information,Yes
574,574,Call <8Hr,,Rincy,24.0,No Information,2026-09-08,///8n rnp///8n rnp,No
575,575,Call <8Hr,,Najiya,0.0,No Information,2026-04-09,ds science online enquiry,No
576,576,Call <8Hr,,Sumayya,0.0,No Information,,"kurch kayinj vilikkaa thirakk anan//engineering kayinjthaa data science with ai ml
10/8//rnp/2//
12/8//rnp/2      15/8/rnp/2",No
577,577,Call <24Hr,2026-08-08,Sumayya,24.0,No Information,,frnd aa eduthath ippooo vilikkaa,No
578,578,Call <24Hr,,Najiya,0.0,No Information,,"she is nursing 1st year dropout in georgia,ippol it anu interested ,details ayachittund ,kodugallur anu place,she is working chicking ,fund ready ayittu parayam",No
579,579,Call <24Hr,,Sumayya,38.0,No Information,,"rnp/2/rnp/3////watsapp connected//
online aaann nokunneee//bca kayinju 2 years aayii//mutual fund swrk chyuuvaann//kollam aann place..
13/8//watsappp connecteedd//respondeed        18/8//watsappp annn connected aavunnee/// prebookk chynnn ullee amount set aakkann tym venm",No
580,580,Call <24Hr,,Sumayya,13.0,No Information,,"+2kayinjuu//kurye coursd kall padichittunndd//buzy ayoondd adhikmm samsaaarichillaaa//thirajkkaa vilikkaa(2)
10/8//details paranjittunndd//2 months ullilll nokkaannn annn         17/8/rnp/2         26/8//vilichu fddetails doubts  clarify chythu",No
581,581,Call <24Hr,2026-08-08,Ambili,0.0,No Information,2026-10-08,No Information,No
582,582,Call <24Hr,2026-08-08,Najiya,55.0,No Information,,No Information,No
583,583,Call <24Hr,,Najiya,0.0,No Information,2026-04-09,"Ba english,she is hospital administration course working ,now resigh ,ippol inforpark oru app development company job paranjittund",No
584,584,Call <24Hr,,Najiya,0.0,No Information,,No Information,No
585,585,Call <24Hr,2026-08-08,Ambili,136.0,No Information,,No Information,No
586,586,Call <24Hr,,Sumayya,0.0,No Information,,"+2 kayinju,paramedicaall padikan ppooi/ippo hsptl wrk cheyyinnddd//12k okke ulluu salaryy//kondottyyy aann place//uppaa ummaa 2 aniyathi indd..oraall +1 onn lkg
15/8//rnp//2    20/8//incoming illaaa/wwtasaapp called but voice not clearr//   28/8//cut aakii pokuvvaannn",No
587,587,Call <24Hr,2026-04-09,Rincy,0.0,No Information,2026-09-09,incomming call illa whats app hi ayachittund nokatte///8n rnp //14n cut aaki poyi//15n rnp//..19n rnp////25n rnp///4n rnp,No
588,588,Call <24Hr,,Najiya,0.0,No Information,,No Information,No
589,589,Call <24Hr,2026-08-08,Najiya,57.0,No Information,,No Information,No
590,590,Call < 5 mins,,Rincy,16.0,No Information,,details shared aan 10 mnts il close chyam///13n rnp//..19n nokunnilla,No
591,591,Call <24Hr,,Najiya,0.0,No Information,2026-01-09,he is narikkuni offline anu nokunnathu,No
592,592,Call <24Hr,,Ambili,35.0,No Information,,"ba sociology kazhinjedhan e fieldne kurich idea illa veed calicut, jst add kandpo kodthedhan",No
593,593,Call <24Hr,,Najiya,82.0,No Information,,enquiry for daughter,No
594,594,Call <24Hr,,Najiya,0.0,No Information,2026-04-09,data science enquiry offline,No
595,595,Call <4Hr,,Ambili,142.0,No Information,,"edh edkknmnn idea illa veed idukki, next week hub visit parayunnund",No
596,596,Call <4Hr,2026-08-08,Ambili,19.0,No Information,2026-10-08,No Information,No
597,597,Call <24Hr,2026-10-08,Sumayya,0.0,No Information,2026-09-08,rnp/3/rnp/@evening too//waytsapp cobnnnected,No
598,598,Call < 5 mins,2026-08-08,Ambili,931.0,No Information,2026-10-08,"history aan padichedh, veed prpngAdi, e fieldne kurich idea illa initial kryngl prnj kodthu",No
599,599,Call < 45 mins,2026-07-08,Ambili,0.0,No Information,2026-08-08,No Information,No
600,600,Call >24Hr,2026-03-09,Rincy,52.0,No Information,,"bc aan orangan free aayit vilikam enn///8n rnp.////11n bc aanelo,,,,,,,,,korch hospital case okke ndu nokatte enn//..19n thalparyam illa enn",No
601,601,Call <24Hr,2026-08-08,Sumayya,441.0,No Information,,10 vare padichitulluu//21 age aayii//karantaka aann place//darasilll padippikunnundd,No
602,602,Call <4Hr,2026-07-08,Ambili,167.0,No Information,,No Information,No
603,603,Call <4Hr,2026-12-08,Ambili,0.0,No Information,,"cloud computing aan nokkunnedh, veed kottakkal",No
604,604,Call >24Hr,,Najiya,2.0,No Information,,No Information,No
605,605,Call < 5 mins,,Najiya,0.0,No Information,2026-08-09,"no idea about it course plustwo humanities,he is vaipin ,nokeet parayam",No
606,606,Call >24Hr,,Najiya,0.0,No Information,,No Information,No
607,607,Call <24Hr,,Ambili,46.0,No Information,,"bcom e varshm kazhinju, next endha edkkndenn idea illa veed calicut, logistics nokkend oru idea illa",No
608,608,Call >72Hr,,Rincy,16.0,No Information,,"call eduyk vech cut aayi pooi//degreee drop out aann.///oru sem full poiii//rnp @noon time  no response 
9/8//mag ayyachuu//vtll oru maranam nadannittaa ulleee soo contact aakkamamm
14/8/rnp/2/  20/8//eduthuuuu  cut aakii pooii//   thnn rnp/2   27/8//maybe blocked my number",No
609,609,Call <24Hr,2026-11-08,Sumayya,30.0,No Information,,"avn hr nte nokkiyeee//tech paaranjittundd//buzy aa viliiknn paranj
8/8//switched off aaann",No
610,610,Call <24Hr,,Ambili,49.0,No Information,,No Information,No
611,611,Call <24Hr,2026-08-08,Sumayya,1.0,No Information,2026-09-08,"rnp/2 rnp @evening too
8/8//rnp/2//",No
612,612,Call >24Hr,2026-08-08,Sanju,386.0,No Information,2026-10-08,No Information,No
613,613,Call >24Hr,2026-08-08,Sanju,0.0,No Information,2026-10-08,No Information,No
614,614,Call >24Hr,2026-08-08,Sanju,0.0,No Information,2026-10-08,No Information,No
615,615,Call >24Hr,2026-08-08,Sanju,19.0,No Information,2026-10-08,No Information,No
616,616,Untouched,2026-08-08,Sanju,76.0,No Information,2026-10-08,wtsp from coimbatore,No
617,617,Untouched,2026-07-08,Sanju,148.0,No Information,2026-10-08,details shared aan ok aan hav to close,No
618,618,Call <24Hr,2026-12-08,Ambili,45.0,No Information,2026-10-08,"bca onlne aayttan padichedh, mcak join cheydhu online program aan nokkunnedh veed mlprm padikknedh kochi python aan nokkunnedh",No
619,619,Untouched,2026-06-08,Sumayya,0.0,No Information,,No Information,No
620,620,Call >24Hr,,Najiya,0.0,No Information,2026-04-09,No Information,No
621,621,Call < 5 mins,,Najiya,0.0,No Information,2026-05-09,"he is now working armenia brother logisics company tech working,brother muhsin enquiry hub,",No
622,622,Call >24Hr,,Ambili,285.0,No Information,,"2014 dgdree kazhinjedhan housewife aan kannur, brotol anyeshichind avde normal crse thanne onlinel kodthind, aale avde motor aakki vechdh aan",No
623,623,Untouched,2026-06-08,Bridgeon Admin,199.0,No Information,,No Information,No
624,624,Call < 30 mins,2026-06-08,Ambili,4.0,No Information,2026-07-08,No Information,No
625,625,Call <4Hr,2026-07-08,Ambili,0.0,No Information,2026-08-08,No Information,No
626,626,Call <4Hr,,Rincy,12.0,No Information,2026-05-09,///6n rnp///6n rnp//14n rnp//15n rnp//..19n rnp//29n rnp,No
627,627,Call < 5 mins,2026-05-08,Najiya,39.0,No Information,,No Information,No
628,628,Call < 5 mins,2026-05-08,Najiya,4.0,No Information,,No Information,No
629,629,Call < 5 mins,2026-06-08,Najiya,279.0,No Information,,No Information,No
630,630,Call < 5 mins,2026-04-08,Najiya,133.0,No Information,,No Information,No
631,631,Call < 5 mins,2026-08-08,Najiya,0.0,No Information,,No Information,No
632,632,Call <4Hr,,Sumayya,14.0,No Information,,eduthu kurch samsarichh ciut aakkoi ppoooiii //rnp@evening,No
633,633,Call <4Hr,2026-08-08,Sumayya,33.0,No Information,2026-10-08,"rnp/2   rnp/@evening
8/8/same ssituationn//rnp/2//watsappp no responsee",No
634,634,Call <8Hr,,Sumayya,0.0,No Information,,"rnp on watsapppp//no incoming
same situation///8n rnp
8/8//no incoming//rnp on watsappp but msg ayikunnind
11/8//rnp/2/   13/8//RNP/2/  17/8//rnp/2//alsoo no response in watsapppp  19/8///same situation 27/8//rnp/2/watspp no response   29/8//same situation",No
635,635,Call <4Hr,,Rincy,22.0,No Information,,"29 vayass inndd//plus two kayinjthaa//degreee complete akitillaa//married aannn kuttykall indd///online aayirikmm nokunnath
13/8/rnp/2",No
636,636,Call <8Hr,,Rincy,0.0,No Information,,kannur aan veed dgree kayinju umma aan samsarikne......rnp///6n rnp///8n bc aanu///11n rnp///18n rnp///20N RNNP//28n rnp,No
637,637,Call <8Hr,2026-06-08,Sanju,0.0,No Information,2026-07-08,rnp,No
638,638,Call >24Hr,2026-07-08,Sanju,26.0,No Information,2026-06-08,No Information,No
639,639,Call <24Hr,2026-06-08,Ambili,0.0,No Information,2026-07-08,No Information,No
640,640,Call <24Hr,2026-12-08,Ambili,42.0,No Information,2026-10-08,"btech cs ippo kazhinjedhan, veed chalakkudy mern aan nokkunnedh",No
641,641,Call <24Hr,,Rincy,0.0,No Information,2026-05-09,///6n rnp///6n rnp//14n rnp//15n rnp////25n rnp//28n rnp,No
642,642,Call <24Hr,2026-10-08,Najiya,31.0,No Information,2026-10-08,"he is working bnglr ,startup company and resigh job ,he is mern stack developer,officil vaunnund review nadatham,mern refresh cheyythittu job nokkam,detaills ayachittud",No
643,643,Call <24Hr,,Najiya,26.0,No Information,2026-09-09,"jabir frnd relative,dec batch  anu parayunnathu",No
644,644,Call >72Hr,,Rincy,42.0,No Information,,"uppa nte number aann//degreee distance aayiitt chhyinndd//politicl science aann//manjerii nnuuu 8km aann distnce ulleee//
8/8/rnnp/2//
11/8//same situation   13/8//rnp/2/        15/8/no responsr 19/8/rnp/2// watsapp no response",No
645,645,Call <24Hr,,Najiya,59.0,No Information,,"interested anu ,ippol mobile shop work cheyyunnu,fee orblm,uiux paranjittund",No
646,646,Call <24Hr,2026-03-09,Ambili,35.0,No Information,,"this yr bca, aalkk ini endha edkkndenn idea illa fee kettpo oru responds korv ind, veed kannur details prnj koduthind padichehdokke bnglr aan",No
647,647,Call >24Hr,2026-06-08,Sanju,0.0,No Information,2026-07-08,"rnp
no incoming",No
648,648,Call >24Hr,,Ambili,242.0,No Information,,"rnp 
msgd, onam clbration",No
649,649,Call < 5 mins,,Rincy,0.0,No Information,,//5n rnp..6n bcom kayinju kottakkal..anneeshichitt parayam.////11n rnp///13n rnp//..19n rnp///24n rnp///31n rnp,No
650,650,Call < 5 mins,2026-05-08,Rincy,6.0,No Information,,No Information,No
651,651,Call < 30 mins,2026-06-08,Ambili,0.0,No Information,2026-07-08,No Information,No
652,652,Call < 15 mins,,Rincy,22.0,No Information,,//5n rnp///6n rnp///6n rnp//14n b//15n rnp///18n cma cheydhondirikkaaan,No
653,653,Call <4Hr,,Sumayya,84.0,No Information,2027-02-03,"+2 kayinju aviation padicchatha//but fake aarrnuu athu..then degree eduthu/now IT field noakn ulla plan ill aann
14/8//rnp/2/  19/8//rnp/2 watsappp no  response   
25/8//surjery kayinjattaa ulleee ath kayinjuuu 3 4 months rest vebnmm enniteee vere nthinllmm irgnn patulluu marchilekk nokknn aaann udheshikunnee",No
654,654,Call <4Hr,,Ambili,116.0,No Information,2026-10-08,"parent aan samsarichedh korch rgh aaittan samsarikkunnedh, makal ippo btech kazhinju data science nokknmnnan parayunnedh veed tvm aan korch karyngale prnj kodthittoll",No
655,655,Call < 5 mins,,Najiya,30.0,No Information,,"btech mechanic pass out 2018, place kondotty ,short term course enquiry uiux paranjittund,",No
656,656,Call <4Hr,2026-10-08,Ambili,63.0,No Information,2026-10-08,"brotol foundation attnd aakkidhanennokke parayunnu, plstwo bio science veed kottayam full details prnjitilla
vtl paraynm",No
657,657,Call <4Hr,2026-04-09,Ambili,0.0,No Information,,"bsc cs ippo ihrd chernnu, online crse cheyynmnn und, veed thrissur",No
658,658,Untouched,2026-08-08,Sanju,0.0,No Information,2026-05-08,next month batch aan nokunne,No
659,659,Call >24Hr,2026-06-08,Sanju,23.0,No Information,2026-07-08,"rnp
msgd",No
660,660,Call >72Hr,2026-08-08,Sanju,97.0,No Information,2026-08-08,No Information,No
661,661,Call < 30 mins,2026-12-08,Ambili,89.0,No Information,2026-10-08,"e varsham btech ucity engrng clgl aan padichedh, veed kottakkal aalk intrst und, ini fee nte karyngal aan nokkendeth",No
662,662,Call <1Hr,2026-07-08,Ambili,0.0,No Information,2026-08-08,wtspil contact cheydhu aal bsy aan evng thirich vilikkam,No
663,663,Call < 30 mins,,Najiya,95.0,No Information,2026-07-09,"Bsc chemistry,makkaraparambu,data anaytics enquiry",No
664,664,Call <8Hr,,Rincy,0.0,No Information,,//5n rnp///6n rnp//14n rnp//..19n rnp////25n rnp//29n rnp,No
665,665,Call <24Hr,2026-03-09,Sumayya,0.0,No Information,2026-05-09,"no incominng//rnp on watsappp
6/8/same situation 
7/8/details shred aann//melattur aannn place kinfra aann nokunnee
11/8//rnp on w aatspappp incoming not available
13/8/rnp on watsappp no responsse     17/8//rnp/on  waytsappp no resoponsee    21/8/no incoming/watsapp rnp/no msg replu  27/8//same situationn   29/8/same situationn    3/9//no responsee//no incoming",No
666,666,Call <24Hr,2026-08-08,Ambili,53.0,No Information,2026-10-08,"tech not intrstd aalk media rltd aan vedeth njn foundationte karyngalokke prnj kodthind pinne ui uxntedhm veed mlprm padikkn nokkunnedh kochi aan, hubilek visit aakknm prnjind",No
667,667,Call <24Hr,,Rincy,66.0,No Information,,bc aanu///6n rnp///8n rnp///11n rnp//14n rnp///20N RNNP////25n bc,No
668,668,Call <24Hr,2026-08-08,Sumayya,1.0,No Information,2026-09-08,"rnp/2/
8/8//rnp/2/",No
669,669,Call <24Hr,,Ambili,48.0,No Information,2026-10-08,"diploma cs pass alla, 2025 aan padichedh, dca course edthu,veed tirur
ivdthe week backokke aan chodhikkunnedh institute aanonn dbt ind",No
670,670,Call < 5 mins,,Rincy,17.0,No Information,,//5n rnp dgree ba english bc///8n  BC.////11n rnp///18n rnp,No
671,671,Call <24Hr,2026-08-08,Sumayya,0.0,No Information,2026-09-08,"rnp/3/
8/8//rnp/2/",No
672,672,Call <24Hr,2026-12-08,Ambili,4.0,No Information,2026-08-08,"ship nte oru crse cheydh nikkaan, plustwo e varsham kazhinju, dgree koode cheyyan vendittan veed chelary, ippo nattilek vannondirikkan detailed aaitt samsarikkan patytlla
 nale oru allotmnt und adh nokknm prnju",No
673,673,Call <24Hr,,Rincy,19.0,No Information,,//5n aal vtl illa///6n rnp same///8n rnp,No
674,674,Call <24Hr,2026-08-08,Ambili,0.0,No Information,2026-06-08,No Information,No
675,675,Call <24Hr,2026-05-08,Sanju,0.0,No Information,,No Information,No
676,676,Call <24Hr,,Sumayya,276.0,No Information,2026-03-09,"online aan nokunnee//wrking aamnn/
13/8//no response call edukkmmm nthhellmmm thrik parayummvoice um clear vaillaa
edyk vech paranju online allee nokkunillaa//offline koduthappooo job kalayn patillaaa///17/8.//amma aayit discuss akitt paryaaa 21/8/rnp/2/watsapp no response  24/8//rnp/2//   27/8//no response   29/8/nno response  31/8//ammayumayitt samsariikattee",No
677,677,Call < 5 mins,2026-03-09,Ambili,59.0,No Information,,ksrkode,No
678,678,Call < 5 mins,,Ambili,4.0,No Information,,course nokkendnna prnjedh,No
679,679,Call <4Hr,,Najiya,0.0,No Information,2026-03-09,"brother enquiry,vishnu adimali referal,shibil ayachu thannathu",No
680,680,Untouched,2026-04-08,Bridgeon Admin,388.0,No Information,2026-05-08,parent aan vilichath followup aan details shared aan kuttyadi aan place baki followup aan,No
681,681,Call < 30 mins,2026-04-08,Ambili,62.0,No Information,2026-07-08,"ameen;9744127208, clgl attndnce illand porth aakkidhan, artsclgl bcom aan padichedh, veed kakkodi, fee onnude detailed aaitt prynm",No
682,682,Call < 30 mins,,Ambili,0.0,No Information,,"jiol assisstnt mnger aaitt wrkeyyn, bcom aan padichedh",No
683,683,Call >72Hr,,Ambili,0.0,No Information,2026-01-09,7 yrs aayt hr professional aayt wrk chyaanu for 20k salary married aan 7 yrs aayi ipo oru better profession nokan aan kooduthal samsarichila customer vannu ennan paranje,No
684,684,Call <4Hr,2026-04-08,Ambili,37.0,No Information,,No Information,No
685,685,Call >72Hr,,Ambili,0.0,No Information,2026-05-09,"wtsp
details shared aan med repeat 2yr poyind so degree poyi tym kalayunila ennan paranje onu followup chythal set aan  , hub visited at kochi
innu evng hub visit 17/08/25",No
686,686,Call <4Hr,,Ambili,80.0,No Information,,"logistcs padichind offline patilla, veed pattambi",No
687,687,Untouched,,Unknown,0.0,No Information,,No Information,No
688,688,Untouched,2026-04-08,Bridgeon Admin,102.0,No Information,2026-05-08,today hub visit,No
689,689,Call >24Hr,2026-07-08,Sumayya,34.0,No Information,,"+2kyinju2,3 years kyinju//mlprm ann pplce",No
690,690,Call < 5 mins,,Najiya,0.0,No Information,2026-04-09,"btech ds ai cmplt coimbatore ,job anu nokunnathu ,python paranjittund ,details sending",No
691,691,Call < 5 mins,,Najiya,0.0,No Information,2026-05-09,"Media course enquiry,he is perinthalmanna ,interested,visit office immediately",No
692,692,Call >72Hr,,Ambili,0.0,No Information,,No Information,No
693,693,Untouched,,Unknown,0.0,No Information,2026-04-08,No Information,No
694,694,Call <8Hr,2026-04-08,Ambili,561.0,No Information,,No Information,No
695,695,Untouched,2026-04-08,Sanju,281.0,No Information,2026-05-08,contacted aan purathayrnu evng thirich vilikam ennan paranje,No
696,696,Call <8Hr,2026-04-08,Sanju,53.0,No Information,2026-04-08,No Information,No
697,697,Call <8Hr,2026-04-08,Sanju,129.0,No Information,2026-04-08,btech 4th yr aan ath kaynj nokan vendiyayrnu,No
698,698,Untouched,,Unknown,0.0,No Information,2026-04-08,media enquiry,No
699,699,Call <24Hr,2026-12-08,Ambili,4.0,No Information,2026-07-08,"kudakan veed, dad n gold business aan adh nokki nadathan so full busy aan,",No
700,700,Call <24Hr,2026-04-08,Ambili,1.0,No Information,2026-05-08,No Information,No
701,701,Untouched,2026-04-08,Sanju,0.0,No Information,2026-05-08,"wtsp
no incoming followup on watsapp",No
702,702,Untouched,2026-03-08,Bridgeon Admin,171.0,No Information,2026-05-08,to oct or nov batch,No
703,703,Call < 5 mins,,Bridgeon Admin,64.0,No Information,,No Information,No
704,704,Call <24Hr,2026-04-08,Sanju,0.0,No Information,2026-05-08,"wtsp
rnp",No
705,705,Call <24Hr,2026-04-08,Sanju,0.0,No Information,2026-05-08,"no incoming 
wtsp followup aan",No
706,706,Call <24Hr,2026-04-08,Rincy,0.0,No Information,2026-04-08,///4n rnp,No
707,707,Untouched,2026-04-08,Sanju,561.0,No Information,2026-07-08,"wtsp
28 yrs working aan 7 yrs aayt 11lpa aayrnu salary europian countries lot nokan aan aalu offline aan prefer chyunne hub visit aan pitch chyhekunne 2-3 days kazhiyum ennan paranje",No
708,708,Untouched,2026-04-08,Sanju,415.0,No Information,2026-06-08,abroad studies nokan aan ilets coaching nu povan ipo nilambur aan place varune ipo clt aan padikune so cheriya course aan nokune online pitch chythind watsap through details ayachind baki followup il aan,No
709,709,Call < 5 mins,2026-03-08,Sanju,0.0,No Information,2026-04-08,No Information,No
710,710,Call <24Hr,,Ambili,0.0,No Information,,"ippo business cheyyan aalkk vellya intrstonnula, verdhe regstr aakkidhan",No
711,711,Call <24Hr,,Rincy,0.0,No Information,,///4n rnp///6n rnp//14n rnp///15n rnp//..19n rnp////25n rnp///4n rnp,No
712,712,Call <4Hr,2026-03-08,Bridgeon Admin,22.0,No Information,2026-04-08,inc,No
713,713,Call <24Hr,2026-04-08,Ambili,0.0,No Information,2026-05-08,No Information,No
714,714,Call <24Hr,2026-06-08,Rincy,29.0,No Information,2026-05-08,bc aanu//5n rnp///6n rnp,No
715,715,Call <24Hr,2026-11-08,Rincy,36.0,No Information,2026-10-09,mca kayinu 2024il...work cheydhu ippo resign itt upskill cheyyan veendi noknu palakad aan veed nokatte set aakam enn///6n rnp///8n rnp///next month aavjum noka ippo time illa enn,No
716,716,Untouched,2026-03-08,Sanju,282.0,No Information,2026-04-08,"wtsp
kooduthal samsarikan pateetila course brief chythindu baki followup il aan call chythapo aal purathayrnu voice karanam evng connect chyam ennan paranje",No
717,717,Call < 5 mins,2026-05-08,Najiya,37.0,No Information,2026-05-08,"pg malayalam,",No
718,718,Call < 5 mins,,Najiya,0.0,No Information,2026-04-09,No Information,No
719,719,Call < 5 mins,2026-03-08,Najiya,178.0,No Information,,No Information,No
720,720,Call < 5 mins,,Najiya,0.0,No Information,2026-04-09,"Ba arabic,no idea visit kochi hub,he is kothamangalam",No
721,721,Call < 5 mins,2026-04-08,Najiya,0.0,No Information,,No Information,Yes
722,722,Call < 5 mins,,Najiya,432.0,No Information,2026-09-09,No Information,No
723,723,Call < 5 mins,,Najiya,256.0,No Information,,No Information,No
724,724,Call < 5 mins,,Najiya,174.0,No Information,2026-08-09,"iti ,no plustwo",No
725,725,Call < 5 mins,2026-07-08,Najiya,49.0,No Information,2026-07-08,plustwo fail,No
726,726,Call < 5 mins,,Najiya,49.0,No Information,,No Information,No
727,727,Call >72Hr,,Sumayya,140.0,No Information,,plus 2.....univercity aan veed//5n rnp///6n rnp///8n rnp,No
728,728,Untouched,,Unknown,0.0,No Information,2026-07-09,+971562088500..............msged.......14n msged no respondse//..19n nokunnilla..1n msged,No
729,729,Call <8Hr,2026-06-08,Rincy,3.0,No Information,2026-06-08,plus 2 humanities.......ponnani...porathaan//5n rnp,No
730,730,Call <8Hr,2026-01-09,Rincy,0.0,No Information,,///3n rnp//6n vtl illa porath poyikkanu//14n rnp///14n rnp///18n rnp///24n rnp///1n rnp,Yes
731,731,Untouched,,Unknown,0.0,No Information,2026-08-09,+971565629574...............msged.......14n msged......19n msged but respond cheyyunnilla//28n msged,No
732,732,Call <8Hr,2026-06-08,Rincy,32.0,No Information,2026-06-08,uathad aan ........nokatte enn//4n rnp//5n rnp,No
733,733,Call >24Hr,,Bridgeon Admin,178.0,No Information,2026-07-08,"mother aan vilichedh, makan cma dropeydh vannedh aan veed palakkad, e fieldne kurich idea illa, feee onnude parayn ind
porth aan ulledh",No
734,734,Call >24Hr,2026-12-08,Ambili,34.0,No Information,2026-07-08,No Information,No
735,735,Call >72Hr,,Ambili,9.0,No Information,,"wtsp
inc
all done payment nte karyam nale parayum",No
736,736,Call >24Hr,,Ambili,9.0,No Information,,No Information,No
737,737,Call >24Hr,,Ambili,0.0,No Information,,"plustwol science aayrnnu,  veed tvm, nursing edkkananyrnn plan",No
738,738,Call <8Hr,,Rincy,15.0,No Information,,plus 2 commerse..thrissur///3n bc...dgreekk kodthitud nokatte enn//..19n nokkunnilla,No
739,739,Call <4Hr,2026-11-08,Rincy,1.0,No Information,2026-11-08,aal vtl illa//5n vtl illa///6n bc///8n bc anu,No
740,740,Call <4Hr,2026-03-08,Rincy,21.0,No Information,,No Information,No
741,741,Call >72Hr,2026-06-08,Rincy,0.0,No Information,,+966565248651............msg ayachuu....///6n rnp//14n msged,No
742,742,Call < 5 mins,2026-03-08,Sanju,0.0,No Information,2026-04-08,wtsp,No
743,743,Call < 30 mins,2026-05-08,Rincy,36.0,No Information,2026-07-08,msg ayakaan paranju//4n rnp//5n rnp,No
744,744,Call <4Hr,2026-04-08,Rincy,15.0,No Information,2026-04-08,aal vtl illa,No
745,745,Call <4Hr,2026-04-09,Rincy,21.0,No Information,,msged............diploma cs ang engineering..........malappuram...5n call ponilla msgded.....frnd koodi nd appo korch late aavum keeran enn///13n........frndinte number thannu.............18naloykatte  enn///24n rnp...28n bc aanenn...time edukkum,No
746,746,Call <4Hr,,Rincy,33.0,No Information,2026-06-09,"///3n rnp//4n rnp,,,,,,,,,,..msged ok aan...korch time veeanm enn///11n rnp///13n rnp...19n bc aan.........20n msged....27n msged......1n msged",No
747,747,Call <4Hr,2026-03-08,Rincy,18.0,No Information,,No Information,No
748,748,Untouched,,Unknown,0.0,No Information,,No Information,No
749,749,Call >24Hr,2026-04-08,Ambili,0.0,No Information,2026-05-08,No Information,No
750,750,Call >24Hr,2026-04-08,Rincy,118.0,No Information,2026-04-08,///4n rnp....b com aayirunnu.......university............,No
751,751,Call >24Hr,2026-08-08,Rincy,47.0,No Information,2026-07-08,bc....kuttyeelan phone eduthe....samsarichuu............///8n rnp,No
752,752,Call >72Hr,,Sumayya,0.0,No Information,,"ONNUM MINDUNNILLA//5n rnp///6n rnp///8n rnp
13/8//rnp/3/  RNP@NIGHT  14/8//rnp/2/   15/8//rnp//2  20/8//rnp/2//",No
753,753,Call >24Hr,2026-04-09,Rincy,0.0,No Information,2026-08-09,"finance credit office .......ernakulam....age 21...............ok aan fund issue brotol workshop attend aakeedah..kochi aan veed...
....scholorship exam attend akanam enn///8n rnp...11n scholorship date kittiya ariyikanam enn...14n msged
..18n msged..24n msged
///31n rnp///4n rnp",No
754,754,Call >24Hr,2026-06-08,Rincy,0.0,No Information,,not availablae///6n rnp......9526106577.....14n bc aanu///18n rnp///msged time veenam enn.....31n ippo oru course cheyyunnund adh kayinjitte pattollu,No
755,755,Untouched,2026-02-08,Sanju,0.0,No Information,2026-03-08,"wtsp 
uae aan so online class aan nokunne",No
756,756,Untouched,2026-02-08,Sanju,0.0,No Information,2026-05-08,"wtsp 
veetukrod choikanam ennaan paranje
details shared aan",No
757,757,Call >24Hr,,Rincy,20.0,No Information,,POLI DIPLOMA.........kottakkal/////////anneeeshikatte enn///6n rnp///8n details ayakan,No
758,758,Untouched,2026-01-08,Bridgeon Admin,506.0,No Information,2026-03-08,"inc
details shared aan baki followup il aan bca completed aan",No
759,759,Untouched,2026-02-08,Sanju,788.0,No Information,2026-03-08,details shared aan brthr nod samsariknm evng parayam ennan paranje to manjeri,No
760,760,Call >48Hr,,Rincy,9.0,No Information,2026-07-08,4n rnp///6n cut aaki,No
761,761,Call >48Hr,2026-04-08,Rincy,31.0,No Information,,No Information,No
762,762,Call >48Hr,2026-01-09,Rincy,24.0,No Information,2026-05-09,///4n rnp//4n rnp//5n workilan ///6n rnp//14n ......workilan pinne vilikam enn paranju//14n rnp//..19n rnp//29n bc..1n bc msg ayakan,No
763,763,Call >48Hr,2026-04-09,Rincy,0.0,No Information,2026-08-09,house wife aan plus 2 kayinju acoounting padichu........4 varsham kayinu kayinju plus 2 kayinjit wayanad aan veed.........3 month kayinitta nokunne///4n rnp,No
764,764,Call >48Hr,2026-06-08,Rincy,17.0,No Information,2026-05-08,bc,No
765,765,Call >48Hr,,Rincy,21.0,No Information,2026-08-08,4n rnp///6n rnp,No
766,766,Call >48Hr,2026-04-08,Rincy,24.0,No Information,,No Information,No
767,767,Call >48Hr,,Rincy,14.0,No Information,,incomming illa...msged//5n rnp same///8n rnp//..19n rnp same//28n onnum keelknilla msg aychu,No
768,768,Call >48Hr,2026-06-08,Rincy,6.0,No Information,2026-05-08,dgree padichond nikan placement ndo choych ingot call aaka paranj vechit poui,No
769,769,Call >48Hr,,Rincy,25.0,No Information,,4n rnp///6n rnp//14n rnp//..19n rnp////25n rnp////25n rnp//29n rnp,No
770,770,Call >48Hr,2026-08-08,Rincy,22.0,No Information,2026-07-08,drivingil//5n rnp///6n bc,No
771,771,Call >24Hr,2026-03-08,Ambili,0.0,No Information,,No Information,No
772,772,Call >48Hr,,Ambili,0.0,No Information,,No Information,No
773,773,Call >48Hr,2026-06-08,Rincy,46.0,No Information,2026-10-09,///4n rnp..........bca kayinju wayanad aan veed.....already course cheyyunnund cyber security aan nokunnee....avde oru sugallya nokatte oaranjikn......6n adh kayyatte rand masam koodi nd nokatte enn,No
774,774,Call >48Hr,,Rincy,0.0,No Information,2026-07-08,///4n rnp call ponilla//4n rnp//5n rnp sAME CALL PONILLA//14n same call ponilla....whats app illa,No
775,775,Call >48Hr,2026-04-09,Rincy,0.0,No Information,,aal vtl illa////umma aan call idkne vtl illa aennanne [parayne///6n rnp///8n rnp///15n rnp//..19n rnp////25n rnp//28n rnp,No
776,776,Call >48Hr,2026-06-08,Rincy,26.0,No Information,2026-04-08,///4n rnp,No
777,777,Call >48Hr,2026-12-08,Ambili,23.0,No Information,2026-05-08,"regstr cheydha ormalla, ippodgree bcom kazhinjedhan, veed nadhapuram",No
778,778,Untouched,2026-06-08,Ambili,0.0,No Information,2026-07-08,"ippo dotnetil wrkeyyunnnd, infoparkil aalk ini edh edknnmnn confusion aan online or offline, dotnet angular aan nokkunnedh, kochi hubiln ucha vare irikkunna pole attnd aakkam enn parnjind aal confused aan edh edkknmnn",No
779,779,Call >48Hr,2026-04-09,Rincy,0.0,No Information,2026-02-09,kochi......ba arabic.......online nokunne..work cheyyunnund lap illa brotherinod choykatte enn///6n rnp///8n rnp.////11n rnp///18n rnp///24n onnum keelknilla////25n msged///31n rnp///4n rnp,No
780,780,Call >48Hr,2026-06-08,Rincy,21.0,No Information,2026-04-08,///4n rnp,No
781,781,Untouched,2026-11-08,Sumayya,0.0,No Information,2026-04-09,"wtsp
call not possible watsap messaged 
looking for offline course watsapp mathre call patu abroad aan ulle   
recently connnected on watsaoppp but now no response   21/8/no calls only msgs but no msgs tooo   25/8//msgedd.//but not proper respones  28/8//watsappp msgedd//
1/9//watsaopp connected and detils shred changed fee structure",No
782,782,Call >48Hr,2026-06-08,Rincy,0.0,No Information,2027-06-01,plus 2 ....dgree first year join.....calicut thamarasseri............//5n rnp msg ayachittund///6n rn.............1 year kayinjitt nokam,No
783,783,Call >48Hr,2026-04-09,Rincy,0.0,No Information,2026-03-09,///4n rnp...whats app illa///6n rnp//14n rnp//..19n rnp///25n just details shared//28n rnp///4n rnp,No
784,784,Call >48Hr,2026-12-08,Ambili,27.0,No Information,2026-05-08,No Information,No
785,785,Untouched,2026-01-08,Bridgeon Admin,625.0,No Information,2026-02-08,inc detail shared aan baki followup il aan mlp pandikad aan place,No
786,786,Call >48Hr,2026-04-08,Rincy,32.0,No Information,,No Information,No
787,787,Call >48Hr,2026-04-08,Ambili,381.0,No Information,,No Information,No
788,788,Call >48Hr,2026-04-08,Ambili,0.0,No Information,2026-05-08,No Information,No
789,789,Call >48Hr,,Ambili,1.0,No Information,2026-02-09,"ITI aan kazhinjedh, stenogrphy ippo field maran nokkunnu veed mlprm mnjerik aduth, vtl samsarikknm",No
790,790,Call >48Hr,2026-04-08,Ambili,18.0,No Information,2026-05-08,No Information,No
791,791,Call >48Hr,2026-04-08,Ambili,49.0,No Information,,No Information,No
792,792,Untouched,2026-04-08,Sanju,110.0,No Information,2026-06-08,lookieloop pole ind may be keram alengi kerilaaa kalipikal aan,No
793,793,Call >48Hr,,Najiya,47.0,No Information,,"degree2nd year drop out ba english,coding course interested,she is ponnani",No
794,794,Untouched,2026-04-08,Sanju,28.0,No Information,2026-05-08,vilikam enn paranju cut aaki,No
795,795,Call >72Hr,2026-04-08,Sanju,0.0,No Information,2026-05-08,No Information,No
796,796,Call >72Hr,2026-04-08,Sanju,51.0,No Information,,No Information,No
797,797,Call <4Hr,,Najiya,0.0,No Information,,"plustwo fail,interested just course 6 month ,details sending,not placements",No
798,798,Call < 5 mins,2026-03-08,Najiya,68.0,No Information,2026-03-08,"Plustwo fail,",No
799,799,Call < 5 mins,,Najiya,0.0,No Information,2026-05-09,Plustw fail interestedit course,No
800,800,Call >72Hr,2026-04-08,Sanju,0.0,No Information,,No Information,No
801,801,Call >72Hr,2026-04-08,Sanju,79.0,No Information,,No Information,No
802,802,Call >48Hr,2026-04-09,Rincy,0.0,No Information,2026-08-09,b com kayinju thrissur aan veed//4n rnp///8n rnp///11n rnp//14n rnp//..19n rnp//28n rnp///4n rnp,No
803,803,Call >72Hr,,Ambili,5.0,No Information,,No Information,No
804,804,Call >72Hr,2026-04-08,Ambili,0.0,No Information,2026-05-08,No Information,No
805,805,Call >72Hr,,Rincy,0.0,No Information,2026-04-09,details shared bca aan oru friend koode ind ennan paranje baki follow up il aan  acharya college//..19n rnp//..19n rnp///20N RNNP///24n rnp//28n rnp,No
806,806,Call >48Hr,2026-07-08,Najiya,0.0,No Information,2026-04-09,No Information,No
807,807,Untouched,,Unknown,0.0,No Information,,college seat kitty,No
808,808,Call >48Hr,,Rincy,0.0,No Information,2026-04-09,range illa//4n rnp//5N DGREE PHYSICS.........nokate enn paranju///8n rnp///11n rnp//14n rnp//..19n rnp//27n rnp,No
809,809,Call >48Hr,2026-06-08,Rincy,12.0,No Information,2026-06-08,dgree bca ............third year.............inn pattilla enn,No
810,810,Untouched,,Bridgeon Admin,293.0,No Information,,plustwo aan inc details shared aan wtsp connected baki followup aan immediate joining,No
811,811,Call >48Hr,,Ambili,25.0,No Information,,"makalkk vendittan bsy aan, plstwo e varshm kazhinjdhaan veed kasarkode nattil illa monday ethollu",No
812,812,Call >48Hr,2026-03-08,Najiya,42.0,No Information,2026-05-08,jaisal cousin,No
813,813,Call < 5 mins,2026-08-08,Najiya,0.0,No Information,2026-01-10,interested online batch,No
814,814,Call >72Hr,,Rincy,2.0,No Information,2026-04-09,///4n rnp///6n rnp//14n rnp//..19n rnp incomming illa///24n rnp//29n rnp,No
815,815,Call < 5 mins,2026-01-08,Najiya,27.0,No Information,2026-01-08,"interested ,foundation batchilek nokkam",No
816,816,Call < 5 mins,2026-11-08,Najiya,0.0,No Information,,"he is aiml course enquiry,ba english,fundation kayinjittu select cheythal mathi course",No
817,817,Call < 5 mins,2026-01-08,Najiya,56.0,No Information,2026-03-08,degree anu nokunnathu,No
818,818,Call < 5 mins,,Najiya,156.0,No Information,2026-04-09,"he is edavanna ,german language padikkunathu drop cheythu,it anu nokunnathu shorterm uiux chodichirunnu",No
819,819,Call >72Hr,2026-04-08,Ambili,0.0,No Information,2026-05-08,No Information,No
820,820,Call >48Hr,2026-11-08,Rincy,0.0,No Information,2026-10-08,///3 n rnp//4n rnp///6n rnp ///8n rnp,No
821,821,Untouched,,Unknown,0.0,No Information,2026-09-09,"Ba english,he is now abroad nattil vannittu nokkam,distane degree doing 2nd year,097455277836",No
822,822,Call >48Hr,2026-12-08,Ambili,4.0,No Information,,No Information,No
823,823,Call < 5 mins,,Bridgeon Admin,348.0,No Information,2026-03-08,plus 2 kayinju.........kozhikode aan veed..........,No
824,824,Call >48Hr,2026-06-08,Rincy,0.0,No Information,2026-08-08,invalid number///3n  rnp same....msged///6n rnp,No
825,825,Call >48Hr,2026-04-09,Rincy,0.0,No Information,2026-07-09,siir korch samsarichuu...nokeett parayam enn...ok aan sep batch aan veendath...onam aayittulla therakan ..vtl orupad functions nd ...ivde free avyumbo vann nokanam ennokke...15n munne confirmation ariyikan paranjittund..........................aug vtl funcion nd adh kayinitte nokollu enn//27n rnp///1n rnp///4n rnp,No
826,826,Call <8Hr,,Rincy,166.0,No Information,2026-05-09,data analytics just enquiry////2n rnp..msged///6n rnp..........8n fee structure onn korkan online..11n msged..12n msged............bc aanunn...fund illa kayyil time idkum ok aan..next  month annokunne//28n msged...msged,No
827,827,Call >48Hr,,Rincy,0.0,No Information,,////2n rnp///4n orakkathilan thonnunu//5n rnp incomming call ila//14n rnp//..19n rnp////25n rnp,No
828,828,Call >48Hr,2026-06-08,Rincy,21.0,No Information,2026-06-08,10 mannarkad aan veed////2n ...nokeett parsayam//4n rnp,No
829,829,Call < 5 mins,,Rincy,0.0,No Information,,////2n rnp//4n rnp///6n rnp//14n rnp//..19n rnp///24n rnp//27n rnp,No
830,830,Call < 5 mins,2026-02-08,Rincy,16.0,No Information,,No Information,No
831,831,Call < 5 mins,2026-07-08,Rincy,34.0,No Information,2026-07-08,"kannur,,,bca cs.......////2n rnp//4n rnp........6n,,,,,,.ok aan nokatte enn///////////fund set aavoolla enn",No
832,832,Call >72Hr,,Rincy,31.0,No Information,,wtsp..............hospital case.....monday hub visit aakam enn,No
833,833,Untouched,,Bridgeon Admin,655.0,No Information,,online aan nokune details shared aan authority call chythal close avum,No
834,834,Call < 5 mins,,Najiya,5.0,No Information,,"only watsap,plustwo fail",No
835,835,Call >48Hr,2026-03-09,Ambili,0.0,No Information,,"aalk oru prt time crse aan vendeth athrayk angt ok aaittilla veed kuttippuram, he is very confused",No
836,836,Call >72Hr,2026-01-08,Bridgeon Admin,120.0,No Information,,today hub visit,No
837,837,Call >72Hr,2026-04-08,Sanju,5.0,No Information,2026-05-08,rnp,No
838,838,Call < 5 mins,,Ambili,1055.0,No Information,,No Information,No
839,839,Call >72Hr,2026-04-08,Rincy,0.0,No Information,2026-04-08,///4n rnp,No
840,840,Call >72Hr,,Bridgeon Admin,673.0,No Information,2026-04-08,call edukunund samsarikunila,No
841,841,Call >72Hr,2026-05-08,Rincy,22.0,No Information,2026-07-08,age 29 ..uae aan business....whole sale aan//5n rnp... whats app illa,No
842,842,Call <24Hr,2026-01-09,Rincy,27.0,No Information,,////2n rnp//4n rnp///6n rnp///8n rnp///11n rnp///13n rnp...........poathaan  aan thirich vannitt vilikam enn,No
843,843,Call >72Hr,2026-04-08,Sanju,33.0,No Information,,No Information,No
844,844,Call >72Hr,2026-12-08,Ambili,152.0,No Information,,"ippo wrkeyyan, oil and gas , veed thrissur, field switch aan nokkunnedh",No
845,845,Untouched,,Unknown,0.0,No Information,2026-03-08,"prajith frd // details mathram arinjuu , pinne reply onnum illa,",No
846,846,Call >24Hr,,Najiya,0.0,No Information,2026-04-09,"faisal frnd,media course enquiry",No
847,847,Call <24Hr,,Najiya,51.0,No Information,,Faisal gudallur frnd.frnds visited hub,No
848,848,Call >72Hr,,Rincy,12.0,No Information,,bc.........dgree ba english kayinju....6n bc///8n rnp///11n rnp//14n rnp,No
849,849,Call >72Hr,2026-04-08,Sanju,35.0,No Information,,No Information,No
850,850,Call >72Hr,,Ambili,0.0,No Information,,No Information,No
851,851,Call < 5 mins,,Najiya,2.0,No Information,2026-04-09,"humanities,he is working cafe,brother accounting ,brother paranjittu vilikunnu,workinu kayarum 11 manik",No
852,852,Call < 5 mins,,Najiya,0.0,No Information,,"fathima rinsha brother,karakunnu,enquiry for sister,mernstack course enquiry,she is humanities",No
853,853,Call < 45 mins,,Bridgeon Admin,758.0,No Information,,"inc call 
details shared aan almost closed",No
854,854,Call >72Hr,,Sumayya,17.0,No Information,,"inc details shared aan imm join
15/8/rnp/2/",No
855,855,Call >72Hr,2026-06-08,Rincy,16.0,No Information,2026-05-08,///3 n rnp//4n rnp,No
856,856,Call < 5 mins,,Najiya,59.0,No Information,,"Areekode,tech course or media course enquiry ,not decide nokeetu parayam",No
857,857,Call < 5 mins,,Ambili,807.0,No Information,,No Information,No
858,858,Call <24Hr,,Rincy,33.0,No Information,2026-12-08,dgree b com.....kottakkal...on.ine aan nokne////2n rnp///3n rnp///8n rnp.............13n ....not intrested,No
859,859,Call <24Hr,,Rincy,41.0,No Information,,busilanenn,No
860,860,Call < 5 mins,,Rincy,35.0,No Information,2026-04-09,ponnani plus 2 humanties.........vt alla///6n rnp///8n rnp///11n rnp///18n rnp//27n rnp//27n lap set aayeella adh ready aaayitti;lla,No
861,861,Untouched,,Unknown,0.0,No Information,,No Information,No
862,862,Call < 5 mins,,Rincy,36.0,No Information,,30n rnp//30n rnp//4n rnp...dgree b com...kannur...///8n rnp///13n rnp,No
863,863,Call < 5 mins,2026-04-08,Rincy,51.0,No Information,2026-06-08,30n rnp//30n rnp//4n,No
864,864,Call < 5 mins,2026-02-08,Najiya,0.0,No Information,2026-04-08,"he is not decide offline or online course ,inform later",No
865,865,Call < 5 mins,,Najiya,27.0,No Information,,No Information,No
866,866,Call < 5 mins,,Najiya,7.0,No Information,,No Information,No
867,867,Call < 5 mins,,Najiya,441.0,No Information,,No Information,No
868,868,Call < 5 mins,,Najiya,5.0,No Information,,No Information,No
869,869,Call < 5 mins,,Najiya,456.0,No Information,,No Information,No
870,870,Call < 5 mins,,Rincy,0.0,No Information,2026-05-09,pallikkal bazar aan veed.. bc aan workil aan ////31n rnp...evening vilikaan..ippo nokunnilla eenn///6n rnp///8n rnp bc.////11n rnp  bc///15n rnp//..19n rnp///24n rnp//28n rnp,No
871,871,Call >24Hr,2026-08-08,Najiya,0.0,No Information,2026-08-08,"interested ,discuss parents,she is padikkal wallk inwith aunty",No
872,872,Untouched,,Unknown,0.0,No Information,2026-05-08,reference aan online aan nokunne,No
873,873,Untouched,,Najiya,0.0,No Information,,No Information,No
874,874,Call < 5 mins,,Rincy,0.0,No Information,2026-10-09,"plus 2 kayinju ...kayinja year..1 year gap......vandoor,..........manjeri hub visit kayinju sir vilichu ippo nokunnilla paranju korch kayyatte enn///6n rnp///8n rnp///18n distance korch issue aan vakllya oru thalparyam illa///24n rnp//28n rnp",Yes
875,875,Call < 5 mins,2026-06-08,Rincy,21.0,No Information,2026-05-08,bc//30n rnp///31n rnp...2n graphics designiing work cheyyuvan....palakad aan veed...,No
876,876,Call <4Hr,,Bridgeon Admin,71.0,No Information,,b tech kayinju,No
877,877,Untouched,,Unknown,0.0,No Information,,plus 2 fail aan........,No
878,878,Call <4Hr,2026-01-08,Ambili,180.0,No Information,,No Information,No
879,879,Call >72Hr,,Bridgeon Admin,893.0,No Information,,wtsp,No
880,880,Call < 5 mins,,Najiya,0.0,No Information,2026-04-09,"interested,discuss parents,he is near to manjeri hub,tuesday or wdnesday payment cheyyan nokkam",No
881,881,Untouched,,Unknown,0.0,No Information,2026-07-08,hub visit today,No
882,882,Call <24Hr,,Sumayya,1184.0,No Information,,No Information,No
883,883,Call < 5 mins,,Najiya,195.0,No Information,,discuss parents after inform,No
884,884,Untouched,,Bridgeon Admin,831.0,No Information,,luminar studied no use kottayam aan details shared aan baki followup aan,No
885,885,Call >72Hr,2026-08-08,Ambili,0.0,No Information,2026-10-08,No Information,No
886,886,Call <24Hr,,Rincy,26.0,No Information,,"plus 2 cs kayinj thanjur aan veed ok aan nokate enn...........vtl aarulla nale paraym////2n rnp////3n rnp..4n msged..//5n parent sanjune vilichu,,,details okke share cheydhu.........umma fund set aakatte enn paranju..nokeett parayam enn///8n rnp...eppayum vilikkunnund but no response....13n sir vilichu onnum mindunnilla",No
887,887,Untouched,,Bridgeon Admin,352.0,No Information,,details shared inc ann quick joining aan,No
888,888,Call <24Hr,2026-02-08,Sanju,0.0,No Information,,kochi nale visit cheyyum frend und ivide vere arayo copntact cheythittund,No
889,889,Call < 5 mins,,Najiya,1.0,No Information,,"data science aiml and cloud computing enquiry,6 month oitching",No
890,890,Untouched,,Bridgeon Admin,1801.0,No Information,,details shared aan bba aan padichath 2-3 mnths avum join chyan but booking possible aanu pitch chythindu,No
891,891,Untouched,,Unknown,0.0,No Information,,details shared aan friend nu vendiyan nn aan paranje fee il korach confusion induclear chythind baki followup aan alappuzha aan place nxt mnth lek aan nokune,No
892,892,Call < 5 mins,,Najiya,0.0,No Information,2026-09-09,"interested data anaytics,visit manjeri hub tmrw",No
893,893,Call <24Hr,,Bridgeon Admin,479.0,No Information,,b tech cs kayinju ippo nokunnilla just details aryan veendi vilicgadha///30n rnp,No
894,894,Call >72Hr,2026-03-09,Rincy,489.0,No Information,2026-04-09,bsc cs...thamiynad aan...........online aan nokunne details ayakan paranju........frnds koode nduu.......10nte ullil confirmation ariyikam enn paranju///11n rnp..........nokatte enn......................//////sep kayinjit.......sep prebook aakam////25n rnp..3n nokeet parayam,No
895,895,Call < 5 mins,,Sanju,250.0,No Information,,details shared reference,No
896,896,Call <24Hr,,Sanju,0.0,No Information,,details shared friends aan to manjeri,No
897,897,Call < 5 mins,,Bridgeon Admin,566.0,No Information,,"inc 
to manjeri details shared aan 3rd nu ulla batch lekanu",No
898,898,Untouched,,Unknown,0.0,No Information,,No Information,No
899,899,Untouched,,Unknown,0.0,No Information,,No Information,No
900,900,Untouched,,Unknown,0.0,No Information,,No Information,No
901,901,Call < 5 mins,,Najiya,0.0,No Information,2026-01-09,"edavanna ,year gap 4 year",No
902,902,Call >72Hr,2026-02-08,Sanju,34.0,No Information,,wtsp,No
903,903,Call >72Hr,2026-02-08,Sanju,19.0,No Information,2026-03-08,wtsp,No
904,904,Call >24Hr,,Sanju,58.0,No Information,,wtsp,No
905,905,Call >72Hr,2026-03-08,Sanju,0.0,No Information,2026-04-08,wtsp,No
906,906,Call <1Hr,2026-04-09,Rincy,0.0,No Information,2026-09-09,msged//30n rnp////2n rnp//4n rnp///8n rnp//14n rnp///20N RNNP////25n rnp///31n rnp///4n rnp,No
907,907,Untouched,,Unknown,0.0,No Information,,No Information,No
908,908,Call < 15 mins,2026-02-08,Rincy,13.0,No Information,,bc aanu...kutty nd b com kayinju career gap nd ...nokatte husin choychokkatte enn//30n rnp////2n nokkunnilla,No
909,909,Call <8Hr,,Rincy,33.0,No Information,,video graphy aanu veendath,No
910,910,Call <8Hr,,Sanju,230.0,No Information,2026-01-09,"amalntte frnd ann so allk courseintte deatails okke paranj kodthind , nalle informe cheyam enn ann paranjeth// allk ippooo  korch payisantte ishu ind so ath kayinjitt join cheyam enn ann vijarikunne enn paranju , so one month kayinjitt folow up cheyam enn vijarikunnu",No
911,911,Call >24Hr,2026-01-08,Sanju,51.0,No Information,,No Information,No
912,912,Call <24Hr,,Ambili,113.0,No Information,,No Information,No
913,913,Call <24Hr,2026-07-08,Ambili,26.0,No Information,2026-07-08,aalkk bayankara jaada onnm parayno kelkkano nikkunnilla e varsham dgree kazhinjedhan,No
914,914,Call < 5 mins,,Sumayya,19.0,No Information,,minha nte frnd aaann//,No
915,915,Call <24Hr,,Sanju,0.0,No Information,2026-03-08,"All ippo calicut university msa cheyann, evning batch ann cheyanne, allk cyber security indoo enn choiyichindayirnnu pinne kudthal samsarikan pattilla, wtsp connect cheyind, details wtsp cheythind//all cyber cecurity thane ann nokkunee enn paranj enthayllum 
She was that much interested in cyber security// enthayallum follow up cheyth nokkam enn vijariku7nnu",No
916,916,Call < 5 mins,,Sumayya,0.0,No Information,2026-03-09,"mallprmm aaann
29/7//nala visit
10/8//rnp2
12/8//visit vannuuu//vtl samsariknm  13/8//rnp//    15/8//rnpp/2   18/8/rnp/2   20/8//rnp/2/watsapp no rersponse   25/8//rnp/2  31/8//rn[p/2",No
917,917,Untouched,,Unknown,0.0,No Information,,No Information,No
918,918,Call >72Hr,2026-11-08,Rincy,0.0,No Information,2026-09-08,"chechi aann eduthe aniythi vermpo vilikn paranj vechh
8/8//blocked anenn thonnannn.////11n rnp",No
919,919,Call < 15 mins,2026-02-09,Sumayya,0.0,No Information,,"+2 kayijjnuuuu say eythi pass ayii 2nam//palakkad nenmaara aann oplace//
11/8//rnp/2  14/8//rnp/2/ 19/8//rnp/2/  27/8/rnp/2/watsappp also no response   29/8/rnp/2watsapp no response",No
920,920,Untouched,,Unknown,0.0,No Information,,No Information,No
921,921,Call >24Hr,2026-06-08,Sumayya,46.0,No Information,,"wtsp
digital marketingno incoming watsapp connected
nerittt poii visit chythu but avde media illatahonnddd nokknillaa",No
922,922,Call < 15 mins,,Ambili,46.0,No Information,,No Information,No
923,923,Call < 5 mins,,Ambili,0.0,No Information,,No Information,No
924,924,Untouched,2026-05-08,Sanju,20.0,No Information,2026-05-08,"details shared +2 aan intrested aan followup il aanu

innu evng thanne parayam ennan paranje",No
925,925,Call < 5 mins,,Najiya,2.0,No Information,2026-03-09,rnp,No
926,926,Call < 5 mins,,Sumayya,15.0,No Information,,"pg kayinjthh aann economics illl///perinthlmnnaa aamnnn plcee//
29/7//husbnd aayit samsariknmm//husbnd thrissur infoprk illl wrk chyyuvvaaannn//",No
927,927,Untouched,,Unknown,0.0,No Information,,No Information,No
928,928,Untouched,,Unknown,0.0,No Information,,No Information,No
929,929,Untouched,2026-05-08,Sanju,0.0,No Information,2026-10-08,plustwo aan details shared aan pain ind set avanam ennu father carpenter aanu ivan banglore aayrnu ipo 2mnths aayt vtil aan,No
930,930,Call <24Hr,,Sanju,243.0,No Information,,whats app contact cheyyunnu plus two kazhinju gap und 2 yer verem nokkunnund,No
931,931,Untouched,,Unknown,0.0,No Information,,No Information,No
932,932,Call >24Hr,,Bridgeon Admin,0.0,No Information,,today payment chyum ennan paranj,No
933,933,Untouched,,Unknown,0.0,No Information,,No Information,No
934,934,Call <24Hr,,Bridgeon Admin,0.0,No Information,,No Information,Yes
935,935,Call <24Hr,2026-05-08,Ambili,0.0,No Information,2026-07-08,"veed edappal, plustwo science padich one yr gap vannu fail aaytt adh ezhthy edth",No
936,936,Call <24Hr,,Bridgeon Admin,60.0,No Information,,No Information,No
937,937,Untouched,,Sanju,0.0,No Information,,"details shared aan plustwo paper kittan indu nios pitch chythind ok aakam folowup il aan father dubai il aan 
rnp",No
938,938,Call < 5 mins,,Sumayya,13.0,No Information,,"night ee freee avulluu
29//7//@8:00 rnp/2/
details shared aann//avn neritt veranamm//
11/8///eduthu cut aaki poiii  13/8//RINCY VILICHU BUT CUT AAKI KALANJUU",No
939,939,Untouched,,Bridgeon Admin,70.0,No Information,2026-07-09,pudunagaram palakkad aan 3 students ind but oru confusion ind elavarkum followup il aanu,No
940,940,Call <24Hr,,Sanju,79.0,No Information,2026-06-08,"wtsp chat
plus two pottiyathaan",No
941,941,Call >72Hr,,Rincy,0.0,No Information,,No Information,No
942,942,Call >48Hr,,Bridgeon Admin,84.0,No Information,,"inb call
hub visit 
benjalis staffs brthr",No
943,943,Call < 5 mins,2026-01-08,Najiya,0.0,No Information,2026-01-08,"working ,aibootcamp enquiry",Yes
944,944,Call < 15 mins,2026-03-09,Ambili,0.0,No Information,2026-07-09,"avan interested aan septmbr batch aan vendeth, veed payyannur",No
945,945,Call >24Hr,,Sanju,2.0,No Information,,"whatsap chat
rnp",No
946,946,Call < 5 mins,2026-07-08,Ambili,74.0,No Information,,No Information,No
947,947,Call < 15 mins,2026-11-08,Najiya,31.0,No Information,,No Information,No
948,948,Call >72Hr,,Sumayya,0.0,No Information,,"///29n rnp//30n rnp switched off////2n rnp
7/8//rnp/2//
8/8/rnp/2//",No
949,949,Call <4Hr,,Ambili,1.0,No Information,2026-10-08,"2023 dgree bcom kazhinju, ippo onnm cheyyunnilla, pinne cyber security padichirunnu, adhil jobn keritt quit cheydhu veed vaikom details full prnjittilla",No
950,950,Call <4Hr,,Ambili,0.0,No Information,,No Information,No
951,951,Untouched,,Bridgeon Admin,639.0,No Information,,"2 days il payment chyam ennan paranj next batch thane keran aan ipo natil illa so vanitu hub visit planum ind
rnp",No
952,952,Untouched,,Bridgeon Admin,37.0,No Information,,"details shared aan baki followup aan
followup on watsapp
parent nodu choichitilla choichit parayam ennan paranje",No
953,953,Call <4Hr,2026-12-08,Ambili,44.0,No Information,2026-07-08,"bca aan kazhinjedh, veed kottayam, mern aan nokkunnedh",No
954,954,Call <24Hr,,Najiya,17.0,No Information,2026-06-08,No Information,No
955,955,Untouched,,Unknown,0.0,No Information,,+971502704355..........///vilichu b com kayinju.......malappuram aan veed///29n rnp//30n rnp msged///2n msged//6n msged///11n msged///13n msged..INTREST ILLA,No
956,956,Call < 30 mins,,Rincy,0.0,No Information,,ajayinte frnd,No
957,957,Call <4Hr,2026-04-09,Rincy,161.0,No Information,2026-05-09,bca cs kasargod aan veed.........ok aan oyapplla............ippo nokunnilla 2 month kayinjittt........4n aal ok aan accident aayi kadakan so korch time idkum book aaki idan nokam enn,No
958,958,Call <8Hr,2026-04-08,Rincy,14.0,No Information,2026-03-08,incomming call illa///29n rnp same............3n bc aanenn,No
959,959,Call <8Hr,,Rincy,35.0,No Information,,"//bc..dgree b com distance education........padichkond irikan.........
nokatte ippo nattil illaenn nokatte .............nokatte enn////2n ippo fund issue nd endhsaylum noka, enn........20n nokunnilla enn",No
960,960,Call <8Hr,,Rincy,23.0,No Information,,bc,No
961,961,Call <8Hr,,Sanju,6.0,No Information,,"wtsp 
rnp
msgd",No
962,962,Call >72Hr,,Sumayya,0.0,No Information,,"details shared aan bcom aan padichath data analytics aan nokunathu vere institute oke nokitundu convert chyan patuo nokind parents oke teachers aan 
leg injury aayt irikaanu parayam ennan paranjath   
18/8/RNP/3   20/8//rnp/2/   25/8//rnp/2/   28/8//he msgedd that phn is complaintt//so only msmgm",No
963,963,Call <8Hr,,Rincy,8.0,No Information,,bc aanenn///29n korch prashnathilaan///13n bc///18n rnp///24n rnp//28n CUT AAKI POYI,No
964,964,Call <8Hr,,Ambili,5.0,No Information,,"bsy aan, weldingn povend bcom ppr bck vannpo one yr break eduthu, data analytics aan chodhichedh padinjattumuri veed, coimbtore wrkilaan aftr 2 weeks vtlethum, ivan crse 1 mnth after madhi ippo porth oru wrkilaan",No
965,965,Call <4Hr,,Rincy,18.0,No Information,,ivdnn aaro vilichkn enn paranju,No
966,966,Untouched,,Sanju,33.0,No Information,,"married aan details shared aan manjeri kku aan nokune hus business aan cbe lu 
attended by husbnd vtil etheet vilikam ennanu paranje",No
967,967,Call >24Hr,,Najiya,0.0,No Information,2026-07-08,Shameel frnd,Yes
968,968,Call <24Hr,,Najiya,89.0,No Information,2026-07-08,"visited hub with family, interested,brotoyil pap kittiyilla ,join technodot",No
969,969,Untouched,,Unknown,0.0,No Information,,No Information,No
970,970,Untouched,,Unknown,0.0,No Information,,No Information,No
971,971,Call <4Hr,,Rincy,0.0,No Information,,nale hub viist///29n rnp...30n nokatte enn//30n rnp////2n rnp///5n rnp.////11n rnp///13n rnp///18n rnp,No
972,972,Call >48Hr,,Sumayya,0.0,No Information,,"no incoming onluy watsappp and rnpp//only msg avalilble
11/8//rnp/2/ 14/8/rnp/2  19/8//rnp/2",No
973,973,Call <8Hr,,Ambili,0.0,No Information,,No Information,No
974,974,Call >72Hr,2026-03-09,Rincy,11.0,No Information,2026-04-09,"For sisetr//nala viist verm
14/8//no response  20/8//rnp//2  27/8//rnp/2//no response in watsapp//3N RNP",No
975,975,Call <24Hr,,Bridgeon Admin,30.0,No Information,,No Information,No
976,976,Call <24Hr,,Bridgeon Admin,21.0,No Information,,No Information,No
977,977,Untouched,2026-08-08,Sanju,0.0,No Information,,bsc aan eh yr pass out details shared aan oru friend koode ind nn paranju nale mng decission parayam ennanu paranjath,No
978,978,Call >72Hr,,Bridgeon Admin,1073.0,No Information,,diploma in cs aan malapuram aan veed details sharedd aanu nale mng leku parayam ennan paranje fees nte karyathil korach confusion ullapole thoni ath clear chythindu,No
979,979,Call >72Hr,2026-07-08,Sumayya,26.0,No Information,,graphic designing +motion graphics aan vendath but convert chyan patum,No
980,980,Call >24Hr,,Ambili,128.0,No Information,,kazhinja varsham plstwo padich ippo mech diploma aan endhokko parayunnu,No
981,981,Call >24Hr,2026-06-08,Ambili,0.0,No Information,2026-07-08,"bca evarsham veed kannur aan veed, padichedh bnglre. edh edkkmnn idea illa",No
982,982,Call >24Hr,,Sumayya,807.0,No Information,,rnp,No
983,983,Untouched,,Unknown,0.0,No Information,,"Perinthlmmannaa
media  aaann nokunnee but kinfra hub venam//vellimmaa hsptilized aannn athoond//visit vernn patillaa//no incoming so only contact through watsaopp",No
984,984,Call >24Hr,,Ambili,0.0,No Information,2026-02-11,"physics aan padichedh, 2022l ippo b,ed distnce cheyyunnund, dgtal mrktng padichit adhil wrkeyynd, ippazhthek alla aftr 3 mnths",No
985,985,Call < 5 mins,,Bridgeon Admin,101.0,No Information,,27 th le batch lek aan nokune inn hub visit aan,No
986,986,Call >24Hr,,Rincy,34.0,No Information,,b tech. ai/ml..balusseri aan veed///29n nokeella enn..30n ippo nokunnilla enn,No
987,987,Call >72Hr,,Bridgeon Admin,691.0,No Information,,+2 fail aan incoming call aan details sahred aanu baki hus nodu choikate ennanu avar paranje nale mankau hub visit aan paranje,No
988,988,Call >24Hr,,Bridgeon Admin,29.0,No Information,,+2 lu oru paper kittan ind almost ok aanu followup il aan,No
989,989,Untouched,,Unknown,0.0,No Information,,enquiry for business analytics whatsap messaged aan,No
990,990,Call >48Hr,,Bridgeon Admin,829.0,No Information,,"for friend ennan paranje incoming call aayrnu place farook college aan pg ku join chythu ennanu paranjath but impressed on call looking for data science course connected to my official number
looks like an institute",No
991,991,Untouched,,Unknown,0.0,No Information,,watsapp msg in followup,No
992,992,Untouched,,Unknown,0.0,No Information,,watsap msg aan video editing aan nokanam paranje call chythitilla call il samsarichale convert chyan patuonn arayulu,No
993,993,Call >24Hr,2026-08-08,Ambili,85.0,No Information,2026-10-08,bca kazhinjitt 4 varsham aayi  ippo gulfilnn job break edth vannedhan,No
994,994,Call >24Hr,,Ambili,128.0,No Information,2026-10-08,"aal wrk cheyyunnund, upskill cheyyanan nokkunnedh, entryl nokkunnund",No
995,995,Call < 5 mins,2026-12-08,Najiya,0.0,No Information,,"data science ,data anaytics enquiry,with frnd riswan,visit manjeri hub",No
996,996,Call >24Hr,,Ambili,87.0,No Information,,"cybersecurity aan vendeth, bt vellya idea onnulla, veed pattambi aalk oru surgery und and 3 months rest venm adh kazhinj nokkanan",No
997,997,Call >24Hr,,Najiya,0.0,No Information,2026-05-09,next month nokkam,No
998,998,Call >24Hr,,Bridgeon Admin,424.0,No Information,,call ponilla///29n rnp same whats app illa////2n rnp,No
999,999,Call < 5 mins,,Najiya,23.0,No Information,,No Information,No
1000,1000,Untouched,,Unknown,0.0,No Information,,chatting through watsapp,No
1001,1001,Call >72Hr,2026-10-08,Sanju,47.0,No Information,,plustwo one paper kittanind nios pitched followup il aan,No
1002,1002,Untouched,,Bridgeon Admin,140.0,No Information,,ai prompt engineering aan nokiye details shared aanu followup aan,No
1003,1003,Untouched,,Unknown,0.0,No Information,,+2 fail aan course kazhiyumbozhek ezhuthi edukam ennan paranje,No
1004,1004,Call >24Hr,,Ambili,0.0,No Information,,No Information,No
1005,1005,Untouched,,Unknown,0.0,No Information,,No Information,No
1006,1006,Untouched,,Unknown,0.0,No Information,,No Information,No
1007,1007,Call < 5 mins,,Bridgeon Admin,0.0,No Information,,10 th pass aan 12th oru paper kitan indu,Yes
1008,1008,Call >24Hr,2026-07-08,Ambili,41.0,No Information,,"plstwo failed aan hr fieldaan nokkunnedh veed kuttipuram englihshaan kittendeth, BUSY",No
1009,1009,Untouched,,Unknown,0.0,No Information,2026-08-09,No Information,No
1010,1010,Call < 5 mins,,Ambili,60.0,No Information,,No Information,No
1011,1011,Call >48Hr,2026-12-08,Ambili,0.0,No Information,2026-08-08,"BUSY, bca ippo dstnce 3rd yr aan veed kuttippuram,",No
1012,1012,Call < 15 mins,2026-07-08,Sumayya,45.0,No Information,,"buzyy 
27/7//avnnn fulll buzyyyy aaaa
29/7//rnp/2",No
1013,1013,Untouched,,Unknown,0.0,No Information,2026-06-08,whatsapp chat aan followup il aan,No
1014,1014,Call >72Hr,,Rincy,0.0,No Information,,..ponnani aan veed........czn aan contact aakiyadh.........ok aan ///29n rnp//30n rnp//5n rnp///11n rnp//14n rnp,No
1015,1015,Call <4Hr,,Rincy,85.0,No Information,,vtl illa enn//28n rnp///29n rnp,No
1016,1016,Call < 5 mins,,Rincy,28.0,No Information,,msged///29n nokeett parayam//30n thalparyalla,No
1017,1017,Untouched,,Unknown,0.0,No Information,2026-06-08,from canada evng aan call chyam nn paranjekune online aaytan nokunne engineering completed aan 29 yrs old,No
1018,1018,Call < 5 mins,,Bridgeon Admin,27.0,No Information,,No Information,No
1019,1019,Untouched,,Bridgeon Admin,492.0,No Information,2026-06-08,details shared nokit parayam ennan paranje,No
1020,1020,Call <4Hr,,Najiya,31.0,No Information,,MEDIA course enquiry,No
1021,1021,Call < 30 mins,,Rincy,18.0,No Information,,vaikunneram vilikam bc aanenn//28n brotherin veendiyan number ayakam enn paranju,No
1022,1022,Call <4Hr,2026-02-08,Rincy,6.0,No Information,2026-02-08,//25n rnp///29n rnp//30n rnp////2n rnp,No
1023,1023,Call <4Hr,,Rincy,0.0,No Information,2026-07-08,incomming call illa//25n rnp///29n rnp same///3n rnp//same//14n rnp same whats app mind aaknilla,No
1024,1024,Call <4Hr,,Rincy,40.0,No Information,,///25n rnp...frnd ippo padikknd..university aan veed///29n clg kitty povan,No
1025,1025,Call <4Hr,2026-04-08,Rincy,13.0,No Information,2026-03-08,buzy aannn///29n rnp...............30n online aan nokne.........dgree kayinjitt 3 year aayinokatte enn,No
1026,1026,Call <4Hr,,Rincy,45.0,No Information,,ippoo buzy aann//ba economics kayinjatha//mallprm aannn,No
1027,1027,Call <4Hr,,Rincy,0.0,No Information,2026-12-08,bc aan///29n rnp//30n rnp///6n rnp///13n rnp,No
1028,1028,Call < 5 mins,,Najiya,0.0,No Information,2026-05-09,"plustwo fail anu ,details ayachittund",No
1029,1029,Untouched,,Unknown,0.0,No Information,2026-06-08,talked to father inn evng parayam ennan paranjre,No
1030,1030,Call <4Hr,,Sumayya,0.0,No Information,,rnp/2,No
1031,1031,Call < 5 mins,,Ambili,0.0,No Information,,No Information,Yes
1032,1032,Untouched,,Unknown,0.0,No Information,2026-06-08,degree dropout aan fee pitch chythapo thanne aal nokit parayam nn ulla level aayi watsap connect aan followup aan,No
1033,1033,Call <4Hr,,Najiya,0.0,No Information,,"ds ml enquiry,6month paranjittund,inform later",No
1034,1034,Call >48Hr,,Ambili,41.0,No Information,,"50 age und, gulfil wrk cheydhu ippo nattilk vannedhan veed thrissur",No
1035,1035,Untouched,,Unknown,0.0,No Information,,No Information,No
1036,1036,Call >72Hr,2026-03-08,Ambili,0.0,No Information,2026-04-08,No Information,No
1037,1037,Call >72Hr,,Ambili,0.0,No Information,,No Information,No
1038,1038,Call >72Hr,,Ambili,62.0,No Information,,No Information,No
1039,1039,Call < 5 mins,,Rincy,34.0,No Information,,beeppur aan veed.....umma aan sasamriche ok aan inn mankav hub visit aak aenn//25 n monday cheyyam,No
1040,1040,Call >72Hr,,Ambili,1.0,No Information,,No Information,No
1041,1041,Call >72Hr,,Ambili,0.0,No Information,2026-10-08,No Information,No
1042,1042,Call >48Hr,2026-06-08,Ambili,37.0,No Information,,"btech 2 pprs arriers data science aan nokkunnedh, veed calicut",No
1043,1043,Call >72Hr,2026-07-08,Ambili,0.0,No Information,2026-07-08,"3 yrs ago,mca ippo housewife veeed vytila",No
1044,1044,Call < 5 mins,,Bridgeon Admin,885.0,No Information,,mnjery veed,No
1045,1045,Call >48Hr,,Rincy,87.0,No Information,,bc aanenn///29n ........dgree join cheyyunnund...........faris frnd,No
1046,1046,Call < 5 mins,,Rincy,0.0,No Information,,farisinte frnd...//25n msged///29n rnp,No
1047,1047,Call < 45 mins,,Rincy,25.0,No Information,,next month brotol nokeekn nokatte enn.....join chaeydhittund workshop nadannond nikkan........14n result vannilla,No
1048,1048,Call < 5 mins,,Najiya,0.0,No Information,,No Information,No
1049,1049,Call < 30 mins,,Najiya,56.0,No Information,,"plustwo bio science ,interested",No
1050,1050,Call < 15 mins,2026-11-08,Rincy,17.0,No Information,2026-10-08,"dgree bca cs...kasargod.....
nokatte enn//25n rnp///28n rnp///29n rnp//30n rnp///3n nokeett parayaam///6n bc",No
1051,1051,Call < 45 mins,2026-11-08,Rincy,17.0,No Information,2026-08-08,bca kayinju kannur..ui ux aan veendath//25n rnp///29n rnp//30n rnp//4n rnp,No
1052,1052,Call <1Hr,2026-05-08,Rincy,18.0,No Information,2026-04-08,//24n bc aanenn///29n rnp////2n bc aanenn msg ayakan//5n veenda,No
1053,1053,Call <1Hr,,Rincy,0.0,No Information,2026-02-08,"//24n .............b tech cs........
pathanamthitta aan veed nokatte enn....25n msged...26n intrest und///29n rnp//30n rnp//msged not intrest",No
1054,1054,Call <4Hr,2026-05-08,Rincy,15.0,No Information,2026-04-08,//24n rnp//24n rnp///29n bc aanenn//30n rnp,No
1055,1055,Call <4Hr,,Ambili,161.0,No Information,,No Information,No
1056,1056,Call < 5 mins,2026-10-08,Najiya,97.0,No Information,2026-10-08,sharath frnd,No
1057,1057,Call < 5 mins,2026-06-08,Najiya,0.0,No Information,2026-06-08,"nokeetu parayam,full day anu course partime job nokunnundayirunnu",No
1058,1058,Call >72Hr,,Ambili,3.0,No Information,,bca failedcyber securty aan nokkunnehd,No
1059,1059,Call < 5 mins,,Ambili,200.0,No Information,,No Information,No
1060,1060,Call <4Hr,,Rincy,19.0,No Information,,bridgeon enn keettappo call cut aaki//24n rnp,No
1061,1061,Call >72Hr,,Ambili,0.0,No Information,,No Information,No
1062,1062,Call <4Hr,2026-06-08,Rincy,0.0,No Information,,24n incomming illa msg ayach//25n msged abroad aan///29n rnp msged/////30n msged...........2n msged//5n msged ///6n rnp///8n rnp msged//14n nokunnilla,No
1063,1063,Call >72Hr,2026-11-08,Ambili,0.0,No Information,2026-12-08,"bca kazhinju pondicheryl aan padichedh parentinte phonelnn aan vilichedh, veed pathanamthitta",No
1064,1064,Call <24Hr,,Rincy,155.0,No Information,,multimadia complete cheydh irikkuvan.. job aan npkiye,No
1065,1065,Call <24Hr,,Sumayya,307.0,No Information,,No Information,No
1066,1066,Call <24Hr,,Rincy,16.0,No Information,,24n rnp///29n rnp///4n rnp//14n rnp,No
1067,1067,Call <24Hr,,Bridgeon Admin,1341.0,No Information,,Plus 2 fail 5 sub...tvm veed...oru pottan endhikke paraynu.....fee over aan//24n vaikeett vilikaam..........ippo fund issue aanenn korch kayinitt nokam enn///bc an///6n rnp,No
1068,1068,Call <24Hr,,Ambili,0.0,No Information,,call connect aavunnilla,No
1069,1069,Call <24Hr,,Rincy,78.0,No Information,2026-05-09,"ssc course padikkunnund........ba english...kannur.......25n innn nokam enn..ammakk salary kittan wait aakanenn
....ok aan but fund set alla//30n rnp////2n vtl oru maranam okke nduu.////11n maranam vannadhond korch scn aanenn//28n rnp....salary keereet",No
1070,1070,Call <24Hr,,Ambili,0.0,No Information,,No Information,No
1071,1071,Call <24Hr,2026-06-08,Sumayya,29.0,No Information,,2022 ill bsc compute rscience kyinjthaa  ennitt internship chyythatha but 1 year gap ind ippoo//  review set aakit nokkaaa,No
1072,1072,Call <24Hr,,Ambili,59.0,No Information,2026-08-08,"wtsp msgd , brthr vilikkum prnj",No
1073,1073,Call >72Hr,,Ambili,56.0,No Information,,"wrkeyyaan, onlinelk nokkn patoll ba aan kazhinjedh after 5 30 vilichal madhi",No
1074,1074,Call <24Hr,2026-07-08,Ambili,68.0,No Information,,"calicut eng clglaan btech kazhinjehd, ivdoru internship attend cheydhind, intrstund, pinne fee vtl dscss aakkn veed plkd",No
1075,1075,Call <24Hr,2026-06-08,Rincy,15.0,No Information,2026-05-08,incomming call illa....///29n rnp same,No
1076,1076,Call <24Hr,,Sumayya,0.0,No Information,,rnp/4,No
1077,1077,Call <24Hr,2026-07-08,Ambili,0.0,No Information,,No Information,No
1078,1078,Call <4Hr,2026-01-09,Rincy,0.0,No Information,2026-04-09,tvm aan veed plus 2 kayinju.......nokatte enn//25n rnp//29n ok aan endahyalum join cheyyum brother brotonn padich irangeedahn////2n rnp////3n fund set aakann confirm cheyhdittn parayam enn//13..rnp15nn ready aayittilla///1n rnp....2n msged,No
1079,1079,Call <24Hr,,Ambili,0.0,No Information,2026-06-08,"details prnj kodthu, veed pattambi edha edkkndenn idea illa
29, hubvisit
ivde vannu nale parayam prnju",No
1080,1080,Call < 30 mins,,Ambili,91.0,No Information,,"it related endho padichind, cloud computing crs cheydhind ippo edha nokkendenn idea illa veed patahnamthitta hubil visiteyynm prnjind
vtl vellam kayari preshnathilan",No
1081,1081,Call < 5 mins,,Ambili,294.0,No Information,,No Information,No
1082,1082,Call >72Hr,,Sumayya,0.0,No Information,,bsc cs........age 25..cs 2022.........oru shope ndu....//25n rnp///29n rnp//30n rnp//4n rnp///8n rnp  7/8/rnp///14/8///rnp,No
1083,1083,Call < 5 mins,,Bridgeon Admin,49.0,No Information,,No Information,No
1084,1084,Call <4Hr,,Ambili,0.0,No Information,,No Information,No
1085,1085,Call <4Hr,,Ambili,76.0,No Information,,mnjeri aan nokkunnedh intrstd aan nalek setaakknm,No
1086,1086,Call >24Hr,,Najiya,29.0,No Information,,"job or internshipinu vendi vannathu ,foundation course paranjittund",No
1087,1087,Call < 15 mins,,Rincy,0.0,No Information,,23n rnp//23n rnp..b com kottakkal...nokatte enn//24n rnp//25n rnp..intrest illa enn msg ayachuu,No
1088,1088,Call < 45 mins,,Sumayya,0.0,No Information,2026-06-09,"rnp/2/manjeri aann place//bba kayinjuu
30/7/hub visit chyynn wait aakunnath aann
8/8/avn manjeri mondy chilppoo pokumm..purth povan nikkaannn..apppoo aa thrikk okkee kayinjittaa cherraa
12/8/rnp/2   15/8//rnp/2/  20/8//rnp/2/watspp conneddted  rnp/2/",No
1089,1089,Call < 5 mins,,Najiya,0.0,No Information,2026-05-09,No Information,No
1090,1090,Call <8Hr,,Bridgeon Admin,1450.0,No Information,,inn evening hubdate cheyyam,No
1091,1091,Call >24Hr,,Rincy,0.0,No Information,2026-12-08,b tech kayinj year gap ndu...........2018 kayinjadahnu ...//24n bc aanenn//25n rnp///29n rnp//30n rnp//5n rnp///13n rnp,No
1092,1092,Call <4Hr,2026-11-08,Sumayya,20.0,No Information,,plus two kayinjth aaann..avn digitl marketing +designing chheyynmm,No
1093,1093,Call >24Hr,,Bridgeon Admin,0.0,No Information,,doubts kore indayrnu all cleared with brother and also with student fee nte korach concern indu,No
1094,1094,Call <1Hr,,Ambili,67.0,No Information,,No Information,No
1095,1095,Call <4Hr,,Rincy,17.0,No Information,,data analytics .........kayinjadh........koylandi veed......//24n rnp.....//24n rnp .....just job kitto nokama adh nokeett illeel baram enn///3n rnp.////11n rnp///15n rnp///18n rnp,No
1096,1096,Call < 5 mins,2026-07-08,Ambili,3.0,No Information,,bio science e varsham completed aan veed kannur avntedth czn prnjedh devops or cloud edkkanan,No
1097,1097,Call <4Hr,,Ambili,68.0,No Information,,No Information,No
1098,1098,Call <4Hr,,Ambili,45.0,No Information,,No Information,No
1099,1099,Call <4Hr,,Sumayya,156.0,No Information,,No Information,No
1100,1100,Call >72Hr,,Rincy,0.0,No Information,2026-12-08,"year gap ind//kannur aann placee/uae based aann ippooo naatil indd//online aa nokkunnee
8/8/maybe she blocked me///11n rnp///13n rnp same",No
1101,1101,Call <8Hr,,Najiya,385.0,No Information,,"ramanattukkara,interested",No
1102,1102,Call >72Hr,,Rincy,0.0,No Information,,palakkad aann//bsc cs ai ml kayinjth aann//10 months aann avan scnn//6months course aa nokunnee////15/8/rnp/2////15n rnp,No
1103,1103,Call <8Hr,,Rincy,19.0,No Information,,23n rnp//23n rnp///29n rnp,No
1104,1104,Call <8Hr,,Rincy,16.0,No Information,,No Information,No
1105,1105,Call <24Hr,,Ambili,0.0,No Information,,No Information,No
1106,1106,Call <24Hr,,Sumayya,39.0,No Information,2026-10-09,"rnp/3
avn ellmm ok aannn but feee aannnn issuee soo scholarship nokkittt cheyynn anann

schiolarshipp       18/8/SCGHOLERSHIPP",No
1107,1107,Call >72Hr,,Ambili,34.0,No Information,,No Information,No
1108,1108,Call <24Hr,,Rincy,0.0,No Information,,23n rnp//23n rnp//24n rnp//25n rnp///29n rnp,No
1109,1109,Call <24Hr,,Sumayya,33.0,No Information,,"buzyaaa vilikaa
29/7//nala ucjhykk vilikkaa",No
1110,1110,Call <24Hr,,Ambili,0.0,No Information,,No Information,No
1111,1111,Call >24Hr,,Rincy,40.0,No Information,,b tech cs kayinju......palakad aan ved nokatte 3 weeks karyam paranj kodthu....backend.......work cheydhittund,No
1112,1112,Call <24Hr,2026-08-08,Sumayya,31.0,No Information,,rnp/,No
1113,1113,Call >72Hr,,Rincy,109.0,No Information,,"34 vatyass//thrisuurrr
nokkunninddd ennaa oarayunee//..19n rnp////25n fund illa paranj vech poyi",No
1114,1114,Call <1Hr,2026-07-08,Sumayya,0.0,No Information,,"purthh aannn
29//7/rnp/2/",No
1115,1115,Untouched,2026-08-08,Sanju,49.0,No Information,,details shared aan frnd ivde join chythand oru 2:30 ku shesham vilikam ennan paranj porathan ullath veed ethit parayan ulla tym,No
1116,1116,Call >24Hr,,Sumayya,0.0,No Information,,No Information,No
1117,1117,Call <24Hr,2026-06-08,Sumayya,358.0,No Information,,2024 ill bca paasout from banglor north university//now tvm//wrking//,No
1118,1118,Unknown,,Rincy,43.0,No Information,,ba history kayinj 2 years aayii//vere onnmm padichitillaaa//manjeri aann veeedd///8n rnp.////11n rnp///18n rnp////25n rnp,No
1119,1119,Call < 15 mins,2026-02-08,Rincy,11.0,No Information,2026-02-08,hub visit chennkn.........nokatte enn...digital marketing aan nokne//25n rnp///29n rnp//2n vere keeri,No
1120,1120,Call >24Hr,,Rincy,44.0,No Information,,No Information,No
1121,1121,Call < 30 mins,,Ambili,13.0,No Information,,"endho  udayipp aan thonnunn, bsc cs kazinja yr cmpltd aan, ippo onnm cheyyunnilla veed payyoli, frnd ivde padichindnna prnjedh, fund patulaann",No
1122,1122,Call <4Hr,,Bridgeon Admin,368.0,No Information,,b tech palakad.....23n vere endhokke varthanam parayan bc aanennn paranju...23n vtlnn ok alla avante korch prashngal nd adhokke kayinjitt nokatte ennitt cheyyam enn//3 veendann,No
1123,1123,Call >24Hr,,Sumayya,58.0,No Information,,"rnp/2/
8/8/rnp/2/",No
1124,1124,Call < 15 mins,,Bridgeon Admin,201.0,No Information,2026-06-08,"..monday free...aaan ............29 nokatte free aayit paraayam enn//30n 31n morning set aakan enn...rahul sir paranju resume choykan.............6n review set aakam enn,,,,,,,,,attend aakeetund....//1 month aan veenatdh rahul sir eekadheeshyam oru 3 month enkilu irikanam paarnaju chekkank adh pattila enn paranju",No
1125,1125,Call >72Hr,,Rincy,15.0,No Information,,"internshipp nokkiythaaa//online paranjuuu
11/8//rnp/          15/8/rnp/2
///24n rnp",No
1126,1126,Call <24Hr,2026-12-08,Ambili,23.0,No Information,2026-02-09,"dgree psychology ippo distnce cheydhond irikkaan, wrk cheyynnnund just add kandapo idh endhaann ariyan regstr aakkidhan,
practicals und so adh sep aan kazhiya",No
1127,1127,Call >72Hr,2026-06-08,Ambili,0.0,No Information,,///22n rnp,No
1128,1128,Call < 30 mins,2026-05-08,Rincy,15.0,No Information,2026-05-08,call connect aayilla..incomming call illa..msged ..////23n rnp same//24n rnp//25n rnp same///29n rnp///3n rnp...........//5n edukkunnilla,No
1129,1129,Call < 5 mins,,Sumayya,0.0,No Information,,+2 kqyinju//kondotty aduth aann place also kinfra aayirikm betterr//,No
1130,1130,Call >24Hr,2026-05-08,Sumayya,27.0,No Information,,bvoc agriculture kayinju in 2024/2 years upsc coaching nu poiii//now planning to switchh//koxhikode aann placee//ippoo tvm  lead ias aann coaching poyee///naatill etheetillaa illaa..vannitteee nokulluuu,No
1131,1131,Call <4Hr,,Ambili,5.0,No Information,,No Information,No
1132,1132,Call <8Hr,,Ambili,104.0,No Information,,idh ivnte cheriyachante nmbr aan verdhe ingne raise aava chekn plustwo kazhinje aan,No
1133,1133,Call < 30 mins,,Rincy,9.0,No Information,,"pg distance ma english.. padikal...age 23...../,,/22n rnp//23n rnp//24n rnp//25n rnp///29n onnum mindunnilla",No
1134,1134,Call < 30 mins,2026-02-08,Rincy,0.0,No Information,,bc aan pinne vilikan//24n rnp///29n rnp//30n rnp////2n rnp,No
1135,1135,Call <1Hr,,Rincy,16.0,No Information,2026-12-08,///22n rnp ...msged....b com kayinju.....bc aanu//23n rnp//24n rnp///29n bc aanu//30n rnp//5n..theerumanam aayeella enn,No
1136,1136,Call >72Hr,2026-05-08,Najiya,13.0,No Information,,umma vilichu...calicut aan nokne,No
1137,1137,Call <8Hr,,Bridgeon Admin,1252.0,No Information,,rnp//fund illaaa,No
1138,1138,Call >24Hr,,Ambili,60.0,No Information,,No Information,No
1139,1139,Call >24Hr,,Rincy,23.0,No Information,,Thirur aan veed Akshaya work cheyyan//23n rnp..bc anenn..............29n time veenam///8n time veenam enn//27n rnp,No
1140,1140,Call < 5 mins,,Ambili,0.0,No Information,,No Information,No
1141,1141,Call <8Hr,2026-11-08,Sumayya,42.0,No Information,2026-04-10,"dettails watsapp chyyuvoochekknmar aayuti chirya parupaadiyilaa
6/8//rnp/2/no respons eon watsapp
8/8/ippooo vilikaa paranju cut aakii pooiii
11/8/ippooo nokkunilllaa...indenki contact aakkaa",No
1142,1142,Call >72Hr,,Najiya,0.0,No Information,2026-04-09,rnp,No
1143,1143,Call <8Hr,,Ambili,54.0,No Information,,No Information,No
1144,1144,Call <8Hr,,Rincy,0.0,No Information,,"///22n rnp/,,/22n rnp//23n rnp//23n rnp//24n rnp///29n rnp",No
1145,1145,Call <24Hr,2026-11-08,Ambili,35.0,No Information,2026-03-08,"dgree kazhinjdhan, business cheyyunnund adhinte thirakkilan",No
1146,1146,Call <24Hr,,Rincy,36.0,No Information,,No Information,No
1147,1147,Call <24Hr,2026-12-08,Ambili,0.0,No Information,,"veed mankav, btech cs ippo kazhinjedhan",No
1148,1148,Call >72Hr,,Rincy,5.0,No Information,,"buzy aaa vilikkaa
13/8/eppo vilichllmm cut aaki vidumm llnkii mindaand nikkmm",No
1149,1149,Call <24Hr,,Ambili,0.0,No Information,,No Information,No
1150,1150,Call <24Hr,,Sumayya,29.0,No Information,,mcom //2 year aayitt acoountant aauyit wrkk cheyyuvaaann//,No
1151,1151,Call <24Hr,,Ambili,0.0,No Information,,No Information,No
1152,1152,Call <24Hr,,Ambili,0.0,No Information,,No Information,No
1153,1153,Call >72Hr,2026-07-08,Sumayya,58.0,No Information,,dgree ba english........ignou ...malappuram thirur......ok aan vtl choykatte//23n rnp//24n rnp//29n cut aaki poyi,No
1154,1154,Call <24Hr,2026-08-08,Sumayya,22.0,No Information,,nnno incoming rnp on watsappp,No
1155,1155,Call <24Hr,,Ambili,138.0,No Information,,"btech aan padichedh cse veed thrissur,",No
1156,1156,Call <24Hr,,Rincy,18.0,No Information,2026-03-09,vilichitt edthilla.......msg ayachu....bc aanenn//23n rnp...24n msged bc aanenn lizante frnd aan//25n msged///29n rnp//30n rnp///6n rnp...8n bc///11n msged///15n rnp////25n rnp,No
1157,1157,Call <24Hr,,Rincy,13.0,No Information,,bc//23n ...bc aan msg ayacha madhyenn//24n rnp//28n rnp,No
1158,1158,Call < 5 mins,,Rincy,24.0,No Information,,//23n rnp//25n rnp///29n rnp,No
1159,1159,Call >48Hr,,Rincy,32.0,No Information,,Cheydhittilla enn.....//24n  endhokke paraynu,No
1160,1160,Call <24Hr,2026-08-08,Sumayya,0.0,No Information,2026-09-08,"rnp/2/
8/8//rnp/2//",No
1161,1161,Call <24Hr,,Ambili,0.0,No Information,,"bnglore aan 2025 btech kazhinju ippo sales aan wrk cheyyne online aan nokkunnedh, veed calicut",No
1162,1162,Call >24Hr,,Najiya,44.0,No Information,,"brother already enquiry,visit manjeri hub tmrw,lab edukkan und athu kayinju parayam",No
1163,1163,Call <24Hr,2026-11-08,Sumayya,0.0,No Information,,"no incoming//watsappp rnp//
8/8//buzyyy aann vilikkaaa
11/8///eduthittt cut aaakii povunneyyaa",No
1164,1164,Call >72Hr,,Ambili,0.0,No Information,,No Information,No
1165,1165,Call < 5 mins,,Najiya,9.0,No Information,,No Information,No
1166,1166,Call < 5 mins,2026-10-08,Najiya,50.0,No Information,2026-10-08,"Data anaytics enquiry,she is maradu ,",No
1167,1167,Call < 5 mins,,Najiya,0.0,No Information,2026-04-09,"cyber securityenquiry,details sending his mother calling,degree 2nd year doing bba alhind",No
1168,1168,Call < 15 mins,,Najiya,1.0,No Information,2026-04-08,interested cloud computing course,No
1169,1169,Call < 5 mins,,Najiya,0.0,No Information,,No Information,No
1170,1170,Call <4Hr,,Ambili,0.0,No Information,,No Information,No
1171,1171,Call <24Hr,2026-02-08,Rincy,0.0,No Information,2026-02-08,plus 2 kayinju...science ....wayanad........perants dubai visiting poyikkan...aal grandparentsinte koode aan/// 4 monthinan avar piy ippo 2 month aayia vaord choykatte ennitt parayam enn//23n rnp//24n .....niya vtl ilae nn//25n rnp///29n onnum mindunnilla////2n rnp,No
1172,1172,Call < 5 mins,2026-01-08,Najiya,0.0,No Information,2026-01-08,"Mcom,kuttipuram,details sending wtsap,nokeetu parayam",No
1173,1173,Call <4Hr,2026-03-08,Ambili,20.0,No Information,,"bca bnglore aan padichedh 2 subjct supply und, veed calicut aan",No
1174,1174,Call < 5 mins,,Najiya,36.0,No Information,,"interested anu ,nokeetu parayam ,he is kdy",No
1175,1175,Call < 15 mins,,Najiya,0.0,No Information,2026-01-08,MCOM,No
1176,1176,Call < 5 mins,,Najiya,120.0,No Information,,"inform later,coding course enquiry",No
1177,1177,Call < 5 mins,,Rincy,94.0,No Information,,Rinsiya frnd twins//22n mamane vilchu...nokatte.........vishnu sir vilichu valland onnum paraynilla//25n msged..29n czn vilichu ok aan.....30n ok aan fund issue nd,No
1178,1178,Call <4Hr,,Ambili,17.0,No Information,,No Information,No
1179,1179,Call <4Hr,,Ambili,8.0,No Information,,No Information,No
1180,1180,Call < 5 mins,2026-07-08,Najiya,0.0,No Information,2026-11-08,"interested coding course enquiry,",No
1181,1181,Call >48Hr,,Najiya,1.0,No Information,,"interested,discuss friend",No
1182,1182,Call <24Hr,,Sumayya,75.0,No Information,,all bca +addon course ann cheyann udeshiknne so skillversitynnte detailes aych kodthind // rnp wtsp no response,No
1183,1183,Call < 5 mins,,Ambili,31.0,No Information,,No Information,No
1184,1184,Call <1Hr,,Najiya,26.0,No Information,,"interested cloud computing,all details sending nokeettu parayam with frnd",No
1185,1185,Call <4Hr,2026-08-08,Najiya,0.0,No Information,2026-10-08,details sendung,No
1186,1186,Call < 5 mins,,Najiya,0.0,No Information,,"enquiry for sister ,he is python developer,discuss sister after inform",No
1187,1187,Call < 5 mins,,Najiya,108.0,No Information,2027-02-01,"working ,digital marketing enquiry,5 month kayinju nokunoloo",No
1188,1188,Call < 5 mins,,Najiya,21.0,No Information,,"plustwo kayinju mobile technician coursenu poyi ,ippol bca with course anu nokunnathu,details ayachu koduthittund,monday vannu admission edukkam",No
1189,1189,Call < 5 mins,,Najiya,0.0,No Information,2026-03-08,interested,No
1190,1190,Call < 5 mins,,Najiya,0.0,No Information,,No Information,No
1191,1191,Call < 5 mins,,Najiya,0.0,No Information,,No Information,No
1192,1192,Call < 5 mins,,Najiya,0.0,No Information,,No Information,No
1193,1193,Call < 5 mins,,Najiya,36.0,No Information,,No Information,No
1194,1194,Call < 5 mins,,Najiya,53.0,No Information,,No Information,No
1195,1195,Call < 5 mins,,Najiya,210.0,No Information,,No Information,No
1196,1196,Call < 5 mins,,Najiya,20.0,No Information,,No Information,No
1197,1197,Call < 5 mins,,Bridgeon Admin,206.0,No Information,2026-07-09,"shima father ,she is next month varum ippol dubai  anu",No
1198,1198,Call >72Hr,2026-04-09,Ambili,33.0,No Information,,No Information,No
1199,1199,Call <24Hr,,Ambili,19.0,No Information,,"aalk bayankara weight ittaan samsarikkunnedh, veed balusseri neet repeat cheydh one yr poyedha just oru intro mathrm prnjoll",No
1200,1200,Call <24Hr,,Ambili,367.0,No Information,,No Information,No
1201,1201,Call <24Hr,,Ambili,0.0,No Information,,"btch cs e varsham padichedhaannan prnjedh, edhedkknmnn ariyula, thrissur veed",No
1202,1202,Call <24Hr,,Ambili,0.0,No Information,,No Information,No
1203,1203,Call <24Hr,2026-04-09,Ambili,26.0,No Information,,"veed plkd, padichedh bca this yr, edh edkknmnn confused aan, pgk apply aakkittnd",No
1204,1204,Call >24Hr,,Ambili,0.0,No Information,,No Information,No
1205,1205,Call >24Hr,,Ambili,29.0,No Information,,englishaan padichedh vellya idea onnulla aal accnting crse aan nokkunnedh veed othukkungal,No
1206,1206,Call <4Hr,,Najiya,0.0,No Information,2026-05-09,"it course or media course better,dtails paranjittund appol interested anu,with friend und,bank testing coachingilu poyadu 1 year",No
1207,1207,Call <8Hr,,Najiya,0.0,No Information,2026-05-09,"enquiry for brother sharath ,no idea ippol degree kayinju edu course edukkanam dout,wandppr,details ayakkunnund nokittu parayam,visit manjeri hub tmrw",No
1208,1208,Call >24Hr,,Ambili,889.0,No Information,,bca e yr kazhinju thodupuzha veed,No
1209,1209,Call >72Hr,,Najiya,0.0,No Information,2026-04-09,interested with frnd,No
1210,1210,Call >24Hr,,Ambili,147.0,No Information,,No Information,No
1211,1211,Call >24Hr,,Ambili,34.0,No Information,,No Information,No
1212,1212,Call >24Hr,2026-11-08,Ambili,0.0,No Information,,app dvlpr aan vere aalk vendittan enna prnje bsy aan,No
1213,1213,Call >72Hr,,Najiya,0.0,No Information,,No Information,No
1214,1214,Call <24Hr,,Najiya,81.0,No Information,2026-04-09,"interested 6 month development course or ds course,kochi prefered",No
1215,1215,Call >48Hr,,Sumayya,31.0,No Information,,No Information,No
1216,1216,Call < 5 mins,,Najiya,3.0,No Information,2026-03-09,"details sharing ,confusion to plustwo qualificationil edu course anu nallathu",No
1217,1217,Call < 45 mins,,Najiya,0.0,No Information,2026-05-09,"interested,details sending,aiml  ordata anaytics course enquiry",No
1218,1218,Call <4Hr,,Sumayya,112.0,No Information,,No Information,No
1219,1219,Call <4Hr,,Najiya,71.0,No Information,,"online data anaytics enquiry,details sending wtsap checking after inform",No
1220,1220,Call <4Hr,,Najiya,30.0,No Information,,"gudallur,discuss parents after inform,offline or online,data science enquiru",No
1221,1221,Call <4Hr,,Najiya,24.0,No Information,,"interested cloud computing ,nokeetu parayam kochi ano kinfra",No
1222,1222,Call <4Hr,,Najiya,143.0,No Information,2027-04-01,"degree lastyear doing,ds college",No
1223,1223,Call <24Hr,,Ambili,0.0,No Information,,No Information,No
1224,1224,Call <24Hr,,Ambili,153.0,No Information,,already mern 6mnths crse cheydhehdan ippo internshipaan nokkunnedh not paid bca previous yr,No
1225,1225,Call < 5 mins,2026-01-08,Najiya,36.0,No Information,2026-01-08,"karuvarakkund ,enquiry to data science and cloud computing,scholarship register",No
1226,1226,Call < 30 mins,,Bridgeon Admin,0.0,No Information,2027-01-01,Btech final,No
1227,1227,Call <4Hr,,Ambili,520.0,No Information,,online aan vendeth kasarkode ann veed plstwo padichu ippo married aan,No
1228,1228,Call <24Hr,,Najiya,0.0,No Information,,"walk in,cataylist foundation doing",No
1229,1229,Call <24Hr,,Najiya,72.0,No Information,,direct walkin,No
1230,1230,Call < 5 mins,,Najiya,0.0,No Information,,"python,data anaytics,java online enqury,she is dialysis student,decebril anu nokunnathu",No
1231,1231,Call < 45 mins,,Najiya,32.0,No Information,,"data anaytics enquiry,inform later",No
1232,1232,Call <1Hr,,Ambili,584.0,No Information,,"she is 4 mnths preg , crse cheyyal task aan veed kondotty padichedh sociology",No
1233,1233,Call <4Hr,,Ambili,1.0,No Information,,"electronics aan kazhinjedh veed mlprm fund issue und, fathern job illa brthrs aan wrking",No
1234,1234,Untouched,,Unknown,0.0,No Information,,frend followb up cheyynu  sreejith,No
1235,1235,Call < 15 mins,,Najiya,20.0,No Information,,No Information,No
1236,1236,Call <4Hr,,Najiya,26.0,No Information,,"Manglore hub enquiry anu,data anaytics enquiry,inform later",No
1237,1237,Call <24Hr,,Najiya,40.0,No Information,,Ba english,No
1238,1238,Call <4Hr,,Rincy,0.0,No Information,,"//17n bc aanu...
vere oralum contact aakeeni paranju///18n cut aakiyenn///19n rnp",Yes
1239,1239,Call < 5 mins,,Najiya,0.0,No Information,,"bsc chemistry,data science enquiry, data anaytics cmplt online,passout 2012",No
1240,1240,Call <4Hr,2026-11-08,Sumayya,80.0,No Information,,buzyaa vil8ka//rnp @ evening//alos @night,No
1241,1241,Call <4Hr,,Sumayya,0.0,No Information,,"rnp//2/
bca foundation pitchedd//malapprm ponnanii nera by kinfra aannn",No
1242,1242,Call <24Hr,,Ambili,0.0,No Information,,"btech cs aan kazhinjedh, fee nte issue aanulledh, veed calicut",No
1243,1243,Call <24Hr,2026-08-08,Najiya,0.0,No Information,,"enquiryto data anaytics enquiry,foundationilek pitch cheythittund",No
1244,1244,Call >72Hr,2026-09-08,Sumayya,2.0,No Information,,"bcom kyinjathhaa//mallprmm aann plce//nallaa connfudsed //direct vernnn paranjinnddd
callss edukkunillaaa///msged tat nokkunnillaaa...indnkii contact aakkaa",No
1245,1245,Call >72Hr,,Ambili,38.0,No Information,,b tech agriculture kayinju..oru training nd ayn povan enqiury onnum cheydhilla enn,No
1246,1246,Call < 15 mins,,Najiya,0.0,No Information,2026-04-09,"data anaytics or digital marketing enquiry,inform discuss parents,not labtop,onam kayinju nokunolloo,parentsinodu chodikkatte seat book cheyyunathu",No
1247,1247,Call < 30 mins,,Najiya,0.0,No Information,2026-04-09,wtsap only,No
1248,1248,Call < 45 mins,,Rincy,17.0,No Information,,"//16n rnp//17n oru moradan.......advisore connect cheyyikkan paranju.............sir vilichu//msged///19n rnp/,,/22n jada idn///6n bc///8n rnp//14n rnp",No
1249,1249,Call <4Hr,,Sumayya,216.0,No Information,,"plus 2 humanities 2025 pass out veed ramanattukara family omanil steeled aanu avan mathram aan nattil .....1 year oman poyi adh kondan  gap vanne....ui/ux aanu nokunnee//17n rnp....19n hub visit aaki///19n rnp/,,/22n rnp//23n rnp",No
1250,1250,Call <4Hr,,Ambili,24.0,No Information,,"enk proper aayt paranj kodkkan patiyitilla, aal bca kazhinjehdan ennan prnjedh veed kochi",No
1251,1251,Call >24Hr,,Sanju,347.0,No Information,,"frnd aanu intrested aaanu
whatsapp followup",No
1252,1252,Call <8Hr,,Ambili,37.0,No Information,,"westbdergil refund waiting aan,  hospitalized aan, vayarin operation kazhinju restaan",No
1253,1253,Call < 30 mins,,Najiya,0.0,No Information,,"wtsap chat only,data anaytics enquiry,online",No
1254,1254,Call < 5 mins,,Najiya,0.0,No Information,,"details sending ,inform later",No
1255,1255,Call < 45 mins,,Rincy,17.0,No Information,,"plus 2 humanties bc aan cafeel work cheyyan////bc aan 12manik vilikaan///19n rnp/,,/22n rnp//25n noknilla enn",No
1256,1256,Untouched,,Unknown,0.0,No Information,,No Information,No
1257,1257,Call <4Hr,,Bridgeon Admin,81.0,No Information,,"kottakkal ,enquiry to cyber security and uiux,call cutting",No
1258,1258,Call < 5 mins,,Bridgeon Admin,0.0,No Information,,"Enquiry to cloud computing,inform later ,discuss parents",Yes
1259,1259,Call <8Hr,,Rincy,15.0,No Information,,cut aaki//17n rnp,No
1260,1260,Call <24Hr,,Ambili,30.0,No Information,,hospitalil aan 25 yrs aviation padichedh,No
1261,1261,Call <8Hr,,Rincy,0.0,No Information,,work cheyyunnund//17n rnp///18n rnp///19n rnp//23n rnp///29n rnp,No
1262,1262,Call <24Hr,,Rincy,14.0,No Information,,"plus 2 science ...malappuram thirur ......//17n rnp msg ayakan///18n rnp///19n nale par/ayam/,,/22n rnp..24n hub visit cheydhu..payment cheyam enn paranju fund set aayeella ....",No
1263,1263,Call <24Hr,,Ambili,0.0,No Information,,timing issuwe und online venda veed ponnani padichdh plustwo bfr 7 yrs,No
1264,1264,Call <24Hr,,Ambili,0.0,No Information,,No Information,No
1265,1265,Call <24Hr,,Ambili,1.0,No Information,,No Information,No
1266,1266,Call <24Hr,,Rincy,0.0,No Information,,//16n rnp..incomming ila//17n rnp same///19n rnp,No
1267,1267,Call <24Hr,,Rincy,0.0,No Information,,//16n rnp//17n rnp///18n rnp///19n rnp,No
1268,1268,Call < 5 mins,,Najiya,0.0,No Information,,No Information,No
1269,1269,Call >72Hr,,Najiya,95.0,No Information,,"Ba english,",No
1270,1270,Call < 5 mins,,Bridgeon Admin,77.0,No Information,,No Information,No
1271,1271,Call < 5 mins,,Najiya,20.0,No Information,,No Information,No
1272,1272,Call < 5 mins,,Najiya,49.0,No Information,,No Information,No
1273,1273,Call < 5 mins,,Bridgeon Admin,20.0,No Information,,No Information,No
1274,1274,Call <24Hr,,Sumayya,0.0,No Information,,"rnp-buzy/2/
frnd nu vndiittt nookkiyathhaa//+2 kayinja aalll aaannn//thrik ayond pettenn vechh
11/8//rnp/2  13/8/rnp/2/",No
1275,1275,Call <24Hr,,Ambili,37.0,No Information,,"neet ezhthan nikkan so crse 10 mnths patula porth poyi padikkanan plan, veed vengara",No
1276,1276,Call <24Hr,,Rincy,0.0,No Information,,//16n rnp////17n switched off///18n rnp same///19n rnp,No
1277,1277,Call <24Hr,2026-03-09,Sumayya,15.0,No Information,2026-06-09,"wwrkiilll aaannn nala free  aaavulluuu
7/8/ba econoics kayinjuu/cma cheythu thn driop aajkkii//plakd mannarkad aann place
14/8/rnp/2  20/8//rnp/2//wATSAPP no responsee  27/8//rnp/2/watsapp no rresponsee
3/9//buzyy aaann",No
1278,1278,Call <24Hr,,Ambili,0.0,No Information,,No Information,No
1279,1279,Call <24Hr,,Rincy,34.0,No Information,,No Information,No
1280,1280,Call <4Hr,2026-02-09,Sumayya,0.0,No Information,2026-04-09,"rnp/2/
8/8//rnp/
13/8//rnp/2/   18/8//RNP/2    21/8/rnp/2/    31/8//rnpp/2//    1/9//rnp/2   2/9//rnp/2/",No
1281,1281,Call <24Hr,,Bridgeon Admin,13.0,No Information,,"kasarkode aan veed ivdthe placement fake aanonnokke choichu, aalkk vellya intrstonnulla, non it background aan dgree dropped",No
1282,1282,Call <24Hr,,Ambili,0.0,No Information,,No Information,No
1283,1283,Call < 30 mins,,Najiya,24.0,No Information,,"hybrid anu chodichatu ,data anaytics enquiry ,sylabus ayakkan paranjittund,details ayachittund ,nokeetu parayam",No
1284,1284,Call < 5 mins,2026-05-08,Najiya,0.0,No Information,2026-07-08,"software testing enquiry,wtsap only chat",No
1285,1285,Call < 5 mins,,Najiya,3.0,No Information,2026-08-09,"interested anu ,friends ayittu discuss cheythittu contact cheyyam,sending details",No
1286,1286,Call < 15 mins,,Najiya,0.0,No Information,,"Degree  arabic,ai interior desigh  course enquiry,details sending ,inform later",Yes
1287,1287,Call <4Hr,2026-05-08,Rincy,0.0,No Information,2026-04-08,/15n  rnp//16n bc aanu17n msged///18n msged///19n msged//24n rnp msged///29n rnp////2n rnp//5n rnp,No
1288,1288,Call <4Hr,2026-07-08,Sumayya,27.0,No Information,,+2kayinju 1year aayii//vayanad aan place//umma uppaa ettathi ind(marrried degree kayinju),No
1289,1289,Call <4Hr,,Ambili,11.0,No Information,,No Information,No
1290,1290,Call <4Hr,,Sumayya,2.0,No Information,,"eduthu cut aki poi//thn noyt attending
bca 3rd yaear aaannn///samsarich thudahgiyppekkmm call cut aayii pooiii thennn switched offf
11/8//rnp/2/   15/8/rnp/2  25//rnp on cwwatssppp no incooming   28/8//rnp/2/",No
1291,1291,Call < 45 mins,,Ambili,49.0,No Information,,"e varsham plustwo bio science endha edkkndenn idea illa veed ucity detailsokke prnj kodthid
uppakk coolie pani aan so cashnte preshnm nd",No
1292,1292,Call >72Hr,,Rincy,12.0,No Information,,"rnp/2
17/7/deatls shared//+2commerce kayinjthhh aannn//thamarassheriia aann palace
29/7//edukunnillaa
11/8///edukkanullaa  14/8/rnp/8/ 19/8//not  ringing  only buzy   24/8//same maybe blocked  27/8//same situation",No
1293,1293,Call < 45 mins,,Ambili,570.0,No Information,,"repeat cheydhu aftr that hospital administration padichu adhil wrkeydhu ippo field maran nokkaan
uppa vtl illa 2 days kazhinj varum ennitt samsarikknm",No
1294,1294,Call >24Hr,,Najiya,0.0,No Information,2026-08-09,"kottakkal ,interested",No
1295,1295,Call < 5 mins,,Rincy,1.0,No Information,,rnp/15n  rnp//17n rnp///18n rnp,No
1296,1296,Call < 30 mins,,Najiya,113.0,No Information,,"sana cousin  ,inform later",No
1297,1297,Call <4Hr,,Sumayya,59.0,No Information,,btech electronics kayinj 3 years aayii//kottayaam aann place/kalammaseryy aann wrrk chythoond irinnathh//aavdenn maarii//soo vann povn paatumm kochi hubb.//nookaa,No
1298,1298,Call < 30 mins,2026-01-08,Najiya,0.0,No Information,2026-08-08,"Mba distance doing,online &offline  details sharing ,inform later discuss parents",No
1299,1299,Call < 5 mins,,Najiya,31.0,No Information,,"degree bca 1st year doing ,interested online course ,online padikunna student no chodichittund",No
1300,1300,Call < 45 mins,,Rincy,13.0,No Information,2026-12-08,"plus 2 commerse ..thirur aan ved...nokatte enn//16n rnp//17n rnp///19n rnp/,,/22n rnp///29n rnp//30n sir vilichu ippo illa enn///13n rnp",No
1301,1301,Call <4Hr,,Bridgeon Admin,0.0,No Information,,visit manjeri hub immediately,Yes
1302,1302,Call <4Hr,,Bridgeon Admin,56.0,No Information,,"Enquiry to cloud computing Enquiry,inform later ,cousin plustwo qualification interested",No
1303,1303,Call <4Hr,,Najiya,0.0,No Information,2026-05-09,"dtails sending ,wtsap chat only,visited hub and interested sep batch",No
1304,1304,Call >24Hr,,Rincy,0.0,No Information,,"amma wrk nu poirikuvann vannit vilikm//+2kayinja mwolk ayita nokkiyee,avlk onnm ariiyillaa ellmm ammaa theerumanikkum///18n rnp///19n rnp may be blocked",No
1305,1305,Call <4Hr,,Ambili,16.0,No Information,,btech dropped mech diploma compltd veed prpngadi nokkidh dig mrktng,No
1306,1306,Call <4Hr,2026-12-08,Ambili,0.0,No Information,2026-07-08,"WIFEN VENDITTAN name nadha, aal bba aan padichedh distance aayrnnu, pukayur veed
AI ML aan vendeth
verem crse nokkunnund
busy",No
1307,1307,Call <4Hr,,Rincy,0.0,No Information,,invalid number//17n rnp invalid number///24n rnp,No
1308,1308,Call <24Hr,2026-07-08,Ambili,0.0,No Information,2026-08-08,No Information,No
1309,1309,Call <24Hr,,Rincy,22.0,No Information,2026-12-08,/15n  rnp//bc aanu//17n rnp.../..18n msged....b tech civilndroped msg ayacha madhi paranju//23n rnp///29n rnp////2n rnp///6n rnp///13n onnum keelknillaa,No
1310,1310,Call <24Hr,,Sumayya,0.0,No Information,,"rnp/4/
vayanad aann place//vayyythond call pettnn vechhhh
15/8//rnp//msged calll later   19/8//rnp/2/   25/8/rnp/2   28/8//rnp/2",No
1311,1311,Call <24Hr,,Ambili,66.0,No Information,,AAL enquiry cheydhittilla ippo goalng padikkunnund,No
1312,1312,Call <24Hr,,Rincy,0.0,No Information,,/15n  rnp//16n bc aanu//17n rnp///19n rnp,No
1313,1313,Call <4Hr,2026-07-08,Sumayya,33.0,No Information,,kannuurr annn//+2 aann//hstll nikkann sammaikillaaa paranju//theeerree oru idea illatha kuttyyaa//,No
1314,1314,Call <24Hr,,Ambili,0.0,No Information,,No Information,No
1315,1315,Call < 5 mins,,Najiya,137.0,No Information,,she is interested it course but degree admission kittiyittund but confusion anu,No
1316,1316,Call <24Hr,,Rincy,14.0,No Information,,/15n  rnp...switched off//16n rnp//17n rnp,No
1317,1317,Call <4Hr,2026-07-08,Sumayya,11.0,No Information,,no incoming//watsapppp rnpp//,No
1318,1318,Call >24Hr,,Sanju,76.0,No Information,,mother aan register chythe seena pine njn number vangiyathan details shared aan mother and son both baki followup aan,No
1319,1319,Call <4Hr,,Ambili,0.0,No Information,,No Information,No
1320,1320,Call <24Hr,,Rincy,21.0,No Information,,"/15n  rnp/15n  rnp//16n rnp....18n samsarich online aaan nokne plus 2 kayinjadahnu....hus usthadh aan malappuram aan veed nokatte vctl choychit join cbeyyam enn paranjitund///19n rnp/,,/22n rnp//24n rnp///29n cheyyunnila",No
1321,1321,Call < 15 mins,,Ambili,32.0,No Information,,"kasarkode aan veed,mnglprm aan nokkunnedh, data anlytics edkkanan,",No
1322,1322,Call <4Hr,,Ambili,40.0,No Information,,No Information,No
1323,1323,Call <4Hr,,Najiya,0.0,No Information,,calling 2.30 pm,No
1324,1324,Call < 45 mins,,Najiya,0.0,No Information,2026-09-09,"data anaytics enquiry,interested,mannarkkad anu ,kinfra prefer,ippol surgery kayinju irikukkayanu",No
1325,1325,Call < 45 mins,,Najiya,21.0,No Information,,"enquiry tocloud computing or python full stack,inform later,ssc exam prepare,
sptember 20th ssc exam after parayam",No
1326,1326,Call < 30 mins,,Najiya,31.0,No Information,,"manjeri thurkkal anu veedu,cloud computing enquiry",No
1327,1327,Untouched,,Unknown,0.0,No Information,,rnp msgd,No
1328,1328,Call <24Hr,2026-04-09,Rincy,0.0,No Information,2026-08-09,"bc/15n  rnp//17n rnp.....dgree drop ndaki... nokatte nn......koyilandi aan..bc aan next week nokam/,,/22n rnp//25n rnp///29n rnp..5n ok aan oru frnd koodi nd time kitteella nokanam onn sherikk ee week nokatte enn///8n rnp///11n rnp///13n rnp//////18n rnp


///24n rnp//27n rnp///4n rnp",No
1329,1329,Untouched,,Unknown,0.0,No Information,,rnp msgd,No
1330,1330,Call <8Hr,,Ambili,0.0,No Information,,No Information,No
1331,1331,Untouched,,Unknown,0.0,No Information,,wrk il aan sales thane aanu so enthan nn crct aayt manasilavuniila free aayt vilikam ennanu paranje,No
1332,1332,Call <24Hr,2026-11-08,Ambili,32.0,No Information,2026-03-08,economics this yr passout aan initial karyangal prnj kodthu veed mlprm,No
1333,1333,Call <8Hr,,Rincy,0.0,No Information,,"//14n rnp/15n  rnp//17n rnp///18n rnp/,,/22n rnp",No
1334,1334,Untouched,,Unknown,0.0,No Information,,rnp watsp msgd,No
1335,1335,Call <24Hr,,Ambili,0.0,No Information,,No Information,No
1336,1336,Call <24Hr,,Rincy,0.0,No Information,,/14n rnp/15n  rnp//17n rnp//24n rnp,No
1337,1337,Call >72Hr,,Rincy,20.0,No Information,,"2024 ill BA malayalm kayinju then 1 pape ind ayth eytheellaa/then  family business oppamm aarrnnuuu//skilled course avnn intrest indd//but family business nokknmm parayindd
6/8//edukkm cut aakii poii//////8n rnp///13n rnp",No
1338,1338,Call <24Hr,2026-11-08,Ambili,28.0,No Information,2026-03-08,"oru shopil nikkan bca kazhinja yr dropeydhu veed pattambi, no response",No
1339,1339,Call <24Hr,2026-06-08,Ambili,95.0,No Information,2026-06-08,"no response, ippo nattililla vere evdo aan ivdethytt after5 days vilikkm, brotol wrkshop attend cheydhind veed kottakkal",No
1340,1340,Call <24Hr,2026-01-09,Rincy,0.0,No Information,,"/14n rnp..msged/15n plus 2 kayinju science veed palakad an...ok aan....coimbathoore..ok aan chetane vilichu night vilikaan///18n rnp///18n rnp///19n rnp
..inn night cheyyam//23n rnp//25n rnp....fund set aavatte enn//30n rnp////2n rnp//4n rnp///6n rnp///8n rnp///13n rnp///1n rnp",No
1341,1341,Call <24Hr,,Sumayya,767.0,No Information,,rnp msgd,No
1342,1342,Call <24Hr,,Ambili,3.0,No Information,,No Information,No
1343,1343,Call <24Hr,,Rincy,87.0,No Information,,logistics aan veendath,No
1344,1344,Call <24Hr,2026-06-08,Sumayya,0.0,No Information,,+2computer commeerce in 2025 but failed for english due to hospitl casee//thirurangadii//kinfra aann near by,No
1345,1345,Call <24Hr,,Ambili,0.0,No Information,,"kollathaan veed, dgree stati kazhinju, data science aan nokkunnedh,",No
1346,1346,Call <24Hr,,Ambili,0.0,No Information,2026-10-08,"veed chemmad btech ece dropped, python aan chodhichedh
vere phonelnn vilichu",No
1347,1347,Call <24Hr,,Ambili,0.0,No Information,,No Information,No
1348,1348,Call >72Hr,2026-07-08,Najiya,241.0,No Information,2026-08-08,"Adithya arun friend,27 th officil varum",No
1349,1349,Call <24Hr,2026-11-08,Rincy,0.0,No Information,2026-08-08,"dgree ba ecnomics ,,...malappuram nilambur ...vtl paranj nokatte enn/15n  rnp////17n rnp incomming call illa/, ,/22n rnpsame///29n rnp same//4n rnp///11n rnp",No
1350,1350,Call >72Hr,,Rincy,0.0,No Information,2026-12-08,"rnp/2//same @eveninggg/watsapp connecetd
7/8//ithuvere respond cheythitee illaaa///call and watsappp too///11n rnp///13n rnp",No
1351,1351,Call <24Hr,,Ambili,0.0,No Information,,call cut aakkunnu,No
1352,1352,Call < 15 mins,,Rincy,1.0,No Information,,rnp/15n  rnp//17n rnp///18n rnp//24n rnp,No
1353,1353,Call >72Hr,,Rincy,25.0,No Information,,"buzy//avnn wrk ill buzyy aannn athoonndd details watsappp aakiya mathiii enn paranju

8/8//epppazhumm buzyyy//rnpp/waytsappp reply illaaa///11n rnp///13n rnp",No
1354,1354,Call <1Hr,,Najiya,0.0,No Information,,"plstwo e varsham kazhinju place thrisuur, idea illa endh edkknmnn",No
1355,1355,Call < 5 mins,,Najiya,0.0,No Information,,No Information,No
1356,1356,Call < 5 mins,,Najiya,69.0,No Information,,No Information,No
1357,1357,Call < 5 mins,,Najiya,24.0,No Information,,"Visited manjeri hub,amal friend",No
1358,1358,Call <4Hr,,Rincy,24.0,No Information,,rnp/15n  ....detailes shared,No
1359,1359,Call <4Hr,,Najiya,0.0,No Information,,"he is palakkad tiruppur,uiux enquiry,graphic desigh,rfront end learn,degree cmplt distance",No
1360,1360,Call <4Hr,,Ambili,0.0,No Information,,"diploma ece aan aal nokkidh cyber security aan, veed perinthalmann",No
1361,1361,Call < 5 mins,,Najiya,2.0,No Information,,"interested ,inform july batch ullathu",No
1362,1362,Call <4Hr,2026-05-08,Najiya,0.0,No Information,2026-05-08,"sending details in wtsap,ippol engish classilanu",No
1363,1363,Call < 5 mins,,Rincy,8.0,No Information,,asmil number kodth.....details paranj kodth hubil vann admission edthu brotol workshop kayinjadhanu,No
1364,1364,Call < 5 mins,,Najiya,29.0,No Information,,"ba sociology anu interested anu but coding pattumo ennulla dout anu,parents discuss cheythittu parayam,cousin reached friday",No
1365,1365,Call < 5 mins,,Najiya,20.0,No Information,,No Information,No
1366,1366,Call < 5 mins,,Najiya,35.0,No Information,,inform later,No
1367,1367,Call < 5 mins,,Najiya,19.0,No Information,,No Information,No
1368,1368,Call < 5 mins,,Najiya,37.0,No Information,,"interested it course ,no idea,details sending",No
1369,1369,Call >72Hr,2026-04-09,Rincy,0.0,No Information,2026-07-09,msged///24n rnp////25n rnp//28n rnp///1n rnp.........4n rnp,No
1370,1370,Call <8Hr,,Ambili,0.0,No Information,,No Information,No
1371,1371,Call <4Hr,,Ambili,10.0,No Information,,"plustwo kazhinj iti electronics, veed vandur ippo wrking aan aalkk field switch chyynmnn und, iti 3 yrs munp
interior designingm nokkend",No
1372,1372,Call <4Hr,,Ambili,2.0,No Information,,"veed kolappuram, plustwo science aan padichehd, busy aan",No
1373,1373,Call <4Hr,,Ambili,0.0,No Information,,No Information,No
1374,1374,Call <24Hr,,Ambili,0.0,No Information,,No Information,No
1375,1375,Call <24Hr,,Ambili,0.0,No Information,,dgree sociology edthirnnu health issue karanam drop aakki veed calicut ippo oru shopil nikkunnu,No
1376,1376,Call <24Hr,,Ambili,56.0,No Information,,No Information,No
1377,1377,Call <24Hr,,Ambili,2.0,No Information,,No Information,No
1378,1378,Call <24Hr,,Ambili,13.0,No Information,,"fee ariyan vilichedhan prnj fee chodhich cut aakki one yr aaytt mobile technican padikkan internship edkkend,",No
1379,1379,Call <24Hr,,Najiya,28.0,No Information,,"python course enquiry ,inform later",No
1380,1380,Call <24Hr,,Ambili,190.0,No Information,,No Information,No
1381,1381,Call <24Hr,,Ambili,0.0,No Information,,No Information,No
1382,1382,Call <24Hr,,Ambili,27.0,No Information,,electronics edth ippo verdhe irikkunnu kaeunagappally veed brthern vendittan,No
1383,1383,Call <24Hr,,Sumayya,63.0,No Information,,rnp/avnn accounting nteee internshoip nokkaa,No
1384,1384,Call <24Hr,,Ambili,1233.0,No Information,,"institute aanenn dbt ind verdhe ndhokko choikka and repeatedly dbt choikka, ippo psc nokkan nnan prnjedh padichedhafter bsc cs 3yrs gap und, veed  kayamkulam",No
1385,1385,Call <24Hr,,Rincy,45.0,No Information,,"Msg ayach....details ayach paranju......nale povam enn....inn povam uchakk sheesham
///ok  aan..msged..18n aval functionil aan bc aanu19n rand divasam kond cheyyaaam",No
1386,1386,Call <24Hr,,Sumayya,13.0,No Information,,"rnp[/3
brother nu vndii nokkiythha///+2computer science kayinjuu/malappurmm aann//details paranju koduthittunddu  21/8/rnp/2//watsappp connectedd  25/8/rnp//2//watsppp no response  29/8//kurch kayinj viliknn paranj cut aaki pooii",No
1387,1387,Call <24Hr,,Sumayya,18.0,No Information,,"rnp/2
detailss shred oonn ownn business  indd//athhin vndit aann ith padikn nokunnee..",No
1388,1388,Unknown,2026-03-09,Rincy,0.0,No Information,2026-04-09,"rnp/2 rnp/3/
buzy ayond pettnn vechh//iti aann cheythee..tvm aann..kochi hub ok aannn
8/8/eduthu cut aakii//rnp///11n rnp///15n rnp.............vere number aanennnn..////25n rnp//28n rnp//3N RNP",No
1389,1389,Call >24Hr,,Sumayya,32.0,No Information,,jym povaann//buzyy//degree 3rd year aann/3rd year distance aakittt course aaknn ann plann,No
1390,1390,Call >24Hr,,Sumayya,30.0,No Information,,"rnp/2/+2 kayinjthh aann/edappall aann place//detaaails shared aann//feees  kettitt pinnee vallyya respose illaa


23/7/parent aa eduthe buzyy aann",No
1391,1391,Call >72Hr,2026-05-08,Rincy,104.0,No Information,2026-04-08,"ethaa nokiyyeennn oolkk thannee ariyillaaa///vilikamm buzyaa 
2nd caall um  agne thannee buzy paranju vechu

16/7//avll free avumpoo avll vilichollaannn////2n rnp........pilot training cheyyan.......short term aan nokne",No
1392,1392,Call <24Hr,,Sumayya,18.0,No Information,,no incoming/only watsappp call laterr purthnnn   same @ evening,No
1393,1393,Call >24Hr,,Sumayya,28.0,No Information,,rnp/3  rnp/3/  28/8/rnp/  29/8//rnp/2//watsppp no responsee,No
1394,1394,Call >24Hr,,Sumayya,14.0,No Information,,"buzy///called @evining but rnp
10/8//rnp 15/8//rnp/2//  20/8//plus two kayinjuu//2024 ill//sjhop ill wrking aann//palakd pattambii//  27/8/rnp/1 watsapp connected  call @evening   28/8//buzy @shopp",No
1395,1395,Call >24Hr,,Ambili,0.0,No Information,,No Information,No
1396,1396,Call >24Hr,,Sumayya,246.0,No Information,,No Information,No
1397,1397,Call >24Hr,,Ambili,199.0,No Information,,"adhikam samsarikkan patitila aal porth aan , AI ml aan nokkunnedh veed kottayam
fee isuue",No
1398,1398,Call >24Hr,2026-01-09,Rincy,0.0,No Information,2026-05-09,//13n rnp...19n msged///24n rnp//27n rnp...29n call eduthadh vere aaro aan///1n rnp,No
1399,1399,Call >24Hr,,Ambili,154.0,No Information,2026-11-08,"CA try cheydhu adh kitteela, 3 yrs attended ippo onnm cheyyunnilla kannur aan veed, bca edkknmnn und
rnp",No
1400,1400,Call >24Hr,2026-06-08,Rincy,13.0,No Information,2026-05-08,"//13n rnp....plus 2 kayinju..lab technition....../15n  rnp//16n ,,...korch kayyum",No
1401,1401,Call >24Hr,,Sumayya,1097.0,No Information,,"thirakk aann 2,3,manikoooerr kauyinju vilikooo///oru pottann ann//+2 kayinjitt 5 years aaayii but passs allaaaa//",No
1402,1402,Call < 5 mins,2026-10-07,Najiya,59.0,No Information,,No Information,No
1403,1403,Call >24Hr,,Rincy,0.0,No Information,,"rnp..14n msged//15n msged...//17n rnp///18n rnp///19n rnp/,,/22n rnp",No
1404,1404,Call < 15 mins,,Najiya,33.0,No Information,2026-01-09,"kolappuram ,interested python full stack aiml,visit kinfra hub monday,fee  issue 6month feesilum,interested after 2month",No
1405,1405,Call >24Hr,,Rincy,0.0,No Information,,incomming call illa///whats app illa//16n rnp same///19n rnp same,No
1406,1406,Untouched,,Unknown,0.0,No Information,,No Information,No
1407,1407,Call >48Hr,,Ambili,0.0,No Information,,"number kitty vilichehan 3 per aan ulledh avar home science aan padichedh manjeri baagath aan veed next endh edkkmnn idea illa
twins aan fund issue und exm ezhthi nokkan prnjind",No
1408,1408,Call < 15 mins,,Najiya,8.0,No Information,,"Kalikkavu,data anaytics enquiry,inform later,not labtop",No
1409,1409,Call >48Hr,,Rincy,15.0,No Information,,"bc aan.....msg ayakan//17n rnp//17n rnp bc aanenn///18n rnp///19n rnp/,,/22n rnp///29n rnp",No
1410,1410,Untouched,,Unknown,0.0,No Information,,No Information,No
1411,1411,Untouched,,Unknown,0.0,No Information,,No Information,No
1412,1412,Call < 30 mins,,Ambili,0.0,No Information,,"science aan edthedh fail aayi, veed pernthalmanna, edhe dkknmnn idea illa speed aayitt karyngal kett poyi",No
1413,1413,Call <4Hr,2026-11-07,Sumayya,248.0,No Information,,No Information,No
1414,1414,Call <4Hr,,Najiya,0.0,No Information,2026-08-09,"wtsap only,degree bca distance doing,intersted it course,august exam afterinform,exam 28 finish after calling",No
1415,1415,Untouched,,Unknown,0.0,No Information,,No Information,No
1416,1416,Call < 15 mins,,Najiya,0.0,No Information,,"Data anaytics enquiry,inform discuss parents",No
1417,1417,Call >48Hr,,Rincy,0.0,No Information,,call ponilla/14n rnp/15n  rnp//16n rnp///19n onnum keeknilla//24n rnp,No
1418,1418,Untouched,,Unknown,0.0,No Information,,rnp,No
1419,1419,Call <4Hr,,Rincy,20.0,No Information,,plus 2 kayinj dgree drop aaki irikuvan bc aan ingotteekk vilikam 2 manik sheesahm enn paranju///11n rnp//////13n bc aan/15n  rnp///19n rnp,No
1420,1420,Untouched,2026-11-07,Ambili,0.0,No Information,,rnp msgd,No
1421,1421,Call >72Hr,,Rincy,0.0,No Information,,rnp/2//17n rnp///18n rnp///19n rnp,No
1422,1422,Call <24Hr,2026-02-08,Rincy,0.0,No Information,,"bca.....thalasseri.....aug kayinjitta nokne 
//13n msg ayachu/14n rnp//17n msged///18n rnp ///19n rnp//25n rnpl///29n rnp////2n rnp",No
1423,1423,Call <24Hr,,Ambili,279.0,No Information,,No Information,No
1424,1424,Call >72Hr,,Rincy,14.0,No Information,,"buzyy aannn vilikam
full time rnp/watsappp no responsee.............////11n         msg ayaan.............nokunnilla",No
1425,1425,Untouched,,Unknown,0.0,No Information,,No Information,No
1426,1426,Call <24Hr,,Rincy,15.0,No Information,,cut saaki poyi enquiry cheydho enn choychappo..phon ekeed aan msg ayachu..//17n msged,No
1427,1427,Call <24Hr,,Ambili,0.0,No Information,,No Information,No
1428,1428,Call <24Hr,,Sanju,44.0,No Information,,No Information,No
1429,1429,Call >48Hr,,Rincy,0.0,No Information,,rnp/14n rnp//17n rnp///18n rnp//24n rnp,No
1430,1430,Call <24Hr,,Sumayya,0.0,No Information,,"vilikam paranj cut aakkii
14/7//bridgeonn paranjthumm cut aakii pokuvvaaa",No
1431,1431,Untouched,,Unknown,0.0,No Information,2026-12-07,marketing il wrk chyaanu +2 qualification aann wrk nu pona thirakayond smsarikan patela vilikam ennan paranje,No
1432,1432,Call <24Hr,,Ambili,0.0,No Information,,"plstwo kazhinj accounting crse edth porthaanulledh, panthheerankav
busy",No
1433,1433,Call >72Hr,,Rincy,0.0,No Information,,switched off//avnn cloud aann vndathhh////16n rnp//17n onnum parayinnilla///19n rnp,Yes
1434,1434,Call >72Hr,,Bridgeon Admin,108.0,No Information,,"mankav hub visit cheyyunnu oru frndm und, just adhilude poypo keriydhan plstwo failed aan logistics nokkind",No
1435,1435,Call < 5 mins,2026-10-07,Ambili,48.0,No Information,,No Information,No
1436,1436,Call <24Hr,,Rincy,0.0,No Information,,rnp///11n rnp///13n rnp/15n  rnp//17n rnp..msged///18n rnp msged///19n rnp.....msged,No
1437,1437,Call < 15 mins,2026-11-08,Sumayya,250.0,No Information,,surgery ind so ath kayinjeee noinn aavnn patulluuu(october ill),No
1438,1438,Untouched,2026-10-07,Ambili,583.0,No Information,,"27 yrs ippo wrkeyyunnu, manager aytt veed kotttayam padichedh plustwo online aan nokidh
maricha veetil aan thirich vilikam ennan paranje",No
1439,1439,Call >48Hr,,Rincy,22.0,No Information,,rnp...incomming call illa//16n rnp  same//17n rnp///19n rnp,No
1440,1440,Call >72Hr,,Ambili,912.0,No Information,,"details prnj kodthind, plustwo kazhinjedhan then dgree ippo dstnce cheyyan ennan prnjedh veed plkd",No
1441,1441,Call >72Hr,,Sanju,0.0,No Information,,"rnp,msgd",No
1442,1442,Call <4Hr,,Ambili,0.0,No Information,,No Information,No
1443,1443,Call <4Hr,,Najiya,0.0,No Information,,"python fullstack online enquiry,work join next month after inform",No
1444,1444,Call <24Hr,,Rincy,21.0,No Information,,RNP///11n rnp//13n rnp/15n  onnum keeknilla//17n rnp///18n rnp///19n rnp,No
1445,1445,Call <4Hr,,Ambili,51.0,No Information,,"ippo operation theatre reltd endho padikkunnu, 3rd yr aan ini one yr koode und, cls undavilla xam aan, bnglre aan veed kochi busy an
busy",No
1446,1446,Call <4Hr,,Ambili,0.0,No Information,,"intrested in IT bcom aan padichth trying to shift to IT field details shared aan achan sadha apni aanu 
hub visit aan scholarship pitch chythind",No
1447,1447,Call <24Hr,,Rincy,41.0,No Information,2026-12-07,b tech civil...kollam aan veed,No
1448,1448,Call < 5 mins,2026-10-07,Ambili,52.0,No Information,,No Information,No
1449,1449,Call < 30 mins,,Ambili,0.0,No Information,,"mobile technician padich drpeydhu, 2 yrs ago plustwo bsy",No
1450,1450,Call >24Hr,2026-11-07,Sumayya,78.0,No Information,,No Information,No
1451,1451,Call < 5 mins,,Najiya,2.0,No Information,2026-08-09,"gudallur,data science enquiry,with frnd ,frnd enquiry development course,scholarship exam paranjittund,visited hub with frnd",No
1452,1452,Call < 5 mins,,Najiya,13.0,No Information,,No Information,No
1453,1453,Call < 5 mins,2026-12-08,Najiya,22.0,No Information,2026-12-08,"interested anu but fee prblm and fund issue,Endayalum manjeri hub visit cheythittu vilikkam,dooram nokiyittu parayam,mannarkkad anu place",No
1454,1454,Untouched,,Unknown,0.0,No Information,,No Information,No
1455,1455,Untouched,,Unknown,0.0,No Information,,No Information,No
1456,1456,Untouched,,Unknown,0.0,No Information,,No Information,No
1457,1457,Untouched,,Unknown,0.0,No Information,,No Information,No
1458,1458,Untouched,,Unknown,0.0,No Information,,No Information,No
1459,1459,Untouched,,Unknown,0.0,No Information,,No Information,No
1460,1460,Untouched,,Unknown,0.0,No Information,,No Information,No
1461,1461,Untouched,,Unknown,0.0,No Information,,No Information,No
1462,1462,Untouched,,Unknown,0.0,No Information,,No Information,No
1463,1463,Untouched,,Unknown,0.0,No Information,,No Information,No
1464,1464,Untouched,,Unknown,0.0,No Information,,No Information,No
1465,1465,Untouched,,Unknown,0.0,No Information,,No Information,No
1466,1466,Untouched,,Unknown,0.0,No Information,,No Information,No
1467,1467,Untouched,,Unknown,0.0,No Information,,No Information,No
1468,1468,Untouched,,Unknown,0.0,No Information,,No Information,No
1469,1469,Untouched,,Unknown,0.0,No Information,,No Information,No
1470,1470,Untouched,,Unknown,0.0,No Information,,No Information,No
1471,1471,Untouched,,Unknown,0.0,No Information,,No Information,No
1472,1472,Untouched,,Unknown,0.0,No Information,,No Information,No
1473,1473,Untouched,,Unknown,0.0,No Information,,No Information,No
1474,1474,Untouched,,Unknown,0.0,No Information,,No Information,No
1475,1475,Untouched,,Unknown,0.0,No Information,,No Information,No
1476,1476,Untouched,,Unknown,0.0,No Information,,No Information,No
1477,1477,Untouched,,Unknown,0.0,No Information,,No Information,No
1478,1478,Untouched,,Unknown,0.0,No Information,,No Information,No
1479,1479,Untouched,,Unknown,0.0,No Information,,No Information,No
1480,1480,Untouched,,Unknown,0.0,No Information,,No Information,No
1481,1481,Untouched,,Unknown,0.0,No Information,,No Information,No
1482,1482,Untouched,,Unknown,0.0,No Information,,No Information,No
1483,1483,Untouched,,Unknown,0.0,No Information,,No Information,No
1484,1484,Untouched,,Unknown,0.0,No Information,,No Information,No
1485,1485,Untouched,,Unknown,0.0,No Information,,No Information,No
1486,1486,Untouched,,Unknown,0.0,No Information,,No Information,No
1487,1487,Untouched,,Unknown,0.0,No Information,,No Information,No
1488,1488,Untouched,,Unknown,0.0,No Information,,No Information,No
1489,1489,Untouched,,Unknown,0.0,No Information,,No Information,No
1490,1490,Untouched,,Unknown,0.0,No Information,,No Information,No
1491,1491,Untouched,,Unknown,0.0,No Information,,No Information,No
1492,1492,Untouched,,Unknown,0.0,No Information,,No Information,No
1493,1493,Untouched,,Unknown,0.0,No Information,,No Information,No
1494,1494,Untouched,,Unknown,0.0,No Information,,No Information,No
1495,1495,Untouched,,Unknown,0.0,No Information,,No Information,No
1496,1496,Untouched,,Unknown,0.0,No Information,,No Information,No
1497,1497,Untouched,,Unknown,0.0,No Information,,No Information,No
1498,1498,Untouched,,Unknown,0.0,No Information,,No Information,No
1499,1499,Untouched,,Unknown,0.0,No Information,,No Information,No
1500,1500,Untouched,,Unknown,0.0,No Information,,No Information,No
1501,1501,Untouched,,Unknown,0.0,No Information,,No Information,No
1502,1502,Untouched,,Unknown,0.0,No Information,,No Information,No
1503,1503,Untouched,,Unknown,0.0,No Information,,No Information,No
1504,1504,Untouched,,Unknown,0.0,No Information,,No Information,No
1505,1505,Untouched,,Unknown,0.0,No Information,,No Information,No
1506,1506,Untouched,,Unknown,0.0,No Information,,No Information,No
1507,1507,Untouched,,Unknown,0.0,No Information,,No Information,No
1508,1508,Untouched,,Unknown,0.0,No Information,,No Information,No
1509,1509,Untouched,,Unknown,0.0,No Information,,No Information,No
1510,1510,Untouched,,Unknown,0.0,No Information,,No Information,No
1511,1511,Untouched,,Unknown,0.0,No Information,,No Information,No
1512,1512,Untouched,,Unknown,0.0,No Information,,No Information,No
1513,1513,Untouched,,Unknown,0.0,No Information,,No Information,No
1514,1514,Untouched,,Unknown,0.0,No Information,,No Information,No
1515,1515,Untouched,,Unknown,0.0,No Information,,No Information,No
1516,1516,Untouched,,Unknown,0.0,No Information,,No Information,No
1517,1517,Untouched,,Unknown,0.0,No Information,,No Information,No
1518,1518,Untouched,,Unknown,0.0,No Information,,No Information,No
1519,1519,Untouched,,Unknown,0.0,No Information,,No Information,No
1520,1520,Untouched,,Unknown,0.0,No Information,,No Information,No
1521,1521,Untouched,,Unknown,0.0,No Information,,No Information,No
1522,1522,Untouched,,Unknown,0.0,No Information,,No Information,No
1523,1523,Untouched,,Unknown,0.0,No Information,,No Information,No
1524,1524,Untouched,,Unknown,0.0,No Information,,No Information,No
1525,1525,Untouched,,Unknown,0.0,No Information,,No Information,No
1526,1526,Untouched,,Unknown,0.0,No Information,,No Information,No
1527,1527,Untouched,,Unknown,0.0,No Information,,No Information,No
1528,1528,Untouched,,Unknown,0.0,No Information,,No Information,No
1529,1529,Untouched,,Unknown,0.0,No Information,,No Information,No
1530,1530,Untouched,,Unknown,0.0,No Information,,No Information,No
1531,1531,Untouched,,Unknown,0.0,No Information,,No Information,No
1532,1532,Untouched,,Unknown,0.0,No Information,,No Information,No
1533,1533,Untouched,,Unknown,0.0,No Information,,No Information,No
1534,1534,Untouched,,Unknown,0.0,No Information,,No Information,No
1535,1535,Untouched,,Unknown,0.0,No Information,,No Information,No
1536,1536,Untouched,,Unknown,0.0,No Information,,No Information,No
1537,1537,Untouched,,Unknown,0.0,No Information,,No Information,No
1538,1538,Untouched,,Unknown,0.0,No Information,,No Information,No
1539,1539,Untouched,,Unknown,0.0,No Information,,No Information,No
1540,1540,Untouched,,Unknown,0.0,No Information,,No Information,No
1541,1541,Untouched,,Unknown,0.0,No Information,,No Information,No
1542,1542,Untouched,,Unknown,0.0,No Information,,No Information,No
1543,1543,Untouched,,Unknown,0.0,No Information,,No Information,No
1544,1544,Untouched,,Unknown,0.0,No Information,,No Information,No
1545,1545,Untouched,,Unknown,0.0,No Information,,No Information,No
1546,1546,Untouched,,Unknown,0.0,No Information,,No Information,No
1547,1547,Untouched,,Unknown,0.0,No Information,,No Information,No
1548,1548,Untouched,,Unknown,0.0,No Information,,No Information,No
1549,1549,Untouched,,Unknown,0.0,No Information,,No Information,No
1550,1550,Untouched,,Unknown,0.0,No Information,,No Information,No
1551,1551,Untouched,,Unknown,0.0,No Information,,No Information,No
1552,1552,Untouched,,Unknown,0.0,No Information,,No Information,No
1553,1553,Untouched,,Unknown,0.0,No Information,,No Information,No
1554,1554,Untouched,,Unknown,0.0,No Information,,No Information,No
1555,1555,Untouched,,Unknown,0.0,No Information,,No Information,No
1556,1556,Untouched,,Unknown,0.0,No Information,,No Information,No
1557,1557,Untouched,,Unknown,0.0,No Information,,No Information,No
1558,1558,Untouched,,Unknown,0.0,No Information,,No Information,No
1559,1559,Untouched,,Unknown,0.0,No Information,,No Information,No
1560,1560,Untouched,,Unknown,0.0,No Information,,No Information,No
1561,1561,Untouched,,Unknown,0.0,No Information,,No Information,No
1562,1562,Untouched,,Unknown,0.0,No Information,,No Information,No
1563,1563,Untouched,,Unknown,0.0,No Information,,No Information,No
1564,1564,Untouched,,Unknown,0.0,No Information,,No Information,No
1565,1565,Untouched,,Unknown,0.0,No Information,,No Information,No
1566,1566,Untouched,,Unknown,0.0,No Information,,No Information,No
1567,1567,Untouched,,Unknown,0.0,No Information,,No Information,No
1568,1568,Untouched,,Unknown,0.0,No Information,,No Information,No
1569,1569,Untouched,,Unknown,0.0,No Information,,No Information,No
1570,1570,Untouched,,Unknown,0.0,No Information,,No Information,No
1571,1571,Untouched,,Unknown,0.0,No Information,,No Information,No
1572,1572,Untouched,,Unknown,0.0,No Information,,No Information,No
1573,1573,Untouched,,Unknown,0.0,No Information,,No Information,No
1574,1574,Untouched,,Unknown,0.0,No Information,,No Information,No
1575,1575,Untouched,,Unknown,0.0,No Information,,No Information,No
1576,1576,Untouched,,Unknown,0.0,No Information,,No Information,No
1577,1577,Untouched,,Unknown,0.0,No Information,,No Information,No
1578,1578,Untouched,,Unknown,0.0,No Information,,No Information,No
1579,1579,Untouched,,Unknown,0.0,No Information,,No Information,No
1580,1580,Untouched,,Unknown,0.0,No Information,,No Information,No
1581,1581,Untouched,,Unknown,0.0,No Information,,No Information,No
1582,1582,Untouched,,Unknown,0.0,No Information,,No Information,No
1583,1583,Untouched,,Unknown,0.0,No Information,,No Information,No
1584,1584,Untouched,,Unknown,0.0,No Information,,No Information,No
1585,1585,Untouched,,Unknown,0.0,No Information,,No Information,No
1586,1586,Untouched,,Unknown,0.0,No Information,,No Information,No
1587,1587,Untouched,,Unknown,0.0,No Information,,No Information,No
1588,1588,Untouched,,Unknown,0.0,No Information,,No Information,No
1589,1589,Untouched,,Unknown,0.0,No Information,,No Information,No
1590,1590,Untouched,,Unknown,0.0,No Information,,No Information,No
1591,1591,Untouched,,Unknown,0.0,No Information,,No Information,No
1592,1592,Untouched,,Unknown,0.0,No Information,,No Information,No
1593,1593,Untouched,,Unknown,0.0,No Information,,No Information,No
1594,1594,Untouched,,Unknown,0.0,No Information,,No Information,No
1595,1595,Untouched,,Unknown,0.0,No Information,,No Information,No
1596,1596,Untouched,,Unknown,0.0,No Information,,No Information,No
1597,1597,Untouched,,Unknown,0.0,No Information,,No Information,No
1598,1598,Untouched,,Unknown,0.0,No Information,,No Information,No
1599,1599,Untouched,,Unknown,0.0,No Information,,No Information,No
1600,1600,Untouched,,Unknown,0.0,No Information,,No Information,No
1601,1601,Untouched,,Unknown,0.0,No Information,,No Information,No
1602,1602,Untouched,,Unknown,0.0,No Information,,No Information,No
1603,1603,Untouched,,Unknown,0.0,No Information,,No Information,No
1604,1604,Untouched,,Unknown,0.0,No Information,,No Information,No
1605,1605,Untouched,,Unknown,0.0,No Information,,No Information,No
1606,1606,Untouched,,Unknown,0.0,No Information,,No Information,No
1607,1607,Untouched,,Unknown,0.0,No Information,,No Information,No
1608,1608,Untouched,,Unknown,0.0,No Information,,No Information,No
1609,1609,Untouched,,Unknown,0.0,No Information,,No Information,No
1610,1610,Untouched,,Unknown,0.0,No Information,,No Information,No
1611,1611,Untouched,,Unknown,0.0,No Information,,No Information,No
1612,1612,Untouched,,Unknown,0.0,No Information,,No Information,No
1613,1613,Untouched,,Unknown,0.0,No Information,,No Information,No
1614,1614,Untouched,,Unknown,0.0,No Information,,No Information,No
1615,1615,Untouched,,Unknown,0.0,No Information,,No Information,No
1616,1616,Untouched,,Unknown,0.0,No Information,,No Information,No
1617,1617,Untouched,,Unknown,0.0,No Information,,No Information,No
1618,1618,Untouched,,Unknown,0.0,No Information,,No Information,No
1619,1619,Untouched,,Unknown,0.0,No Information,,No Information,No
1620,1620,Untouched,,Unknown,0.0,No Information,,No Information,No
1621,1621,Untouched,,Unknown,0.0,No Information,,No Information,No
1622,1622,Untouched,,Unknown,0.0,No Information,,No Information,No
1623,1623,Untouched,,Unknown,0.0,No Information,,No Information,No
1624,1624,Untouched,,Unknown,0.0,No Information,,No Information,No
1625,1625,Untouched,,Unknown,0.0,No Information,,No Information,No
1626,1626,Untouched,,Unknown,0.0,No Information,,No Information,No
1627,1627,Untouched,,Unknown,0.0,No Information,,No Information,No
1628,1628,Untouched,,Unknown,0.0,No Information,,No Information,No
1629,1629,Untouched,,Unknown,0.0,No Information,,No Information,No
1630,1630,Untouched,,Unknown,0.0,No Information,,No Information,No
1631,1631,Untouched,,Unknown,0.0,No Information,,No Information,No
1632,1632,Untouched,,Unknown,0.0,No Information,,No Information,No
1633,1633,Untouched,,Unknown,0.0,No Information,,No Information,No
1634,1634,Untouched,,Unknown,0.0,No Information,,No Information,No
1635,1635,Untouched,,Unknown,0.0,No Information,,No Information,No
1636,1636,Untouched,,Unknown,0.0,No Information,,No Information,No
1637,1637,Untouched,,Unknown,0.0,No Information,,No Information,No
1638,1638,Untouched,,Unknown,0.0,No Information,,No Information,No
1639,1639,Untouched,,Unknown,0.0,No Information,,No Information,No
1640,1640,Untouched,,Unknown,0.0,No Information,,No Information,No
1641,1641,Untouched,,Unknown,0.0,No Information,,No Information,No
1642,1642,Untouched,,Unknown,0.0,No Information,,No Information,No
1643,1643,Untouched,,Unknown,0.0,No Information,,No Information,No
1644,1644,Untouched,,Unknown,0.0,No Information,,No Information,No
1645,1645,Untouched,,Unknown,0.0,No Information,,No Information,No
1646,1646,Untouched,,Unknown,0.0,No Information,,No Information,No
1647,1647,Untouched,,Unknown,0.0,No Information,,No Information,No
1648,1648,Untouched,,Unknown,0.0,No Information,,No Information,No
1649,1649,Untouched,,Unknown,0.0,No Information,,No Information,No
1650,1650,Untouched,,Unknown,0.0,No Information,,No Information,No
1651,1651,Untouched,,Unknown,0.0,No Information,,No Information,No
1652,1652,Untouched,,Unknown,0.0,No Information,,No Information,No
1653,1653,Untouched,,Unknown,0.0,No Information,,No Information,No
1654,1654,Untouched,,Unknown,0.0,No Information,,No Information,No
1655,1655,Untouched,,Unknown,0.0,No Information,,No Information,No
1656,1656,Untouched,,Unknown,0.0,No Information,,No Information,No
1657,1657,Untouched,,Unknown,0.0,No Information,,No Information,No
1658,1658,Untouched,,Unknown,0.0,No Information,,No Information,No
1659,1659,Untouched,,Unknown,0.0,No Information,,No Information,No
1660,1660,Untouched,,Unknown,0.0,No Information,,No Information,No
1661,1661,Untouched,,Unknown,0.0,No Information,,No Information,No
1662,1662,Untouched,,Unknown,0.0,No Information,,No Information,No
1663,1663,Untouched,,Unknown,0.0,No Information,,No Information,No
1664,1664,Untouched,,Unknown,0.0,No Information,,No Information,No
1665,1665,Untouched,,Unknown,0.0,No Information,,No Information,No
1666,1666,Untouched,,Unknown,0.0,No Information,,No Information,No
1667,1667,Untouched,,Unknown,0.0,No Information,,No Information,No
1668,1668,Untouched,,Unknown,0.0,No Information,,No Information,No
1669,1669,Untouched,,Unknown,0.0,No Information,,No Information,No
1670,1670,Untouched,,Unknown,0.0,No Information,,No Information,No
1671,1671,Untouched,,Unknown,0.0,No Information,,No Information,No
1672,1672,Untouched,,Unknown,0.0,No Information,,No Information,No
1673,1673,Untouched,,Unknown,0.0,No Information,,No Information,No
1674,1674,Untouched,,Unknown,0.0,No Information,,No Information,No
1675,1675,Untouched,,Unknown,0.0,No Information,,No Information,No
1676,1676,Untouched,,Unknown,0.0,No Information,,No Information,No
1677,1677,Untouched,,Unknown,0.0,No Information,,No Information,No
1678,1678,Untouched,,Unknown,0.0,No Information,,No Information,No
1679,1679,Untouched,,Unknown,0.0,No Information,,No Information,No
1680,1680,Untouched,,Unknown,0.0,No Information,,No Information,No
1681,1681,Untouched,,Unknown,0.0,No Information,,No Information,No
1682,1682,Untouched,,Unknown,0.0,No Information,,No Information,No
1683,1683,Untouched,,Unknown,0.0,No Information,,No Information,No
1684,1684,Untouched,,Unknown,0.0,No Information,,No Information,No
1685,1685,Untouched,,Unknown,0.0,No Information,,No Information,No
1686,1686,Untouched,,Unknown,0.0,No Information,,No Information,No
1687,1687,Untouched,,Unknown,0.0,No Information,,No Information,No
1688,1688,Untouched,,Unknown,0.0,No Information,,No Information,No
1689,1689,Untouched,,Unknown,0.0,No Information,,No Information,No
1690,1690,Untouched,,Unknown,0.0,No Information,,No Information,No
1691,1691,Untouched,,Unknown,0.0,No Information,,No Information,No
1692,1692,Untouched,,Unknown,0.0,No Information,,No Information,No
1693,1693,Untouched,,Unknown,0.0,No Information,,No Information,No
1694,1694,Untouched,,Unknown,0.0,No Information,,No Information,No
1695,1695,Untouched,,Unknown,0.0,No Information,,No Information,No
1696,1696,Untouched,,Unknown,0.0,No Information,,No Information,No
1697,1697,Untouched,,Unknown,0.0,No Information,,No Information,No
1698,1698,Untouched,,Unknown,0.0,No Information,,No Information,No
1699,1699,Untouched,,Unknown,0.0,No Information,,No Information,No
1700,1700,Untouched,,Unknown,0.0,No Information,,No Information,No
1701,1701,Untouched,,Unknown,0.0,No Information,,No Information,No
1702,1702,Untouched,,Unknown,0.0,No Information,,No Information,No
1703,1703,Untouched,,Unknown,0.0,No Information,,No Information,No
1704,1704,Untouched,,Unknown,0.0,No Information,,No Information,No
1705,1705,Untouched,,Unknown,0.0,No Information,,No Information,No
1706,1706,Untouched,,Unknown,0.0,No Information,,No Information,No
1707,1707,Untouched,,Unknown,0.0,No Information,,No Information,No
1708,1708,Untouched,,Unknown,0.0,No Information,,No Information,No
1709,1709,Untouched,,Unknown,0.0,No Information,,No Information,No
1710,1710,Untouched,,Unknown,0.0,No Information,,No Information,No
1711,1711,Untouched,,Unknown,0.0,No Information,,No Information,No
1712,1712,Untouched,,Unknown,0.0,No Information,,No Information,No
1713,1713,Untouched,,Unknown,0.0,No Information,,No Information,No
1714,1714,Untouched,,Unknown,0.0,No Information,,No Information,No
1715,1715,Untouched,,Unknown,0.0,No Information,,No Information,No
1716,1716,Untouched,,Unknown,0.0,No Information,,No Information,No
1717,1717,Untouched,,Unknown,0.0,No Information,,No Information,No
1718,1718,Untouched,,Unknown,0.0,No Information,,No Information,No
1719,1719,Untouched,,Unknown,0.0,No Information,,No Information,No
1720,1720,Untouched,,Unknown,0.0,No Information,,No Information,No
1721,1721,Untouched,,Unknown,0.0,No Information,,No Information,No
1722,1722,Untouched,,Unknown,0.0,No Information,,No Information,No
1723,1723,Untouched,,Unknown,0.0,No Information,,No Information,No
1724,1724,Untouched,,Unknown,0.0,No Information,,No Information,No
1725,1725,Untouched,,Unknown,0.0,No Information,,No Information,No
1726,1726,Untouched,,Unknown,0.0,No Information,,No Information,No
1727,1727,Untouched,,Unknown,0.0,No Information,,No Information,No
1728,1728,Untouched,,Unknown,0.0,No Information,,No Information,No
1729,1729,Untouched,,Unknown,0.0,No Information,,No Information,No
1730,1730,Untouched,,Unknown,0.0,No Information,,No Information,No
1731,1731,Untouched,,Unknown,0.0,No Information,,No Information,No
1732,1732,Untouched,,Unknown,0.0,No Information,,No Information,No
1733,1733,Untouched,,Unknown,0.0,No Information,,No Information,No
1734,1734,Untouched,,Unknown,0.0,No Information,,No Information,No
1735,1735,Untouched,,Unknown,0.0,No Information,,No Information,No
1736,1736,Untouched,,Unknown,0.0,No Information,,No Information,No
1737,1737,Untouched,,Unknown,0.0,No Information,,No Information,No
1738,1738,Untouched,,Unknown,0.0,No Information,,No Information,No
1739,1739,Untouched,,Unknown,0.0,No Information,,No Information,No
1740,1740,Untouched,,Unknown,0.0,No Information,,No Information,No
1741,1741,Untouched,,Unknown,0.0,No Information,,No Information,No
1742,1742,Untouched,,Unknown,0.0,No Information,,No Information,No
1743,1743,Untouched,,Unknown,0.0,No Information,,No Information,No
1744,1744,Untouched,,Unknown,0.0,No Information,,No Information,No
1745,1745,Untouched,,Unknown,0.0,No Information,,No Information,No
1746,1746,Untouched,,Unknown,0.0,No Information,,No Information,No
1747,1747,Untouched,,Unknown,0.0,No Information,,No Information,No
1748,1748,Untouched,,Unknown,0.0,No Information,,No Information,No
1749,1749,Untouched,,Unknown,0.0,No Information,,No Information,No
1750,1750,Untouched,,Unknown,0.0,No Information,,No Information,No
1751,1751,Untouched,,Unknown,0.0,No Information,,No Information,No
1752,1752,Untouched,,Unknown,0.0,No Information,,No Information,No
1753,1753,Untouched,,Unknown,0.0,No Information,,No Information,No
1754,1754,Untouched,,Unknown,0.0,No Information,,No Information,No
1755,1755,Untouched,,Unknown,0.0,No Information,,No Information,No
1756,1756,Untouched,,Unknown,0.0,No Information,,No Information,No
1757,1757,Untouched,,Unknown,0.0,No Information,,No Information,No
1758,1758,Untouched,,Unknown,0.0,No Information,,No Information,No
1759,1759,Untouched,,Unknown,0.0,No Information,,No Information,No
1760,1760,Untouched,,Unknown,0.0,No Information,,No Information,No
1761,1761,Untouched,,Unknown,0.0,No Information,,No Information,No
1762,1762,Untouched,,Unknown,0.0,No Information,,No Information,No
1763,1763,Untouched,,Unknown,0.0,No Information,,No Information,No
1764,1764,Untouched,,Unknown,0.0,No Information,,No Information,No
1765,1765,Untouched,,Unknown,0.0,No Information,,No Information,No
1766,1766,Untouched,,Unknown,0.0,No Information,,No Information,No
1767,1767,Untouched,,Unknown,0.0,No Information,,No Information,No
1768,1768,Untouched,,Unknown,0.0,No Information,,No Information,No
1769,1769,Untouched,,Unknown,0.0,No Information,,No Information,No
1770,1770,Untouched,,Unknown,0.0,No Information,,No Information,No
1771,1771,Untouched,,Unknown,0.0,No Information,,No Information,No
1772,1772,Untouched,,Unknown,0.0,No Information,,No Information,No
1773,1773,Untouched,,Unknown,0.0,No Information,,No Information,No
1774,1774,Untouched,,Unknown,0.0,No Information,,No Information,No
1775,1775,Untouched,,Unknown,0.0,No Information,,No Information,No
1776,1776,Untouched,,Unknown,0.0,No Information,,No Information,No
1777,1777,Untouched,,Unknown,0.0,No Information,,No Information,No
1778,1778,Untouched,,Unknown,0.0,No Information,,No Information,No
1779,1779,Untouched,,Unknown,0.0,No Information,,No Information,No
1780,1780,Untouched,,Unknown,0.0,No Information,,No Information,No
1781,1781,Untouched,,Unknown,0.0,No Information,,No Information,No
1782,1782,Untouched,,Unknown,0.0,No Information,,No Information,No
1783,1783,Untouched,,Unknown,0.0,No Information,,No Information,No
1784,1784,Untouched,,Unknown,0.0,No Information,,No Information,No
1785,1785,Untouched,,Unknown,0.0,No Information,,No Information,No
1786,1786,Untouched,,Unknown,0.0,No Information,,No Information,No
1787,1787,Untouched,,Unknown,0.0,No Information,,No Information,No
1788,1788,Untouched,,Unknown,0.0,No Information,,No Information,No
1789,1789,Untouched,,Unknown,0.0,No Information,,No Information,No
1790,1790,Untouched,,Unknown,0.0,No Information,,No Information,No
1791,1791,Untouched,,Unknown,0.0,No Information,,No Information,No
1792,1792,Untouched,,Unknown,0.0,No Information,,No Information,No
1793,1793,Untouched,,Unknown,0.0,No Information,,No Information,No
1794,1794,Untouched,,Unknown,0.0,No Information,,No Information,No
1795,1795,Untouched,,Unknown,0.0,No Information,,No Information,No
1796,1796,Untouched,,Unknown,0.0,No Information,,No Information,No
1797,1797,Untouched,,Unknown,0.0,No Information,,No Information,No
1798,1798,Untouched,,Unknown,0.0,No Information,,No Information,No
1799,1799,Untouched,,Unknown,0.0,No Information,,No Information,No
1800,1800,Untouched,,Unknown,0.0,No Information,,No Information,No
1801,1801,Untouched,,Unknown,0.0,No Information,,No Information,No
1802,1802,Untouched,,Unknown,0.0,No Information,,No Information,No
1803,1803,Untouched,,Unknown,0.0,No Information,,No Information,No
1804,1804,Untouched,,Unknown,0.0,No Information,,No Information,No
1805,1805,Untouched,,Unknown,0.0,No Information,,No Information,No
1806,1806,Untouched,,Unknown,0.0,No Information,,No Information,No
1807,1807,Untouched,,Unknown,0.0,No Information,,No Information,No
1808,1808,Untouched,,Unknown,0.0,No Information,,No Information,No
1809,1809,Untouched,,Unknown,0.0,No Information,,No Information,No
1810,1810,Untouched,,Unknown,0.0,No Information,,No Information,No
1811,1811,Untouched,,Unknown,0.0,No Information,,No Information,No
1812,1812,Untouched,,Unknown,0.0,No Information,,No Information,No
1813,1813,Untouched,,Unknown,0.0,No Information,,No Information,No
1814,1814,Untouched,,Unknown,0.0,No Information,,No Information,No
1815,1815,Untouched,,Unknown,0.0,No Information,,No Information,No
1816,1816,Untouched,,Unknown,0.0,No Information,,No Information,No
1817,1817,Untouched,,Unknown,0.0,No Information,,No Information,No
1818,1818,Untouched,,Unknown,0.0,No Information,,No Information,No
1819,1819,Untouched,,Unknown,0.0,No Information,,No Information,No
1820,1820,Untouched,,Unknown,0.0,No Information,,No Information,No
1821,1821,Untouched,,Unknown,0.0,No Information,,No Information,No
1822,1822,Untouched,,Unknown,0.0,No Information,,No Information,No
1823,1823,Untouched,,Unknown,0.0,No Information,,No Information,No
1824,1824,Untouched,,Unknown,0.0,No Information,,No Information,No
1825,1825,Untouched,,Unknown,0.0,No Information,,No Information,No
1826,1826,Untouched,,Unknown,0.0,No Information,,No Information,No
1827,1827,Untouched,,Unknown,0.0,No Information,,No Information,No
1828,1828,Untouched,,Unknown,0.0,No Information,,No Information,No
1829,1829,Untouched,,Unknown,0.0,No Information,,No Information,No
1830,1830,Untouched,,Unknown,0.0,No Information,,No Information,No
1831,1831,Untouched,,Unknown,0.0,No Information,,No Information,No
1832,1832,Untouched,,Unknown,0.0,No Information,,No Information,No
1833,1833,Untouched,,Unknown,0.0,No Information,,No Information,No
1834,1834,Untouched,,Unknown,0.0,No Information,,No Information,No
1835,1835,Untouched,,Unknown,0.0,No Information,,No Information,No
1836,1836,Untouched,,Unknown,0.0,No Information,,No Information,No
1837,1837,Untouched,,Unknown,0.0,No Information,,No Information,No
1838,1838,Untouched,,Unknown,0.0,No Information,,No Information,No
1839,1839,Untouched,,Unknown,0.0,No Information,,No Information,No
1840,1840,Untouched,,Unknown,0.0,No Information,,No Information,No
1841,1841,Untouched,,Unknown,0.0,No Information,,No Information,No
1842,1842,Untouched,,Unknown,0.0,No Information,,No Information,No
1843,1843,Untouched,,Unknown,0.0,No Information,,No Information,No
1844,1844,Untouched,,Unknown,0.0,No Information,,No Information,No
1845,1845,Untouched,,Unknown,0.0,No Information,,No Information,No
1846,1846,Untouched,,Unknown,0.0,No Information,,No Information,No
1847,1847,Untouched,,Unknown,0.0,No Information,,No Information,No
1848,1848,Untouched,,Unknown,0.0,No Information,,No Information,No
1849,1849,Untouched,,Unknown,0.0,No Information,,No Information,No
1850,1850,Untouched,,Unknown,0.0,No Information,,No Information,No
1851,1851,Untouched,,Unknown,0.0,No Information,,No Information,No
1852,1852,Untouched,,Unknown,0.0,No Information,,No Information,No
1853,1853,Untouched,,Unknown,0.0,No Information,,No Information,No
1854,1854,Untouched,,Unknown,0.0,No Information,,No Information,No
1855,1855,Untouched,,Unknown,0.0,No Information,,No Information,No
1856,1856,Untouched,,Unknown,0.0,No Information,,No Information,No
1857,1857,Untouched,,Unknown,0.0,No Information,,No Information,No
1858,1858,Untouched,,Unknown,0.0,No Information,,No Information,No
1859,1859,Untouched,,Unknown,0.0,No Information,,No Information,No
1860,1860,Untouched,,Unknown,0.0,No Information,,No Information,No
1861,1861,Untouched,,Unknown,0.0,No Information,,No Information,No
1862,1862,Untouched,,Unknown,0.0,No Information,,No Information,No
1863,1863,Untouched,,Unknown,0.0,No Information,,No Information,No
1864,1864,Untouched,,Unknown,0.0,No Information,,No Information,No
1865,1865,Untouched,,Unknown,0.0,No Information,,No Information,No
1866,1866,Untouched,,Unknown,0.0,No Information,,No Information,No
1867,1867,Untouched,,Unknown,0.0,No Information,,No Information,No
1868,1868,Untouched,,Unknown,0.0,No Information,,No Information,No
1869,1869,Untouched,,Unknown,0.0,No Information,,No Information,No
1870,1870,Untouched,,Unknown,0.0,No Information,,No Information,No
1871,1871,Untouched,,Unknown,0.0,No Information,,No Information,No
1872,1872,Untouched,,Unknown,0.0,No Information,,No Information,No
1873,1873,Untouched,,Unknown,0.0,No Information,,No Information,No
1874,1874,Untouched,,Unknown,0.0,No Information,,No Information,No
1875,1875,Untouched,,Unknown,0.0,No Information,,No Information,No
1876,1876,Untouched,,Unknown,0.0,No Information,,No Information,No
1877,1877,Untouched,,Unknown,0.0,No Information,,No Information,No
1878,1878,Untouched,,Unknown,0.0,No Information,,No Information,No
1879,1879,Untouched,,Unknown,0.0,No Information,,No Information,No
1880,1880,Untouched,,Unknown,0.0,No Information,,No Information,No
1881,1881,Untouched,,Unknown,0.0,No Information,,No Information,No
1882,1882,Untouched,,Unknown,0.0,No Information,,No Information,No
1883,1883,Untouched,,Unknown,0.0,No Information,,No Information,No
1884,1884,Untouched,,Unknown,0.0,No Information,,No Information,No
1885,1885,Untouched,,Unknown,0.0,No Information,,No Information,No
1886,1886,Untouched,,Unknown,0.0,No Information,,No Information,No
1887,1887,Untouched,,Unknown,0.0,No Information,,No Information,No
1888,1888,Untouched,,Unknown,0.0,No Information,,No Information,No
1889,1889,Untouched,,Unknown,0.0,No Information,,No Information,No
1890,1890,Untouched,,Unknown,0.0,No Information,,No Information,No
1891,1891,Untouched,,Unknown,0.0,No Information,,No Information,No
1892,1892,Untouched,,Unknown,0.0,No Information,,No Information,No
1893,1893,Untouched,,Unknown,0.0,No Information,,No Information,No
1894,1894,Untouched,,Unknown,0.0,No Information,,No Information,No
1895,1895,Untouched,,Unknown,0.0,No Information,,No Information,No
1896,1896,Untouched,,Unknown,0.0,No Information,,No Information,No
1897,1897,Untouched,,Unknown,0.0,No Information,,No Information,No
1898,1898,Untouched,,Unknown,0.0,No Information,,No Information,No
1899,1899,Untouched,,Unknown,0.0,No Information,,No Information,No
1900,1900,Untouched,,Unknown,0.0,No Information,,No Information,No
1901,1901,Untouched,,Unknown,0.0,No Information,,No Information,No
1902,1902,Untouched,,Unknown,0.0,No Information,,No Information,No
1903,1903,Untouched,,Unknown,0.0,No Information,,No Information,No
1904,1904,Untouched,,Unknown,0.0,No Information,,No Information,No
1905,1905,Untouched,,Unknown,0.0,No Information,,No Information,No
1906,1906,Untouched,,Unknown,0.0,No Information,,No Information,No
1907,1907,Untouched,,Unknown,0.0,No Information,,No Information,No
1908,1908,Untouched,,Unknown,0.0,No Information,,No Information,No
1909,1909,Untouched,,Unknown,0.0,No Information,,No Information,No
1910,1910,Untouched,,Unknown,0.0,No Information,,No Information,No
1911,1911,Untouched,,Unknown,0.0,No Information,,No Information,No
1912,1912,Untouched,,Unknown,0.0,No Information,,No Information,No
1913,1913,Untouched,,Unknown,0.0,No Information,,No Information,No
1914,1914,Untouched,,Unknown,0.0,No Information,,No Information,No
1915,1915,Untouched,,Unknown,0.0,No Information,,No Information,No
1916,1916,Untouched,,Unknown,0.0,No Information,,No Information,No
1917,1917,Untouched,,Unknown,0.0,No Information,,No Information,No
1918,1918,Untouched,,Unknown,0.0,No Information,,No Information,No
1919,1919,Untouched,,Unknown,0.0,No Information,,No Information,No
1920,1920,Untouched,,Unknown,0.0,No Information,,No Information,No
1921,1921,Untouched,,Unknown,0.0,No Information,,No Information,No
1922,1922,Untouched,,Unknown,0.0,No Information,,No Information,No
1923,1923,Untouched,,Unknown,0.0,No Information,,No Information,No
1924,1924,Untouched,,Unknown,0.0,No Information,,No Information,No
1925,1925,Untouched,,Unknown,0.0,No Information,,No Information,No
1926,1926,Untouched,,Unknown,0.0,No Information,,No Information,No
1927,1927,Untouched,,Unknown,0.0,No Information,,No Information,No
1928,1928,Untouched,,Unknown,0.0,No Information,,No Information,No
1929,1929,Untouched,,Unknown,0.0,No Information,,No Information,No
1930,1930,Untouched,,Unknown,0.0,No Information,,No Information,No
1931,1931,Untouched,,Unknown,0.0,No Information,,No Information,No
1932,1932,Untouched,,Unknown,0.0,No Information,,No Information,No
1933,1933,Untouched,,Unknown,0.0,No Information,,No Information,No
1934,1934,Untouched,,Unknown,0.0,No Information,,No Information,No
1935,1935,Untouched,,Unknown,0.0,No Information,,No Information,No
1936,1936,Untouched,,Unknown,0.0,No Information,,No Information,No
1937,1937,Untouched,,Unknown,0.0,No Information,,No Information,No
1938,1938,Untouched,,Unknown,0.0,No Information,,No Information,No
1939,1939,Untouched,,Unknown,0.0,No Information,,No Information,No
1940,1940,Untouched,,Unknown,0.0,No Information,,No Information,No
1941,1941,Untouched,,Unknown,0.0,No Information,,No Information,No
1942,1942,Untouched,,Unknown,0.0,No Information,,No Information,No
1943,1943,Untouched,,Unknown,0.0,No Information,,No Information,No
1944,1944,Untouched,,Unknown,0.0,No Information,,No Information,No
1945,1945,Untouched,,Unknown,0.0,No Information,,No Information,No
1946,1946,Untouched,,Unknown,0.0,No Information,,No Information,No
1947,1947,Untouched,,Unknown,0.0,No Information,,No Information,No
1948,1948,Untouched,,Unknown,0.0,No Information,,No Information,No
1949,1949,Untouched,,Unknown,0.0,No Information,,No Information,No
1950,1950,Untouched,,Unknown,0.0,No Information,,No Information,No
1951,1951,Untouched,,Unknown,0.0,No Information,,No Information,No
1952,1952,Untouched,,Unknown,0.0,No Information,,No Information,No
1953,1953,Untouched,,Unknown,0.0,No Information,,No Information,No
1954,1954,Untouched,,Unknown,0.0,No Information,,No Information,No
1955,1955,Untouched,,Unknown,0.0,No Information,,No Information,No
1956,1956,Untouched,,Unknown,0.0,No Information,,No Information,No
1957,1957,Untouched,,Unknown,0.0,No Information,,No Information,No
1958,1958,Untouched,,Unknown,0.0,No Information,,No Information,No
1959,1959,Untouched,,Unknown,0.0,No Information,,No Information,No
1960,1960,Untouched,,Unknown,0.0,No Information,,No Information,No
1961,1961,Untouched,,Unknown,0.0,No Information,,No Information,No
1962,1962,Untouched,,Unknown,0.0,No Information,,No Information,No
1963,1963,Untouched,,Unknown,0.0,No Information,,No Information,No
1964,1964,Untouched,,Unknown,0.0,No Information,,No Information,No
1965,1965,Untouched,,Unknown,0.0,No Information,,No Information,No
1966,1966,Untouched,,Unknown,0.0,No Information,,No Information,No
1967,1967,Untouched,,Unknown,0.0,No Information,,No Information,No
1968,1968,Untouched,,Unknown,0.0,No Information,,No Information,No
1969,1969,Untouched,,Unknown,0.0,No Information,,No Information,No
1970,1970,Untouched,,Unknown,0.0,No Information,,No Information,No
1971,1971,Untouched,,Unknown,0.0,No Information,,No Information,No
1972,1972,Untouched,,Unknown,0.0,No Information,,No Information,No
1973,1973,Untouched,,Unknown,0.0,No Information,,No Information,No
1974,1974,Untouched,,Unknown,0.0,No Information,,No Information,No
1975,1975,Untouched,,Unknown,0.0,No Information,,No Information,No
1976,1976,Untouched,,Unknown,0.0,No Information,,No Information,No
1977,1977,Untouched,,Unknown,0.0,No Information,,No Information,No
1978,1978,Untouched,,Unknown,0.0,No Information,,No Information,No
1979,1979,Untouched,,Unknown,0.0,No Information,,No Information,No
1980,1980,Untouched,,Unknown,0.0,No Information,,No Information,No
1981,1981,Untouched,,Unknown,0.0,No Information,,No Information,No
1982,1982,Untouched,,Unknown,0.0,No Information,,No Information,No
1983,1983,Untouched,,Unknown,0.0,No Information,,No Information,No
1984,1984,Untouched,,Unknown,0.0,No Information,,No Information,No
1985,1985,Untouched,,Unknown,0.0,No Information,,No Information,No
1986,1986,Untouched,,Unknown,0.0,No Information,,No Information,No
1987,1987,Untouched,,Unknown,0.0,No Information,,No Information,No
1988,1988,Untouched,,Unknown,0.0,No Information,,No Information,No
1989,1989,Untouched,,Unknown,0.0,No Information,,No Information,No
1990,1990,Untouched,,Unknown,0.0,No Information,,No Information,No
1991,1991,Untouched,,Unknown,0.0,No Information,,No Information,No
1992,1992,Untouched,,Unknown,0.0,No Information,,No Information,No
1993,1993,Untouched,,Unknown,0.0,No Information,,No Information,No
1994,1994,Untouched,,Unknown,0.0,No Information,,No Information,No
1995,1995,Untouched,,Unknown,0.0,No Information,,No Information,No
1996,1996,Untouched,,Unknown,0.0,No Information,,No Information,No
1997,1997,Untouched,,Unknown,0.0,No Information,,No Information,No
1998,1998,Untouched,,Unknown,0.0,No Information,,No Information,No
1999,1999,Untouched,,Unknown,0.0,No Information,,No Information,No
2000,2000,Untouched,,Unknown,0.0,No Information,,No Information,No
2001,2001,Untouched,,Unknown,0.0,No Information,,No Information,No
2002,2002,Untouched,,Unknown,0.0,No Information,,No Information,No
2003,2003,Untouched,,Unknown,0.0,No Information,,No Information,No
2004,2004,Untouched,,Unknown,0.0,No Information,,No Information,No
2005,2005,Untouched,,Unknown,0.0,No Information,,No Information,No
2006,2006,Untouched,,Unknown,0.0,No Information,,No Information,No
2007,2007,Untouched,,Unknown,0.0,No Information,,No Information,No
2008,2008,Untouched,,Unknown,0.0,No Information,,No Information,No
2009,2009,Untouched,,Unknown,0.0,No Information,,No Information,No
2010,2010,Untouched,,Unknown,0.0,No Information,,No Information,No
2011,2011,Untouched,,Unknown,0.0,No Information,,No Information,No
2012,2012,Untouched,,Unknown,0.0,No Information,,No Information,No
2013,2013,Untouched,,Unknown,0.0,No Information,,No Information,No
2014,2014,Untouched,,Unknown,0.0,No Information,,No Information,No
2015,2015,Untouched,,Unknown,0.0,No Information,,No Information,No
2016,2016,Untouched,,Unknown,0.0,No Information,,No Information,No
2017,2017,Untouched,,Unknown,0.0,No Information,,No Information,No
2018,2018,Untouched,,Unknown,0.0,No Information,,No Information,No
2019,2019,Untouched,,Unknown,0.0,No Information,,No Information,No
2020,2020,Untouched,,Unknown,0.0,No Information,,No Information,No
2021,2021,Untouched,,Unknown,0.0,No Information,,No Information,No
2022,2022,Untouched,,Unknown,0.0,No Information,,No Information,No
2023,2023,Untouched,,Unknown,0.0,No Information,,No Information,No
2024,2024,Untouched,,Unknown,0.0,No Information,,No Information,No
2025,2025,Untouched,,Unknown,0.0,No Information,,No Information,No
2026,2026,Untouched,,Unknown,0.0,No Information,,No Information,No
2027,2027,Untouched,,Unknown,0.0,No Information,,No Information,No
2028,2028,Untouched,,Unknown,0.0,No Information,,No Information,No
2029,2029,Untouched,,Unknown,0.0,No Information,,No Information,No
2030,2030,Untouched,,Unknown,0.0,No Information,,No Information,No
2031,2031,Untouched,,Unknown,0.0,No Information,,No Information,No
2032,2032,Untouched,,Unknown,0.0,No Information,,No Information,No
2033,2033,Untouched,,Unknown,0.0,No Information,,No Information,No
2034,2034,Untouched,,Unknown,0.0,No Information,,No Information,No
2035,2035,Untouched,,Unknown,0.0,No Information,,No Information,No
2036,2036,Untouched,,Unknown,0.0,No Information,,No Information,No
2037,2037,Untouched,,Unknown,0.0,No Information,,No Information,No
2038,2038,Untouched,,Unknown,0.0,No Information,,No Information,No
2039,2039,Untouched,,Unknown,0.0,No Information,,No Information,No
2040,2040,Untouched,,Unknown,0.0,No Information,,No Information,No
2041,2041,Untouched,,Unknown,0.0,No Information,,No Information,No
2042,2042,Untouched,,Unknown,0.0,No Information,,No Information,No
2043,2043,Untouched,,Unknown,0.0,No Information,,No Information,No
2044,2044,Untouched,,Unknown,0.0,No Information,,No Information,No
2045,2045,Untouched,,Unknown,0.0,No Information,,No Information,No
2046,2046,Untouched,,Unknown,0.0,No Information,,No Information,No
2047,2047,Untouched,,Unknown,0.0,No Information,,No Information,No
2048,2048,Untouched,,Unknown,0.0,No Information,,No Information,No
2049,2049,Untouched,,Unknown,0.0,No Information,,No Information,No
2050,2050,Untouched,,Unknown,0.0,No Information,,No Information,No
2051,2051,Untouched,,Unknown,0.0,No Information,,No Information,No
2052,2052,Untouched,,Unknown,0.0,No Information,,No Information,No
2053,2053,Untouched,,Unknown,0.0,No Information,,No Information,No
2054,2054,Untouched,,Unknown,0.0,No Information,,No Information,No
2055,2055,Untouched,,Unknown,0.0,No Information,,No Information,No
2056,2056,Untouched,,Unknown,0.0,No Information,,No Information,No
2057,2057,Untouched,,Unknown,0.0,No Information,,No Information,No
2058,2058,Untouched,,Unknown,0.0,No Information,,No Information,No
2059,2059,Untouched,,Unknown,0.0,No Information,,No Information,No
2060,2060,Untouched,,Unknown,0.0,No Information,,No Information,No
2061,2061,Untouched,,Unknown,0.0,No Information,,No Information,No
2062,2062,Untouched,,Unknown,0.0,No Information,,No Information,No
2063,2063,Untouched,,Unknown,0.0,No Information,,No Information,No
2064,2064,Untouched,,Unknown,0.0,No Information,,No Information,No
2065,2065,Untouched,,Unknown,0.0,No Information,,No Information,No
2066,2066,Untouched,,Unknown,0.0,No Information,,No Information,No
2067,2067,Untouched,,Unknown,0.0,No Information,,No Information,No
2068,2068,Untouched,,Unknown,0.0,No Information,,No Information,No
2069,2069,Untouched,,Unknown,0.0,No Information,,No Information,No
2070,2070,Untouched,,Unknown,0.0,No Information,,No Information,No
2071,2071,Untouched,,Unknown,0.0,No Information,,No Information,No
2072,2072,Untouched,,Unknown,0.0,No Information,,No Information,No
2073,2073,Untouched,,Unknown,0.0,No Information,,No Information,No
2074,2074,Untouched,,Unknown,0.0,No Information,,No Information,No
2075,2075,Untouched,,Unknown,0.0,No Information,,No Information,No
2076,2076,Untouched,,Unknown,0.0,No Information,,No Information,No
2077,2077,Untouched,,Unknown,0.0,No Information,,No Information,No
2078,2078,Untouched,,Unknown,0.0,No Information,,No Information,No
2079,2079,Untouched,,Unknown,0.0,No Information,,No Information,No
2080,2080,Untouched,,Unknown,0.0,No Information,,No Information,No
2081,2081,Untouched,,Unknown,0.0,No Information,,No Information,No
2082,2082,Untouched,,Unknown,0.0,No Information,,No Information,No
2083,2083,Untouched,,Unknown,0.0,No Information,,No Information,No
2084,2084,Untouched,,Unknown,0.0,No Information,,No Information,No
2085,2085,Untouched,,Unknown,0.0,No Information,,No Information,No
2086,2086,Untouched,,Unknown,0.0,No Information,,No Information,No
2087,2087,Untouched,,Unknown,0.0,No Information,,No Information,No
2088,2088,Untouched,,Unknown,0.0,No Information,,No Information,No
2089,2089,Untouched,,Unknown,0.0,No Information,,No Information,No
2090,2090,Untouched,,Unknown,0.0,No Information,,No Information,No
2091,2091,Untouched,,Unknown,0.0,No Information,,No Information,No
2092,2092,Untouched,,Unknown,0.0,No Information,,No Information,No
2093,2093,Untouched,,Unknown,0.0,No Information,,No Information,No
2094,2094,Untouched,,Unknown,0.0,No Information,,No Information,No
2095,2095,Untouched,,Unknown,0.0,No Information,,No Information,No
2096,2096,Untouched,,Unknown,0.0,No Information,,No Information,No
2097,2097,Untouched,,Unknown,0.0,No Information,,No Information,No
2098,2098,Untouched,,Unknown,0.0,No Information,,No Information,No
2099,2099,Untouched,,Unknown,0.0,No Information,,No Information,No
2100,2100,Untouched,,Unknown,0.0,No Information,,No Information,No
2101,2101,Untouched,,Unknown,0.0,No Information,,No Information,No
2102,2102,Untouched,,Unknown,0.0,No Information,,No Information,No
2103,2103,Untouched,,Unknown,0.0,No Information,,No Information,No
2104,2104,Untouched,,Unknown,0.0,No Information,,No Information,No
2105,2105,Untouched,,Unknown,0.0,No Information,,No Information,No
2106,2106,Untouched,,Unknown,0.0,No Information,,No Information,No
2107,2107,Untouched,,Unknown,0.0,No Information,,No Information,No
2108,2108,Untouched,,Unknown,0.0,No Information,,No Information,No
2109,2109,Untouched,,Unknown,0.0,No Information,,No Information,No
2110,2110,Untouched,,Unknown,0.0,No Information,,No Information,No
2111,2111,Untouched,,Unknown,0.0,No Information,,No Information,No
2112,2112,Untouched,,Unknown,0.0,No Information,,No Information,No
2113,2113,Untouched,,Unknown,0.0,No Information,,No Information,No
2114,2114,Untouched,,Unknown,0.0,No Information,,No Information,No
2115,2115,Untouched,,Unknown,0.0,No Information,,No Information,No
2116,2116,Untouched,,Unknown,0.0,No Information,,No Information,No
2117,2117,Untouched,,Unknown,0.0,No Information,,No Information,No
2118,2118,Untouched,,Unknown,0.0,No Information,,No Information,No
2119,2119,Untouched,,Unknown,0.0,No Information,,No Information,No
2120,2120,Untouched,,Unknown,0.0,No Information,,No Information,No
2121,2121,Untouched,,Unknown,0.0,No Information,,No Information,No
2122,2122,Untouched,,Unknown,0.0,No Information,,No Information,No
2123,2123,Untouched,,Unknown,0.0,No Information,,No Information,No
2124,2124,Untouched,,Unknown,0.0,No Information,,No Information,No
2125,2125,Untouched,,Unknown,0.0,No Information,,No Information,No
2126,2126,Untouched,,Unknown,0.0,No Information,,No Information,No
2127,2127,Untouched,,Unknown,0.0,No Information,,No Information,No
2128,2128,Untouched,,Unknown,0.0,No Information,,No Information,No
2129,2129,Untouched,,Unknown,0.0,No Information,,No Information,No
2130,2130,Untouched,,Unknown,0.0,No Information,,No Information,No
2131,2131,Untouched,,Unknown,0.0,No Information,,No Information,No
2132,2132,Untouched,,Unknown,0.0,No Information,,No Information,No
2133,2133,Untouched,,Unknown,0.0,No Information,,No Information,No
2134,2134,Untouched,,Unknown,0.0,No Information,,No Information,No
2135,2135,Untouched,,Unknown,0.0,No Information,,No Information,No
2136,2136,Untouched,,Unknown,0.0,No Information,,No Information,No
2137,2137,Untouched,,Unknown,0.0,No Information,,No Information,No
2138,2138,Untouched,,Unknown,0.0,No Information,,No Information,No
2139,2139,Untouched,,Unknown,0.0,No Information,,No Information,No
2140,2140,Untouched,,Unknown,0.0,No Information,,No Information,No
2141,2141,Untouched,,Unknown,0.0,No Information,,No Information,No
2142,2142,Untouched,,Unknown,0.0,No Information,,No Information,No
2143,2143,Untouched,,Unknown,0.0,No Information,,No Information,No
2144,2144,Untouched,,Unknown,0.0,No Information,,No Information,No
2145,2145,Untouched,,Unknown,0.0,No Information,,No Information,No
2146,2146,Untouched,,Unknown,0.0,No Information,,No Information,No
2147,2147,Untouched,,Unknown,0.0,No Information,,No Information,No
2148,2148,Untouched,,Unknown,0.0,No Information,,No Information,No
2149,2149,Untouched,,Unknown,0.0,No Information,,No Information,No
2150,2150,Untouched,,Unknown,0.0,No Information,,No Information,No
2151,2151,Untouched,,Unknown,0.0,No Information,,No Information,No
2152,2152,Untouched,,Unknown,0.0,No Information,,No Information,No
2153,2153,Untouched,,Unknown,0.0,No Information,,No Information,No
2154,2154,Untouched,,Unknown,0.0,No Information,,No Information,No
2155,2155,Untouched,,Unknown,0.0,No Information,,No Information,No
2156,2156,Untouched,,Unknown,0.0,No Information,,No Information,No
2157,2157,Untouched,,Unknown,0.0,No Information,,No Information,No
2158,2158,Untouched,,Unknown,0.0,No Information,,No Information,No
2159,2159,Untouched,,Unknown,0.0,No Information,,No Information,No
2160,2160,Untouched,,Unknown,0.0,No Information,,No Information,No
2161,2161,Untouched,,Unknown,0.0,No Information,,No Information,No
2162,2162,Untouched,,Unknown,0.0,No Information,,No Information,No
2163,2163,Untouched,,Unknown,0.0,No Information,,No Information,No
2164,2164,Untouched,,Unknown,0.0,No Information,,No Information,No
2165,2165,Untouched,,Unknown,0.0,No Information,,No Information,No
2166,2166,Untouched,,Unknown,0.0,No Information,,No Information,No
2167,2167,Untouched,,Unknown,0.0,No Information,,No Information,No
2168,2168,Untouched,,Unknown,0.0,No Information,,No Information,No
2169,2169,Untouched,,Unknown,0.0,No Information,,No Information,No
2170,2170,Untouched,,Unknown,0.0,No Information,,No Information,No
2171,2171,Untouched,,Unknown,0.0,No Information,,No Information,No
2172,2172,Untouched,,Unknown,0.0,No Information,,No Information,No
2173,2173,Untouched,,Unknown,0.0,No Information,,No Information,No
2174,2174,Untouched,,Unknown,0.0,No Information,,No Information,No
2175,2175,Untouched,,Unknown,0.0,No Information,,No Information,No
2176,2176,Untouched,,Unknown,0.0,No Information,,No Information,No
2177,2177,Untouched,,Unknown,0.0,No Information,,No Information,No
2178,2178,Untouched,,Unknown,0.0,No Information,,No Information,No
2179,2179,Untouched,,Unknown,0.0,No Information,,No Information,No
2180,2180,Untouched,,Unknown,0.0,No Information,,No Information,No
2181,2181,Untouched,,Unknown,0.0,No Information,,No Information,No
2182,2182,Untouched,,Unknown,0.0,No Information,,No Information,No
2183,2183,Untouched,,Unknown,0.0,No Information,,No Information,No
2184,2184,Untouched,,Unknown,0.0,No Information,,No Information,No
2185,2185,Untouched,,Unknown,0.0,No Information,,No Information,No
2186,2186,Untouched,,Unknown,0.0,No Information,,No Information,No
2187,2187,Untouched,,Unknown,0.0,No Information,,No Information,No
2188,2188,Untouched,,Unknown,0.0,No Information,,No Information,No
2189,2189,Untouched,,Unknown,0.0,No Information,,No Information,No
2190,2190,Untouched,,Unknown,0.0,No Information,,No Information,No
2191,2191,Untouched,,Unknown,0.0,No Information,,No Information,No
2192,2192,Untouched,,Unknown,0.0,No Information,,No Information,No
2193,2193,Untouched,,Unknown,0.0,No Information,,No Information,No
2194,2194,Untouched,,Unknown,0.0,No Information,,No Information,No
2195,2195,Untouched,,Unknown,0.0,No Information,,No Information,No
2196,2196,Untouched,,Unknown,0.0,No Information,,No Information,No
2197,2197,Untouched,,Unknown,0.0,No Information,,No Information,No
2198,2198,Untouched,,Unknown,0.0,No Information,,No Information,No
2199,2199,Untouched,,Unknown,0.0,No Information,,No Information,No
2200,2200,Untouched,,Unknown,0.0,No Information,,No Information,No
2201,2201,Untouched,,Unknown,0.0,No Information,,No Information,No
2202,2202,Untouched,,Unknown,0.0,No Information,,No Information,No
2203,2203,Untouched,,Unknown,0.0,No Information,,No Information,No
2204,2204,Untouched,,Unknown,0.0,No Information,,No Information,No
2205,2205,Untouched,,Unknown,0.0,No Information,,No Information,No
2206,2206,Untouched,,Unknown,0.0,No Information,,No Information,No
2207,2207,Untouched,,Unknown,0.0,No Information,,No Information,No
2208,2208,Untouched,,Unknown,0.0,No Information,,No Information,No
2209,2209,Untouched,,Unknown,0.0,No Information,,No Information,No
2210,2210,Call >72Hr,,Bridgeon Admin,172.0,No Information,,No Information,No
2211,2211,Untouched,,Unknown,0.0,No Information,,No Information,No
2212,2212,Untouched,,Unknown,0.0,No Information,,No Information,No
2213,2213,Untouched,,Unknown,0.0,No Information,,No Information,No
2214,2214,Untouched,,Unknown,0.0,No Information,,No Information,No
2215,2215,Untouched,,Unknown,0.0,No Information,,No Information,No
2216,2216,Untouched,,Unknown,0.0,No Information,,No Information,No
2217,2217,Untouched,,Unknown,0.0,No Information,,No Information,No
2218,2218,Untouched,,Unknown,0.0,No Information,,No Information,No
2219,2219,Untouched,,Unknown,0.0,No Information,,No Information,No
2220,2220,Untouched,,Unknown,0.0,No Information,,No Information,No
2221,2221,Untouched,,Unknown,0.0,No Information,,No Information,No
2222,2222,Untouched,,Unknown,0.0,No Information,,No Information,No
2223,2223,Untouched,,Unknown,0.0,No Information,,No Information,No
2224,2224,Untouched,,Unknown,0.0,No Information,,No Information,No
2225,2225,Untouched,,Unknown,0.0,No Information,,No Information,No
2226,2226,Untouched,,Unknown,0.0,No Information,,No Information,No
2227,2227,Untouched,,Unknown,0.0,No Information,,No Information,No
2228,2228,Untouched,,Unknown,0.0,No Information,,No Information,No
2229,2229,Untouched,,Unknown,0.0,No Information,,No Information,No
2230,2230,Untouched,,Unknown,0.0,No Information,,No Information,No
2231,2231,Untouched,,Unknown,0.0,No Information,,No Information,No
2232,2232,Untouched,,Unknown,0.0,No Information,,No Information,No
2233,2233,Untouched,,Unknown,0.0,No Information,,No Information,No
2234,2234,Untouched,,Unknown,0.0,No Information,,No Information,No
2235,2235,Untouched,,Unknown,0.0,No Information,,No Information,No
2236,2236,Untouched,,Unknown,0.0,No Information,,No Information,No
2237,2237,Untouched,,Unknown,0.0,No Information,,No Information,No
2238,2238,Untouched,,Unknown,0.0,No Information,,No Information,No
2239,2239,Untouched,,Unknown,0.0,No Information,,No Information,No
2240,2240,Untouched,,Unknown,0.0,No Information,,No Information,No
2241,2241,Untouched,,Unknown,0.0,No Information,,No Information,No
2242,2242,Untouched,,Unknown,0.0,No Information,,No Information,No
2243,2243,Untouched,,Unknown,0.0,No Information,,No Information,No
2244,2244,Untouched,,Unknown,0.0,No Information,,No Information,No
2245,2245,Untouched,,Unknown,0.0,No Information,,No Information,No
2246,2246,Untouched,,Unknown,0.0,No Information,,No Information,No
2247,2247,Untouched,,Unknown,0.0,No Information,,No Information,No
2248,2248,Untouched,,Unknown,0.0,No Information,,No Information,No
2249,2249,Untouched,,Unknown,0.0,No Information,,No Information,No
2250,2250,Untouched,,Unknown,0.0,No Information,,No Information,No
2251,2251,Untouched,,Unknown,0.0,No Information,,No Information,No
2252,2252,Untouched,,Unknown,0.0,No Information,,No Information,No
2253,2253,Untouched,,Unknown,0.0,No Information,,No Information,No
2254,2254,Untouched,,Unknown,0.0,No Information,,No Information,No
2255,2255,Untouched,,Unknown,0.0,No Information,,No Information,No
2256,2256,Untouched,,Unknown,0.0,No Information,,No Information,No
2257,2257,Untouched,,Unknown,0.0,No Information,,No Information,No
2258,2258,Untouched,,Unknown,0.0,No Information,,No Information,No
2259,2259,Untouched,,Unknown,0.0,No Information,,No Information,No
2260,2260,Untouched,,Unknown,0.0,No Information,,No Information,No
2261,2261,Untouched,,Unknown,0.0,No Information,,No Information,No
2262,2262,Untouched,,Unknown,0.0,No Information,,No Information,No
2263,2263,Untouched,,Unknown,0.0,No Information,,No Information,No
2264,2264,Untouched,,Unknown,0.0,No Information,,No Information,No
2265,2265,Untouched,,Unknown,0.0,No Information,,No Information,No
2266,2266,Untouched,,Unknown,0.0,No Information,,No Information,No
2267,2267,Untouched,,Unknown,0.0,No Information,,No Information,No
2268,2268,Untouched,,Unknown,0.0,No Information,,No Information,No
2269,2269,Untouched,,Unknown,0.0,No Information,,No Information,No
2270,2270,Untouched,,Unknown,0.0,No Information,,No Information,No
2271,2271,Untouched,,Unknown,0.0,No Information,,No Information,No
2272,2272,Untouched,,Unknown,0.0,No Information,,No Information,No
2273,2273,Untouched,,Unknown,0.0,No Information,,No Information,No
2274,2274,Untouched,,Unknown,0.0,No Information,,No Information,No
2275,2275,Untouched,,Unknown,0.0,No Information,,No Information,No
2276,2276,Untouched,,Unknown,0.0,No Information,,No Information,No
2277,2277,Untouched,,Unknown,0.0,No Information,,No Information,No
2278,2278,Untouched,,Unknown,0.0,No Information,,No Information,No
2279,2279,Untouched,,Unknown,0.0,No Information,,No Information,No
2280,2280,Untouched,,Unknown,0.0,No Information,,No Information,No
2281,2281,Untouched,,Unknown,0.0,No Information,,No Information,No
2282,2282,Untouched,,Unknown,0.0,No Information,,No Information,No
2283,2283,Untouched,,Unknown,0.0,No Information,,No Information,No
2284,2284,Untouched,,Unknown,0.0,No Information,,No Information,No
2285,2285,Untouched,,Unknown,0.0,No Information,,No Information,No
2286,2286,Untouched,,Unknown,0.0,No Information,,No Information,No
2287,2287,Untouched,,Unknown,0.0,No Information,,No Information,No
2288,2288,Untouched,,Unknown,0.0,No Information,,No Information,No
2289,2289,Untouched,,Unknown,0.0,No Information,,No Information,No
2290,2290,Untouched,,Unknown,0.0,No Information,,No Information,No
2291,2291,Untouched,,Unknown,0.0,No Information,,No Information,No
2292,2292,Untouched,,Unknown,0.0,No Information,,No Information,No
2293,2293,Untouched,,Unknown,0.0,No Information,,No Information,No
2294,2294,Untouched,,Unknown,0.0,No Information,,No Information,No
2295,2295,Untouched,,Unknown,0.0,No Information,,No Information,No
2296,2296,Untouched,,Unknown,0.0,No Information,,No Information,No
2297,2297,Untouched,,Unknown,0.0,No Information,,No Information,No
2298,2298,Untouched,,Unknown,0.0,No Information,,No Information,No
2299,2299,Untouched,,Unknown,0.0,No Information,,No Information,No
2300,2300,Untouched,,Unknown,0.0,No Information,,No Information,No
2301,2301,Untouched,,Unknown,0.0,No Information,,No Information,No
2302,2302,Untouched,,Unknown,0.0,No Information,,No Information,No
2303,2303,Untouched,,Unknown,0.0,No Information,,No Information,No
2304,2304,Untouched,,Unknown,0.0,No Information,,No Information,No
2305,2305,Untouched,,Unknown,0.0,No Information,,No Information,No
2306,2306,Untouched,,Unknown,0.0,No Information,,No Information,No
2307,2307,Untouched,,Unknown,0.0,No Information,,No Information,No
2308,2308,Untouched,,Unknown,0.0,No Information,,No Information,No
2309,2309,Untouched,,Unknown,0.0,No Information,,No Information,No
2310,2310,Untouched,,Unknown,0.0,No Information,,No Information,No
2311,2311,Untouched,,Unknown,0.0,No Information,,No Information,No
2312,2312,Untouched,,Unknown,0.0,No Information,,No Information,No
2313,2313,Untouched,,Unknown,0.0,No Information,,No Information,No
2314,2314,Untouched,,Unknown,0.0,No Information,,No Information,No
2315,2315,Untouched,,Unknown,0.0,No Information,,No Information,No
2316,2316,Untouched,,Unknown,0.0,No Information,,No Information,No
2317,2317,Untouched,,Unknown,0.0,No Information,,No Information,No
2318,2318,Untouched,,Unknown,0.0,No Information,,No Information,No
2319,2319,Untouched,,Unknown,0.0,No Information,,No Information,No
2320,2320,Untouched,,Unknown,0.0,No Information,,No Information,No
2321,2321,Untouched,,Unknown,0.0,No Information,,No Information,No
2322,2322,Untouched,,Unknown,0.0,No Information,,No Information,No
2323,2323,Untouched,,Unknown,0.0,No Information,,No Information,No
2324,2324,Untouched,,Unknown,0.0,No Information,,No Information,No
2325,2325,Untouched,,Unknown,0.0,No Information,,No Information,No
2326,2326,Untouched,,Unknown,0.0,No Information,,No Information,No
2327,2327,Untouched,,Unknown,0.0,No Information,,No Information,No
2328,2328,Untouched,,Unknown,0.0,No Information,,No Information,No
2329,2329,Untouched,,Unknown,0.0,No Information,,No Information,No
2330,2330,Untouched,,Unknown,0.0,No Information,,No Information,No
2331,2331,Untouched,,Unknown,0.0,No Information,,No Information,No
2332,2332,Untouched,,Unknown,0.0,No Information,,No Information,No
2333,2333,Untouched,,Unknown,0.0,No Information,,No Information,No
2334,2334,Untouched,,Unknown,0.0,No Information,,No Information,No
2335,2335,Untouched,,Unknown,0.0,No Information,,No Information,No
2336,2336,Untouched,,Unknown,0.0,No Information,,No Information,No
2337,2337,Untouched,,Unknown,0.0,No Information,,No Information,No
2338,2338,Untouched,,Unknown,0.0,No Information,,No Information,No
2339,2339,Untouched,,Unknown,0.0,No Information,,No Information,No
2340,2340,Untouched,,Unknown,0.0,No Information,,No Information,No
2341,2341,Untouched,,Unknown,0.0,No Information,,No Information,No
2342,2342,Untouched,,Unknown,0.0,No Information,,No Information,No
2343,2343,Untouched,,Unknown,0.0,No Information,,No Information,No
2344,2344,Untouched,,Unknown,0.0,No Information,,No Information,No
2345,2345,Untouched,,Unknown,0.0,No Information,,No Information,No
2346,2346,Untouched,,Unknown,0.0,No Information,,No Information,No
2347,2347,Untouched,,Unknown,0.0,No Information,,No Information,No
2348,2348,Untouched,,Unknown,0.0,No Information,,No Information,No
2349,2349,Untouched,,Unknown,0.0,No Information,,No Information,No
2350,2350,Untouched,,Unknown,0.0,No Information,,No Information,No
2351,2351,Untouched,,Unknown,0.0,No Information,,No Information,No
2352,2352,Untouched,,Unknown,0.0,No Information,,No Information,No
2353,2353,Untouched,,Unknown,0.0,No Information,,No Information,No
2354,2354,Untouched,,Unknown,0.0,No Information,,No Information,No
2355,2355,Untouched,,Unknown,0.0,No Information,,No Information,No
2356,2356,Untouched,,Unknown,0.0,No Information,,No Information,No
2357,2357,Untouched,,Unknown,0.0,No Information,,No Information,No
2358,2358,Untouched,,Unknown,0.0,No Information,,No Information,No
2359,2359,Untouched,,Unknown,0.0,No Information,,No Information,No
2360,2360,Untouched,,Unknown,0.0,No Information,,No Information,No
2361,2361,Untouched,,Unknown,0.0,No Information,,No Information,No
2362,2362,Untouched,,Unknown,0.0,No Information,,No Information,No
2363,2363,Untouched,,Unknown,0.0,No Information,,No Information,No
2364,2364,Untouched,,Unknown,0.0,No Information,,No Information,No
2365,2365,Untouched,,Unknown,0.0,No Information,,No Information,No
2366,2366,Untouched,,Unknown,0.0,No Information,,No Information,No
2367,2367,Untouched,,Unknown,0.0,No Information,,No Information,No
2368,2368,Untouched,,Unknown,0.0,No Information,,No Information,No
2369,2369,Untouched,,Unknown,0.0,No Information,,No Information,No
2370,2370,Untouched,,Unknown,0.0,No Information,,No Information,No
2371,2371,Untouched,,Unknown,0.0,No Information,,No Information,No
2372,2372,Untouched,,Unknown,0.0,No Information,,No Information,No
2373,2373,Untouched,,Unknown,0.0,No Information,,No Information,No
2374,2374,Untouched,,Unknown,0.0,No Information,,No Information,No
2375,2375,Untouched,,Unknown,0.0,No Information,,No Information,No
2376,2376,Untouched,,Unknown,0.0,No Information,,No Information,No
2377,2377,Untouched,,Unknown,0.0,No Information,,No Information,No
2378,2378,Untouched,,Unknown,0.0,No Information,,No Information,No
2379,2379,Untouched,,Unknown,0.0,No Information,,No Information,No
2380,2380,Untouched,,Unknown,0.0,No Information,,No Information,No
2381,2381,Untouched,,Unknown,0.0,No Information,,No Information,No
2382,2382,Untouched,,Unknown,0.0,No Information,,No Information,No
2383,2383,Untouched,,Unknown,0.0,No Information,,No Information,No
2384,2384,Untouched,,Unknown,0.0,No Information,,No Information,No
2385,2385,Untouched,,Unknown,0.0,No Information,,No Information,No
2386,2386,Untouched,,Unknown,0.0,No Information,,No Information,No
2387,2387,Untouched,,Unknown,0.0,No Information,,No Information,No
2388,2388,Untouched,,Unknown,0.0,No Information,,No Information,No
2389,2389,Untouched,,Unknown,0.0,No Information,,No Information,No
2390,2390,Untouched,,Unknown,0.0,No Information,,No Information,No
2391,2391,Untouched,,Unknown,0.0,No Information,,No Information,No
2392,2392,Untouched,,Unknown,0.0,No Information,,No Information,No
2393,2393,Untouched,,Unknown,0.0,No Information,,No Information,No
2394,2394,Untouched,,Unknown,0.0,No Information,,No Information,No
2395,2395,Untouched,,Unknown,0.0,No Information,,No Information,No
2396,2396,Untouched,,Unknown,0.0,No Information,,No Information,No
2397,2397,Untouched,,Unknown,0.0,No Information,,No Information,No
2398,2398,Untouched,,Unknown,0.0,No Information,,No Information,No
2399,2399,Untouched,,Unknown,0.0,No Information,,No Information,No
2400,2400,Untouched,,Unknown,0.0,No Information,,No Information,No
2401,2401,Untouched,,Unknown,0.0,No Information,,No Information,No
2402,2402,Untouched,,Unknown,0.0,No Information,,No Information,No
2403,2403,Untouched,,Unknown,0.0,No Information,,No Information,No
2404,2404,Untouched,,Unknown,0.0,No Information,,No Information,No
2405,2405,Untouched,,Unknown,0.0,No Information,,No Information,No
2406,2406,Untouched,,Unknown,0.0,No Information,,No Information,No
2407,2407,Untouched,,Unknown,0.0,No Information,,No Information,No
2408,2408,Untouched,,Unknown,0.0,No Information,,No Information,No
2409,2409,Untouched,,Unknown,0.0,No Information,,No Information,No
2410,2410,Untouched,,Unknown,0.0,No Information,,No Information,No
2411,2411,Untouched,,Unknown,0.0,No Information,,No Information,No
2412,2412,Untouched,,Unknown,0.0,No Information,,No Information,No
2413,2413,Untouched,,Unknown,0.0,No Information,,No Information,No
2414,2414,Untouched,,Unknown,0.0,No Information,,No Information,No
2415,2415,Untouched,,Unknown,0.0,No Information,,No Information,No
2416,2416,Untouched,,Unknown,0.0,No Information,,No Information,No
2417,2417,Untouched,,Unknown,0.0,No Information,,No Information,No
2418,2418,Untouched,,Unknown,0.0,No Information,,No Information,No
2419,2419,Untouched,,Unknown,0.0,No Information,,No Information,No
2420,2420,Untouched,,Unknown,0.0,No Information,,No Information,No
2421,2421,Untouched,,Unknown,0.0,No Information,,No Information,No
2422,2422,Untouched,,Unknown,0.0,No Information,,No Information,No
2423,2423,Untouched,,Unknown,0.0,No Information,,No Information,No
2424,2424,Untouched,,Unknown,0.0,No Information,,No Information,No
2425,2425,Untouched,,Unknown,0.0,No Information,,No Information,No
2426,2426,Untouched,,Unknown,0.0,No Information,,No Information,No
2427,2427,Untouched,,Unknown,0.0,No Information,,No Information,No
2428,2428,Untouched,,Unknown,0.0,No Information,,No Information,No
2429,2429,Untouched,,Unknown,0.0,No Information,,No Information,No
2430,2430,Untouched,,Unknown,0.0,No Information,,No Information,No
2431,2431,Untouched,,Unknown,0.0,No Information,,No Information,No
2432,2432,Untouched,,Unknown,0.0,No Information,,No Information,No
2433,2433,Untouched,,Unknown,0.0,No Information,,No Information,No
2434,2434,Untouched,,Unknown,0.0,No Information,,No Information,No
2435,2435,Untouched,,Unknown,0.0,No Information,,No Information,No
2436,2436,Untouched,,Unknown,0.0,No Information,,No Information,No
2437,2437,Untouched,,Unknown,0.0,No Information,,No Information,No
2438,2438,Untouched,,Unknown,0.0,No Information,,No Information,No
2439,2439,Untouched,,Unknown,0.0,No Information,,No Information,No
2440,2440,Untouched,,Unknown,0.0,No Information,,No Information,No
2441,2441,Untouched,,Unknown,0.0,No Information,,No Information,No
2442,2442,Untouched,,Unknown,0.0,No Information,,No Information,No
2443,2443,Untouched,,Unknown,0.0,No Information,,No Information,No
2444,2444,Untouched,,Unknown,0.0,No Information,,No Information,No
2445,2445,Untouched,,Unknown,0.0,No Information,,No Information,No
2446,2446,Untouched,,Unknown,0.0,No Information,,No Information,No
2447,2447,Untouched,,Unknown,0.0,No Information,,No Information,No
2448,2448,Untouched,,Unknown,0.0,No Information,,No Information,No
2449,2449,Untouched,,Unknown,0.0,No Information,,No Information,No
2450,2450,Untouched,,Unknown,0.0,No Information,,No Information,No
2451,2451,Untouched,,Unknown,0.0,No Information,,No Information,No
2452,2452,Untouched,,Unknown,0.0,No Information,,No Information,No
2453,2453,Untouched,,Unknown,0.0,No Information,,No Information,No
2454,2454,Untouched,,Unknown,0.0,No Information,,No Information,No
2455,2455,Untouched,,Unknown,0.0,No Information,,No Information,No
2456,2456,Untouched,,Unknown,0.0,No Information,,No Information,No
2457,2457,Untouched,,Unknown,0.0,No Information,,No Information,No
2458,2458,Untouched,,Unknown,0.0,No Information,,No Information,No
2459,2459,Untouched,,Unknown,0.0,No Information,,No Information,No
2460,2460,Untouched,,Unknown,0.0,No Information,,No Information,No
2461,2461,Untouched,,Unknown,0.0,No Information,,No Information,No
2462,2462,Untouched,,Unknown,0.0,No Information,,No Information,No
2463,2463,Untouched,,Unknown,0.0,No Information,,No Information,No
2464,2464,Untouched,,Unknown,0.0,No Information,,No Information,No
2465,2465,Untouched,,Unknown,0.0,No Information,,No Information,No
2466,2466,Untouched,,Unknown,0.0,No Information,,No Information,No
2467,2467,Untouched,,Unknown,0.0,No Information,,No Information,No
2468,2468,Untouched,,Unknown,0.0,No Information,,No Information,No
2469,2469,Untouched,,Unknown,0.0,No Information,,No Information,No
2470,2470,Untouched,,Unknown,0.0,No Information,,No Information,No
2471,2471,Untouched,,Unknown,0.0,No Information,,No Information,No
2472,2472,Untouched,,Unknown,0.0,No Information,,No Information,No
2473,2473,Untouched,,Unknown,0.0,No Information,,No Information,No
2474,2474,Untouched,,Unknown,0.0,No Information,,No Information,No
2475,2475,Untouched,,Unknown,0.0,No Information,,No Information,No
2476,2476,Untouched,,Unknown,0.0,No Information,,No Information,No
2477,2477,Untouched,,Unknown,0.0,No Information,,No Information,No
2478,2478,Untouched,,Unknown,0.0,No Information,,No Information,No
2479,2479,Untouched,,Unknown,0.0,No Information,,No Information,No
2480,2480,Untouched,,Unknown,0.0,No Information,,No Information,No
2481,2481,Untouched,,Unknown,0.0,No Information,,No Information,No
2482,2482,Untouched,,Unknown,0.0,No Information,,No Information,No
2483,2483,Untouched,,Unknown,0.0,No Information,,No Information,No
2484,2484,Untouched,,Unknown,0.0,No Information,,No Information,No
2485,2485,Untouched,,Unknown,0.0,No Information,,No Information,No
2486,2486,Untouched,,Unknown,0.0,No Information,,No Information,No
2487,2487,Untouched,,Unknown,0.0,No Information,,No Information,No
2488,2488,Untouched,,Unknown,0.0,No Information,,No Information,No
2489,2489,Untouched,,Unknown,0.0,No Information,,No Information,No
2490,2490,Untouched,,Unknown,0.0,No Information,,No Information,No
2491,2491,Untouched,,Unknown,0.0,No Information,,No Information,No
2492,2492,Untouched,,Unknown,0.0,No Information,,No Information,No
2493,2493,Untouched,,Unknown,0.0,No Information,,No Information,No
2494,2494,Untouched,,Unknown,0.0,No Information,,No Information,No
2495,2495,Untouched,,Unknown,0.0,No Information,,No Information,No
2496,2496,Untouched,,Unknown,0.0,No Information,,No Information,No
2497,2497,Untouched,,Unknown,0.0,No Information,,No Information,No
2498,2498,Untouched,,Unknown,0.0,No Information,,No Information,No
2499,2499,Untouched,,Unknown,0.0,No Information,,No Information,No
2500,2500,Untouched,,Unknown,0.0,No Information,,No Information,No
2501,2501,Untouched,,Unknown,0.0,No Information,,No Information,No
2502,2502,Untouched,,Unknown,0.0,No Information,,No Information,No
2503,2503,Untouched,,Unknown,0.0,No Information,,No Information,No
2504,2504,Untouched,,Unknown,0.0,No Information,,No Information,No
2505,2505,Untouched,,Unknown,0.0,No Information,,No Information,No
2506,2506,Untouched,,Unknown,0.0,No Information,,No Information,No
2507,2507,Untouched,,Unknown,0.0,No Information,,No Information,No
2508,2508,Untouched,,Unknown,0.0,No Information,,No Information,No
2509,2509,Untouched,,Unknown,0.0,No Information,,No Information,No
2510,2510,Untouched,,Unknown,0.0,No Information,,No Information,No
2511,2511,Untouched,,Unknown,0.0,No Information,,No Information,No
2512,2512,Untouched,,Unknown,0.0,No Information,,No Information,No
2513,2513,Untouched,,Unknown,0.0,No Information,,No Information,No
2514,2514,Untouched,,Unknown,0.0,No Information,,No Information,No
2515,2515,Untouched,,Unknown,0.0,No Information,,No Information,No
2516,2516,Untouched,,Unknown,0.0,No Information,,No Information,No
2517,2517,Untouched,,Unknown,0.0,No Information,,No Information,No
2518,2518,Untouched,,Unknown,0.0,No Information,,No Information,No
2519,2519,Untouched,,Unknown,0.0,No Information,,No Information,No
2520,2520,Untouched,,Unknown,0.0,No Information,,No Information,No
2521,2521,Untouched,,Unknown,0.0,No Information,,No Information,No
2522,2522,Untouched,,Unknown,0.0,No Information,,No Information,No
2523,2523,Untouched,,Unknown,0.0,No Information,,No Information,No
2524,2524,Untouched,,Unknown,0.0,No Information,,No Information,No
2525,2525,Untouched,,Unknown,0.0,No Information,,No Information,No
2526,2526,Untouched,,Unknown,0.0,No Information,,No Information,No
2527,2527,Untouched,,Unknown,0.0,No Information,,No Information,No
2528,2528,Untouched,,Unknown,0.0,No Information,,No Information,No
2529,2529,Untouched,,Unknown,0.0,No Information,,No Information,No
2530,2530,Untouched,,Unknown,0.0,No Information,,No Information,No
2531,2531,Untouched,,Unknown,0.0,No Information,,No Information,No
2532,2532,Untouched,,Unknown,0.0,No Information,,No Information,No
2533,2533,Untouched,,Unknown,0.0,No Information,,No Information,No
2534,2534,Untouched,,Unknown,0.0,No Information,,No Information,No
2535,2535,Untouched,,Unknown,0.0,No Information,,No Information,No
2536,2536,Untouched,,Unknown,0.0,No Information,,No Information,No
2537,2537,Untouched,,Unknown,0.0,No Information,,No Information,No
2538,2538,Untouched,,Unknown,0.0,No Information,,No Information,No
2539,2539,Untouched,,Unknown,0.0,No Information,,No Information,No
2540,2540,Untouched,,Unknown,0.0,No Information,,No Information,No
2541,2541,Untouched,,Unknown,0.0,No Information,,No Information,No
2542,2542,Untouched,,Unknown,0.0,No Information,,No Information,No
2543,2543,Untouched,,Unknown,0.0,No Information,,No Information,No
2544,2544,Untouched,,Unknown,0.0,No Information,,No Information,No
2545,2545,Untouched,,Unknown,0.0,No Information,,No Information,No
2546,2546,Untouched,,Unknown,0.0,No Information,,No Information,No
2547,2547,Untouched,,Unknown,0.0,No Information,,No Information,No
2548,2548,Untouched,,Unknown,0.0,No Information,,No Information,No
2549,2549,Untouched,,Unknown,0.0,No Information,,No Information,No
2550,2550,Untouched,,Unknown,0.0,No Information,,No Information,No
2551,2551,Untouched,,Unknown,0.0,No Information,,No Information,No
2552,2552,Untouched,,Unknown,0.0,No Information,,No Information,No
2553,2553,Untouched,,Unknown,0.0,No Information,,No Information,No
2554,2554,Untouched,,Unknown,0.0,No Information,,No Information,No
2555,2555,Untouched,,Unknown,0.0,No Information,,No Information,No
2556,2556,Untouched,,Unknown,0.0,No Information,,No Information,No
2557,2557,Untouched,,Unknown,0.0,No Information,,No Information,No
2558,2558,Untouched,,Unknown,0.0,No Information,,No Information,No
2559,2559,Untouched,,Unknown,0.0,No Information,,No Information,No
2560,2560,Untouched,,Unknown,0.0,No Information,,No Information,No
2561,2561,Untouched,,Unknown,0.0,No Information,,No Information,No
2562,2562,Untouched,,Unknown,0.0,No Information,,No Information,No
2563,2563,Untouched,,Unknown,0.0,No Information,,No Information,No
2564,2564,Untouched,,Unknown,0.0,No Information,,No Information,No
2565,2565,Untouched,,Unknown,0.0,No Information,,No Information,No
2566,2566,Untouched,,Unknown,0.0,No Information,,No Information,No
2567,2567,Untouched,,Unknown,0.0,No Information,,No Information,No
2568,2568,Untouched,,Unknown,0.0,No Information,,No Information,No
2569,2569,Untouched,,Unknown,0.0,No Information,,No Information,No
2570,2570,Untouched,,Unknown,0.0,No Information,,No Information,No
2571,2571,Untouched,,Unknown,0.0,No Information,,No Information,No
2572,2572,Untouched,,Unknown,0.0,No Information,,No Information,No
2573,2573,Untouched,,Unknown,0.0,No Information,,No Information,No
2574,2574,Untouched,,Unknown,0.0,No Information,,No Information,No
2575,2575,Untouched,,Unknown,0.0,No Information,,No Information,No
2576,2576,Untouched,,Unknown,0.0,No Information,,No Information,No
2577,2577,Untouched,,Unknown,0.0,No Information,,No Information,No
2578,2578,Untouched,,Unknown,0.0,No Information,,No Information,No
2579,2579,Untouched,,Unknown,0.0,No Information,,No Information,No
2580,2580,Untouched,,Unknown,0.0,No Information,,No Information,No
2581,2581,Untouched,,Unknown,0.0,No Information,,No Information,No
2582,2582,Untouched,,Unknown,0.0,No Information,,No Information,No
2583,2583,Untouched,,Unknown,0.0,No Information,,No Information,No
2584,2584,Untouched,,Unknown,0.0,No Information,,No Information,No
2585,2585,Untouched,,Unknown,0.0,No Information,,No Information,No
2586,2586,Untouched,,Unknown,0.0,No Information,,No Information,No
2587,2587,Untouched,,Unknown,0.0,No Information,,No Information,No
2588,2588,Untouched,,Unknown,0.0,No Information,,No Information,No
2589,2589,Untouched,,Unknown,0.0,No Information,,No Information,No
2590,2590,Untouched,,Unknown,0.0,No Information,,No Information,No
2591,2591,Untouched,,Unknown,0.0,No Information,,No Information,No
2592,2592,Untouched,,Unknown,0.0,No Information,,No Information,No
2593,2593,Untouched,,Unknown,0.0,No Information,,No Information,No
2594,2594,Untouched,,Unknown,0.0,No Information,,No Information,No
2595,2595,Untouched,,Unknown,0.0,No Information,,No Information,No
2596,2596,Untouched,,Unknown,0.0,No Information,,No Information,No
2597,2597,Untouched,,Unknown,0.0,No Information,,No Information,No
2598,2598,Untouched,,Unknown,0.0,No Information,,No Information,No
2599,2599,Untouched,,Unknown,0.0,No Information,,No Information,No
2600,2600,Untouched,,Unknown,0.0,No Information,,No Information,No
2601,2601,Untouched,,Unknown,0.0,No Information,,No Information,No
2602,2602,Untouched,,Unknown,0.0,No Information,,No Information,No
2603,2603,Untouched,,Unknown,0.0,No Information,,No Information,No
2604,2604,Untouched,,Unknown,0.0,No Information,,No Information,No
2605,2605,Untouched,,Unknown,0.0,No Information,,No Information,No
2606,2606,Untouched,,Unknown,0.0,No Information,,No Information,No
2607,2607,Untouched,,Unknown,0.0,No Information,,No Information,No
2608,2608,Untouched,,Unknown,0.0,No Information,,No Information,No
2609,2609,Untouched,,Unknown,0.0,No Information,,No Information,No
2610,2610,Untouched,,Unknown,0.0,No Information,,No Information,No
2611,2611,Untouched,,Unknown,0.0,No Information,,No Information,No
2612,2612,Untouched,,Unknown,0.0,No Information,,No Information,No
2613,2613,Untouched,,Unknown,0.0,No Information,,No Information,No
2614,2614,Untouched,,Unknown,0.0,No Information,,No Information,No
2615,2615,Untouched,,Unknown,0.0,No Information,,No Information,No
2616,2616,Untouched,,Unknown,0.0,No Information,,No Information,No
2617,2617,Untouched,,Unknown,0.0,No Information,,No Information,No
2618,2618,Untouched,,Unknown,0.0,No Information,,No Information,No
2619,2619,Untouched,,Unknown,0.0,No Information,,No Information,No
2620,2620,Untouched,,Unknown,0.0,No Information,,No Information,No
2621,2621,Untouched,,Unknown,0.0,No Information,,No Information,No
2622,2622,Untouched,,Unknown,0.0,No Information,,No Information,No
2623,2623,Untouched,,Unknown,0.0,No Information,,No Information,No
2624,2624,Untouched,,Unknown,0.0,No Information,,No Information,No
2625,2625,Untouched,,Unknown,0.0,No Information,,No Information,No
2626,2626,Untouched,,Unknown,0.0,No Information,,No Information,No
2627,2627,Untouched,,Unknown,0.0,No Information,,No Information,No
2628,2628,Untouched,,Unknown,0.0,No Information,,No Information,No
2629,2629,Untouched,,Unknown,0.0,No Information,,No Information,No
2630,2630,Untouched,,Unknown,0.0,No Information,,No Information,No
2631,2631,Untouched,,Unknown,0.0,No Information,,No Information,No
2632,2632,Untouched,,Unknown,0.0,No Information,,No Information,No
2633,2633,Untouched,,Unknown,0.0,No Information,,No Information,No
2634,2634,Untouched,,Unknown,0.0,No Information,,No Information,No
2635,2635,Untouched,,Unknown,0.0,No Information,,No Information,No
2636,2636,Untouched,,Unknown,0.0,No Information,,No Information,No
2637,2637,Untouched,,Unknown,0.0,No Information,,No Information,No
2638,2638,Untouched,,Unknown,0.0,No Information,,No Information,No
2639,2639,Untouched,,Unknown,0.0,No Information,,No Information,No
2640,2640,Untouched,,Unknown,0.0,No Information,,No Information,No
2641,2641,Untouched,,Unknown,0.0,No Information,,No Information,No
2642,2642,Untouched,,Unknown,0.0,No Information,,No Information,No
2643,2643,Untouched,,Unknown,0.0,No Information,,No Information,No
2644,2644,Untouched,,Unknown,0.0,No Information,,No Information,No
2645,2645,Untouched,,Unknown,0.0,No Information,,No Information,No
2646,2646,Untouched,,Unknown,0.0,No Information,,No Information,No
2647,2647,Untouched,,Unknown,0.0,No Information,,No Information,No
2648,2648,Untouched,,Unknown,0.0,No Information,,No Information,No
2649,2649,Untouched,,Unknown,0.0,No Information,,No Information,No
2650,2650,Untouched,,Unknown,0.0,No Information,,No Information,No
2651,2651,Untouched,,Unknown,0.0,No Information,,No Information,No
2652,2652,Untouched,,Unknown,0.0,No Information,,No Information,No
2653,2653,Untouched,,Unknown,0.0,No Information,,No Information,No
2654,2654,Untouched,,Unknown,0.0,No Information,,No Information,No
2655,2655,Untouched,,Unknown,0.0,No Information,,No Information,No
2656,2656,Untouched,,Unknown,0.0,No Information,,No Information,No
2657,2657,Untouched,,Unknown,0.0,No Information,,No Information,No
2658,2658,Untouched,,Unknown,0.0,No Information,,No Information,No
2659,2659,Untouched,,Unknown,0.0,No Information,,No Information,No
2660,2660,Untouched,,Unknown,0.0,No Information,,No Information,No
2661,2661,Untouched,,Unknown,0.0,No Information,,No Information,No
2662,2662,Untouched,,Unknown,0.0,No Information,,No Information,No
2663,2663,Untouched,,Unknown,0.0,No Information,,No Information,No
2664,2664,Untouched,,Unknown,0.0,No Information,,No Information,No
2665,2665,Untouched,,Unknown,0.0,No Information,,No Information,No
2666,2666,Untouched,,Unknown,0.0,No Information,,No Information,No
2667,2667,Untouched,,Unknown,0.0,No Information,,No Information,No
2668,2668,Untouched,,Unknown,0.0,No Information,,No Information,No
2669,2669,Untouched,,Unknown,0.0,No Information,,No Information,No
2670,2670,Untouched,,Unknown,0.0,No Information,,No Information,No
2671,2671,Untouched,,Unknown,0.0,No Information,,No Information,No
2672,2672,Untouched,,Unknown,0.0,No Information,,No Information,No
2673,2673,Untouched,,Unknown,0.0,No Information,,No Information,No
2674,2674,Untouched,,Unknown,0.0,No Information,,No Information,No
2675,2675,Untouched,,Unknown,0.0,No Information,,No Information,No
2676,2676,Untouched,,Unknown,0.0,No Information,,No Information,No
2677,2677,Untouched,,Unknown,0.0,No Information,,No Information,No
2678,2678,Untouched,,Unknown,0.0,No Information,,No Information,No
2679,2679,Untouched,,Unknown,0.0,No Information,,No Information,No
2680,2680,Untouched,,Unknown,0.0,No Information,,No Information,No
2681,2681,Untouched,,Unknown,0.0,No Information,,No Information,No
2682,2682,Untouched,,Unknown,0.0,No Information,,No Information,No
2683,2683,Untouched,,Unknown,0.0,No Information,,No Information,No
2684,2684,Untouched,,Unknown,0.0,No Information,,No Information,No
2685,2685,Untouched,,Unknown,0.0,No Information,,No Information,No
2686,2686,Untouched,,Unknown,0.0,No Information,,No Information,No
2687,2687,Untouched,,Unknown,0.0,No Information,,No Information,No
2688,2688,Untouched,,Unknown,0.0,No Information,,No Information,No
2689,2689,Untouched,,Unknown,0.0,No Information,,No Information,No
2690,2690,Untouched,,Unknown,0.0,No Information,,No Information,No
2691,2691,Untouched,,Unknown,0.0,No Information,,No Information,No
2692,2692,Untouched,,Unknown,0.0,No Information,,No Information,No
2693,2693,Untouched,,Unknown,0.0,No Information,,No Information,No
2694,2694,Untouched,,Unknown,0.0,No Information,,No Information,No
2695,2695,Untouched,,Unknown,0.0,No Information,,No Information,No
2696,2696,Untouched,,Unknown,0.0,No Information,,No Information,No
2697,2697,Untouched,,Unknown,0.0,No Information,,No Information,No
2698,2698,Untouched,,Unknown,0.0,No Information,,No Information,No
2699,2699,Untouched,,Unknown,0.0,No Information,,No Information,No
2700,2700,Untouched,,Unknown,0.0,No Information,,No Information,No
2701,2701,Untouched,,Unknown,0.0,No Information,,No Information,No
2702,2702,Untouched,,Unknown,0.0,No Information,,No Information,No
2703,2703,Untouched,,Unknown,0.0,No Information,,No Information,No
2704,2704,Untouched,,Unknown,0.0,No Information,,No Information,No
2705,2705,Untouched,,Unknown,0.0,No Information,,No Information,No
2706,2706,Untouched,,Unknown,0.0,No Information,,No Information,No
2707,2707,Untouched,,Unknown,0.0,No Information,,No Information,No
2708,2708,Untouched,,Unknown,0.0,No Information,,No Information,No
2709,2709,Untouched,,Unknown,0.0,No Information,,No Information,No
2710,2710,Untouched,,Unknown,0.0,No Information,,No Information,No
2711,2711,Untouched,,Unknown,0.0,No Information,,No Information,No
2712,2712,Untouched,,Unknown,0.0,No Information,,No Information,No
2713,2713,Untouched,,Unknown,0.0,No Information,,No Information,No
2714,2714,Untouched,,Unknown,0.0,No Information,,No Information,No
2715,2715,Untouched,,Unknown,0.0,No Information,,No Information,No
2716,2716,Untouched,,Unknown,0.0,No Information,,No Information,No
2717,2717,Untouched,,Unknown,0.0,No Information,,No Information,No
2718,2718,Untouched,,Unknown,0.0,No Information,,No Information,No
2719,2719,Untouched,,Unknown,0.0,No Information,,No Information,No
2720,2720,Untouched,,Unknown,0.0,No Information,,No Information,No
2721,2721,Untouched,,Unknown,0.0,No Information,,No Information,No
2722,2722,Untouched,,Unknown,0.0,No Information,,No Information,No
2723,2723,Untouched,,Unknown,0.0,No Information,,No Information,No
2724,2724,Untouched,,Unknown,0.0,No Information,,No Information,No
2725,2725,Untouched,,Unknown,0.0,No Information,,No Information,No
2726,2726,Untouched,,Unknown,0.0,No Information,,No Information,No
2727,2727,Untouched,,Unknown,0.0,No Information,,No Information,No
2728,2728,Untouched,,Unknown,0.0,No Information,,No Information,No
2729,2729,Untouched,,Unknown,0.0,No Information,,No Information,No
2730,2730,Untouched,,Unknown,0.0,No Information,,No Information,No
2731,2731,Untouched,,Unknown,0.0,No Information,,No Information,No
2732,2732,Untouched,,Unknown,0.0,No Information,,No Information,No
2733,2733,Untouched,,Unknown,0.0,No Information,,No Information,No
2734,2734,Untouched,,Unknown,0.0,No Information,,No Information,No
2735,2735,Untouched,,Unknown,0.0,No Information,,No Information,No
2736,2736,Untouched,,Unknown,0.0,No Information,,No Information,No
2737,2737,Untouched,,Unknown,0.0,No Information,,No Information,No
2738,2738,Untouched,,Unknown,0.0,No Information,,No Information,No
2739,2739,Untouched,,Unknown,0.0,No Information,,No Information,No
2740,2740,Untouched,,Unknown,0.0,No Information,,No Information,No
2741,2741,Untouched,,Unknown,0.0,No Information,,No Information,No
2742,2742,Untouched,,Unknown,0.0,No Information,,No Information,No
2743,2743,Untouched,,Unknown,0.0,No Information,,No Information,No
2744,2744,Untouched,,Unknown,0.0,No Information,,No Information,No
2745,2745,Untouched,,Unknown,0.0,No Information,,No Information,No
2746,2746,Untouched,,Unknown,0.0,No Information,,No Information,No
2747,2747,Untouched,,Unknown,0.0,No Information,,No Information,No
2748,2748,Untouched,,Unknown,0.0,No Information,,No Information,No
2749,2749,Untouched,,Unknown,0.0,No Information,,No Information,No
2750,2750,Untouched,,Unknown,0.0,No Information,,No Information,No
2751,2751,Untouched,,Unknown,0.0,No Information,,No Information,No
2752,2752,Untouched,,Unknown,0.0,No Information,,No Information,No
2753,2753,Untouched,,Unknown,0.0,No Information,,No Information,No
2754,2754,Untouched,,Unknown,0.0,No Information,,No Information,No
2755,2755,Untouched,,Unknown,0.0,No Information,,No Information,No
2756,2756,Untouched,,Unknown,0.0,No Information,,No Information,No
2757,2757,Untouched,,Unknown,0.0,No Information,,No Information,No
2758,2758,Untouched,,Unknown,0.0,No Information,,No Information,No
2759,2759,Untouched,,Unknown,0.0,No Information,,No Information,No
2760,2760,Untouched,,Unknown,0.0,No Information,,No Information,No
2761,2761,Untouched,,Unknown,0.0,No Information,,No Information,No
2762,2762,Untouched,,Unknown,0.0,No Information,,No Information,No
2763,2763,Untouched,,Unknown,0.0,No Information,,No Information,No
2764,2764,Untouched,,Unknown,0.0,No Information,,No Information,No
2765,2765,Untouched,,Unknown,0.0,No Information,,No Information,No
2766,2766,Untouched,,Unknown,0.0,No Information,,No Information,No
2767,2767,Untouched,,Unknown,0.0,No Information,,No Information,No
2768,2768,Untouched,,Unknown,0.0,No Information,,No Information,No
2769,2769,Untouched,,Unknown,0.0,No Information,,No Information,No
2770,2770,Untouched,,Unknown,0.0,No Information,,No Information,No
2771,2771,Untouched,,Unknown,0.0,No Information,,No Information,No
2772,2772,Untouched,,Unknown,0.0,No Information,,No Information,No
2773,2773,Untouched,,Unknown,0.0,No Information,,No Information,No
2774,2774,Untouched,,Unknown,0.0,No Information,,No Information,No
2775,2775,Untouched,,Unknown,0.0,No Information,,No Information,No
2776,2776,Untouched,,Unknown,0.0,No Information,,No Information,No
2777,2777,Untouched,,Unknown,0.0,No Information,,No Information,No
2778,2778,Untouched,,Unknown,0.0,No Information,,No Information,No
2779,2779,Untouched,,Unknown,0.0,No Information,,No Information,No
2780,2780,Untouched,,Unknown,0.0,No Information,,No Information,No
2781,2781,Untouched,,Unknown,0.0,No Information,,No Information,No
2782,2782,Untouched,,Unknown,0.0,No Information,,No Information,No
2783,2783,Untouched,,Unknown,0.0,No Information,,No Information,No
2784,2784,Untouched,,Unknown,0.0,No Information,,No Information,No
2785,2785,Untouched,,Unknown,0.0,No Information,,No Information,No
2786,2786,Untouched,,Unknown,0.0,No Information,,No Information,No
2787,2787,Untouched,,Unknown,0.0,No Information,,No Information,No
2788,2788,Untouched,,Unknown,0.0,No Information,,No Information,No
2789,2789,Untouched,,Unknown,0.0,No Information,,No Information,No
2790,2790,Untouched,,Unknown,0.0,No Information,,No Information,No
2791,2791,Untouched,,Unknown,0.0,No Information,,No Information,No
2792,2792,Untouched,,Unknown,0.0,No Information,,No Information,No
2793,2793,Untouched,,Unknown,0.0,No Information,,No Information,No
2794,2794,Untouched,,Unknown,0.0,No Information,,No Information,No
2795,2795,Untouched,,Unknown,0.0,No Information,,No Information,No
2796,2796,Untouched,,Unknown,0.0,No Information,,No Information,No
2797,2797,Untouched,,Unknown,0.0,No Information,,No Information,No
2798,2798,Untouched,,Unknown,0.0,No Information,,No Information,No
2799,2799,Untouched,,Unknown,0.0,No Information,,No Information,No
2800,2800,Untouched,,Unknown,0.0,No Information,,No Information,No
2801,2801,Untouched,,Unknown,0.0,No Information,,No Information,No
2802,2802,Untouched,,Unknown,0.0,No Information,,No Information,No
2803,2803,Untouched,,Unknown,0.0,No Information,,No Information,No
2804,2804,Untouched,,Unknown,0.0,No Information,,No Information,No
2805,2805,Untouched,,Unknown,0.0,No Information,,No Information,No
2806,2806,Untouched,,Unknown,0.0,No Information,,No Information,No
2807,2807,Untouched,,Unknown,0.0,No Information,,No Information,No
2808,2808,Untouched,,Unknown,0.0,No Information,,No Information,No
2809,2809,Untouched,,Unknown,0.0,No Information,,No Information,No
2810,2810,Untouched,,Unknown,0.0,No Information,,No Information,No
2811,2811,Untouched,,Unknown,0.0,No Information,,No Information,No
2812,2812,Untouched,,Unknown,0.0,No Information,,No Information,No
2813,2813,Untouched,,Unknown,0.0,No Information,,No Information,No
2814,2814,Untouched,,Unknown,0.0,No Information,,No Information,No
2815,2815,Untouched,,Unknown,0.0,No Information,,No Information,No
2816,2816,Untouched,,Unknown,0.0,No Information,,No Information,No
2817,2817,Untouched,,Unknown,0.0,No Information,,No Information,No
2818,2818,Untouched,,Unknown,0.0,No Information,,No Information,No
2819,2819,Untouched,,Unknown,0.0,No Information,,No Information,No
2820,2820,Untouched,,Unknown,0.0,No Information,,No Information,No
2821,2821,Untouched,,Unknown,0.0,No Information,,No Information,No
2822,2822,Untouched,,Unknown,0.0,No Information,,No Information,No
2823,2823,Untouched,,Unknown,0.0,No Information,,No Information,No
2824,2824,Untouched,,Unknown,0.0,No Information,,No Information,No
2825,2825,Untouched,,Unknown,0.0,No Information,,No Information,No
2826,2826,Untouched,,Unknown,0.0,No Information,,No Information,No
2827,2827,Untouched,,Unknown,0.0,No Information,,No Information,No
2828,2828,Untouched,,Unknown,0.0,No Information,,No Information,No
2829,2829,Untouched,,Unknown,0.0,No Information,,No Information,No
2830,2830,Untouched,,Unknown,0.0,No Information,,No Information,No
2831,2831,Untouched,,Unknown,0.0,No Information,,No Information,No
2832,2832,Untouched,,Unknown,0.0,No Information,,No Information,No
2833,2833,Untouched,,Unknown,0.0,No Information,,No Information,No
2834,2834,Untouched,,Unknown,0.0,No Information,,No Information,No
2835,2835,Untouched,,Unknown,0.0,No Information,,No Information,No
2836,2836,Untouched,,Unknown,0.0,No Information,,No Information,No
2837,2837,Untouched,,Unknown,0.0,No Information,,No Information,No
2838,2838,Untouched,,Unknown,0.0,No Information,,No Information,No
2839,2839,Untouched,,Unknown,0.0,No Information,,No Information,No
2840,2840,Untouched,,Unknown,0.0,No Information,,No Information,No
2841,2841,Untouched,,Unknown,0.0,No Information,,No Information,No
2842,2842,Untouched,,Unknown,0.0,No Information,,No Information,No
2843,2843,Untouched,,Unknown,0.0,No Information,,No Information,No
2844,2844,Untouched,,Unknown,0.0,No Information,,No Information,No
2845,2845,Untouched,,Unknown,0.0,No Information,,No Information,No
2846,2846,Untouched,,Unknown,0.0,No Information,,No Information,No
2847,2847,Untouched,,Unknown,0.0,No Information,,No Information,No
2848,2848,Untouched,,Unknown,0.0,No Information,,No Information,No
2849,2849,Untouched,,Unknown,0.0,No Information,,No Information,No
2850,2850,Untouched,,Unknown,0.0,No Information,,No Information,No
2851,2851,Untouched,,Unknown,0.0,No Information,,No Information,No
2852,2852,Untouched,,Unknown,0.0,No Information,,No Information,No
2853,2853,Untouched,,Unknown,0.0,No Information,,No Information,No
2854,2854,Untouched,,Unknown,0.0,No Information,,No Information,No
2855,2855,Untouched,,Unknown,0.0,No Information,,No Information,No
2856,2856,Untouched,,Unknown,0.0,No Information,,No Information,No
2857,2857,Untouched,,Unknown,0.0,No Information,,No Information,No
2858,2858,Untouched,,Unknown,0.0,No Information,,No Information,No
2859,2859,Untouched,,Unknown,0.0,No Information,,No Information,No
2860,2860,Untouched,,Unknown,0.0,No Information,,No Information,No
2861,2861,Untouched,,Unknown,0.0,No Information,,No Information,No
2862,2862,Untouched,,Unknown,0.0,No Information,,No Information,No
2863,2863,Untouched,,Unknown,0.0,No Information,,No Information,No
2864,2864,Untouched,,Unknown,0.0,No Information,,No Information,No
2865,2865,Untouched,,Unknown,0.0,No Information,,No Information,No
2866,2866,Untouched,,Unknown,0.0,No Information,,No Information,No
2867,2867,Untouched,,Unknown,0.0,No Information,,No Information,No
2868,2868,Untouched,,Unknown,0.0,No Information,,No Information,No
2869,2869,Untouched,,Unknown,0.0,No Information,,No Information,No
2870,2870,Untouched,,Unknown,0.0,No Information,,No Information,No
2871,2871,Untouched,,Unknown,0.0,No Information,,No Information,No
2872,2872,Untouched,,Unknown,0.0,No Information,,No Information,No
2873,2873,Untouched,,Unknown,0.0,No Information,,No Information,No
2874,2874,Untouched,,Unknown,0.0,No Information,,No Information,No
2875,2875,Untouched,,Unknown,0.0,No Information,,No Information,No
2876,2876,Untouched,,Unknown,0.0,No Information,,No Information,No
2877,2877,Untouched,,Unknown,0.0,No Information,,No Information,No
2878,2878,Untouched,,Unknown,0.0,No Information,,No Information,No
2879,2879,Untouched,,Unknown,0.0,No Information,,No Information,No
2880,2880,Untouched,,Unknown,0.0,No Information,,No Information,No
2881,2881,Untouched,,Unknown,0.0,No Information,,No Information,No
2882,2882,Untouched,,Unknown,0.0,No Information,,No Information,No
2883,2883,Untouched,,Unknown,0.0,No Information,,No Information,No
2884,2884,Untouched,,Unknown,0.0,No Information,,No Information,No
2885,2885,Untouched,,Unknown,0.0,No Information,,No Information,No
2886,2886,Untouched,,Unknown,0.0,No Information,,No Information,No
2887,2887,Untouched,,Unknown,0.0,No Information,,No Information,No
2888,2888,Untouched,,Unknown,0.0,No Information,,No Information,No
2889,2889,Untouched,,Unknown,0.0,No Information,,No Information,No
2890,2890,Untouched,,Unknown,0.0,No Information,,No Information,No
2891,2891,Untouched,,Unknown,0.0,No Information,,No Information,No
2892,2892,Untouched,,Unknown,0.0,No Information,,No Information,No
2893,2893,Untouched,,Unknown,0.0,No Information,,No Information,No
2894,2894,Untouched,,Unknown,0.0,No Information,,No Information,No
2895,2895,Untouched,,Unknown,0.0,No Information,,No Information,No
2896,2896,Untouched,,Unknown,0.0,No Information,,No Information,No
2897,2897,Untouched,,Unknown,0.0,No Information,,No Information,No
2898,2898,Untouched,,Unknown,0.0,No Information,,No Information,No
2899,2899,Untouched,,Unknown,0.0,No Information,,No Information,No
2900,2900,Untouched,,Unknown,0.0,No Information,,No Information,No
2901,2901,Untouched,,Unknown,0.0,No Information,,No Information,No
2902,2902,Untouched,,Unknown,0.0,No Information,,No Information,No
2903,2903,Untouched,,Unknown,0.0,No Information,,No Information,No
2904,2904,Untouched,,Unknown,0.0,No Information,,No Information,No
2905,2905,Untouched,,Unknown,0.0,No Information,,No Information,No
2906,2906,Untouched,,Unknown,0.0,No Information,,No Information,No
2907,2907,Untouched,,Unknown,0.0,No Information,,No Information,No
2908,2908,Untouched,,Unknown,0.0,No Information,,No Information,No
2909,2909,Untouched,,Unknown,0.0,No Information,,No Information,No
2910,2910,Untouched,,Unknown,0.0,No Information,,No Information,No
2911,2911,Untouched,,Unknown,0.0,No Information,,No Information,No
2912,2912,Untouched,,Unknown,0.0,No Information,,No Information,No
2913,2913,Untouched,,Unknown,0.0,No Information,,No Information,No
2914,2914,Untouched,,Unknown,0.0,No Information,,No Information,No
2915,2915,Untouched,,Unknown,0.0,No Information,,No Information,No
2916,2916,Untouched,,Unknown,0.0,No Information,,No Information,No
2917,2917,Untouched,,Unknown,0.0,No Information,,No Information,No
2918,2918,Untouched,,Unknown,0.0,No Information,,No Information,No
2919,2919,Untouched,,Unknown,0.0,No Information,,No Information,No
2920,2920,Untouched,,Unknown,0.0,No Information,,No Information,No
2921,2921,Untouched,,Unknown,0.0,No Information,,No Information,No
2922,2922,Untouched,,Unknown,0.0,No Information,,No Information,No
2923,2923,Untouched,,Unknown,0.0,No Information,,No Information,No
2924,2924,Untouched,,Unknown,0.0,No Information,,No Information,No
2925,2925,Untouched,,Unknown,0.0,No Information,,No Information,No
2926,2926,Untouched,,Unknown,0.0,No Information,,No Information,No
2927,2927,Untouched,,Unknown,0.0,No Information,,No Information,No
2928,2928,Untouched,,Unknown,0.0,No Information,,No Information,No
2929,2929,Untouched,,Unknown,0.0,No Information,,No Information,No
2930,2930,Untouched,,Unknown,0.0,No Information,,No Information,No
2931,2931,Untouched,,Unknown,0.0,No Information,,No Information,No
2932,2932,Untouched,,Unknown,0.0,No Information,,No Information,No
2933,2933,Untouched,,Unknown,0.0,No Information,,No Information,No
2934,2934,Untouched,,Unknown,0.0,No Information,,No Information,No
2935,2935,Untouched,,Unknown,0.0,No Information,,No Information,No
2936,2936,Untouched,,Unknown,0.0,No Information,,No Information,No
2937,2937,Untouched,,Unknown,0.0,No Information,,No Information,No
2938,2938,Untouched,,Unknown,0.0,No Information,,No Information,No
2939,2939,Untouched,,Unknown,0.0,No Information,,No Information,No
2940,2940,Untouched,,Unknown,0.0,No Information,,No Information,No
2941,2941,Untouched,,Unknown,0.0,No Information,,No Information,No
2942,2942,Untouched,,Unknown,0.0,No Information,,No Information,No
2943,2943,Untouched,,Unknown,0.0,No Information,,No Information,No
2944,2944,Untouched,,Unknown,0.0,No Information,,No Information,No
2945,2945,Untouched,,Unknown,0.0,No Information,,No Information,No
2946,2946,Untouched,,Unknown,0.0,No Information,,No Information,No
2947,2947,Untouched,,Unknown,0.0,No Information,,No Information,No
2948,2948,Untouched,,Unknown,0.0,No Information,,No Information,No
2949,2949,Untouched,,Unknown,0.0,No Information,,No Information,No
2950,2950,Untouched,,Unknown,0.0,No Information,,No Information,No
2951,2951,Untouched,,Unknown,0.0,No Information,,No Information,No
2952,2952,Untouched,,Unknown,0.0,No Information,,No Information,No
2953,2953,Untouched,,Unknown,0.0,No Information,,No Information,No
2954,2954,Untouched,,Unknown,0.0,No Information,,No Information,No
2955,2955,Untouched,,Unknown,0.0,No Information,,No Information,No
2956,2956,Untouched,,Unknown,0.0,No Information,,No Information,No
2957,2957,Untouched,,Unknown,0.0,No Information,,No Information,No
2958,2958,Untouched,,Unknown,0.0,No Information,,No Information,No
2959,2959,Untouched,,Unknown,0.0,No Information,,No Information,No
2960,2960,Untouched,,Unknown,0.0,No Information,,No Information,No
2961,2961,Untouched,,Unknown,0.0,No Information,,No Information,No
2962,2962,Call >72Hr,,Najiya,0.0,No Information,2026-09-09,"interested ,python and cloud computing,he is interenatonal trip now reached 25th,wtsapp only connect",No
2963,2963,Untouched,,Unknown,0.0,No Information,,No Information,No
2964,2964,Untouched,,Unknown,0.0,No Information,,No Information,No
2965,2965,Untouched,,Unknown,0.0,No Information,,No Information,No
2966,2966,Untouched,,Unknown,0.0,No Information,,No Information,No
2967,2967,Untouched,,Unknown,0.0,No Information,,No Information,No
2968,2968,Untouched,,Unknown,0.0,No Information,,No Information,No
2969,2969,Untouched,,Unknown,0.0,No Information,,No Information,No
2970,2970,Untouched,,Unknown,0.0,No Information,,No Information,No
2971,2971,Untouched,,Unknown,0.0,No Information,,No Information,No
2972,2972,Untouched,,Unknown,0.0,No Information,,No Information,No
2973,2973,Untouched,,Unknown,0.0,No Information,,No Information,No
2974,2974,Untouched,,Unknown,0.0,No Information,,No Information,No
2975,2975,Untouched,,Unknown,0.0,No Information,,No Information,No
2976,2976,Untouched,,Unknown,0.0,No Information,,No Information,No
2977,2977,Untouched,,Unknown,0.0,No Information,,No Information,No
2978,2978,Untouched,,Unknown,0.0,No Information,,No Information,No
2979,2979,Untouched,,Unknown,0.0,No Information,,No Information,No
2980,2980,Untouched,,Unknown,0.0,No Information,,No Information,No
2981,2981,Untouched,,Unknown,0.0,No Information,,No Information,No
2982,2982,Untouched,,Unknown,0.0,No Information,,No Information,No
2983,2983,Untouched,,Unknown,0.0,No Information,,No Information,No
2984,2984,Untouched,,Unknown,0.0,No Information,,No Information,No
2985,2985,Untouched,,Unknown,0.0,No Information,,No Information,No
2986,2986,Untouched,,Unknown,0.0,No Information,,No Information,No
2987,2987,Untouched,,Unknown,0.0,No Information,,No Information,No
2988,2988,Untouched,,Unknown,0.0,No Information,,No Information,No
2989,2989,Untouched,,Unknown,0.0,No Information,,No Information,No
2990,2990,Untouched,,Unknown,0.0,No Information,,No Information,No
2991,2991,Untouched,,Unknown,0.0,No Information,,No Information,No
2992,2992,Untouched,,Unknown,0.0,No Information,,No Information,No
2993,2993,Untouched,,Unknown,0.0,No Information,,No Information,No
2994,2994,Untouched,,Unknown,0.0,No Information,,No Information,No
2995,2995,Untouched,,Unknown,0.0,No Information,,No Information,No
2996,2996,Untouched,,Unknown,0.0,No Information,,No Information,No
2997,2997,Untouched,,Unknown,0.0,No Information,,No Information,No
2998,2998,Untouched,,Unknown,0.0,No Information,,No Information,No
2999,2999,Untouched,,Unknown,0.0,No Information,,No Information,No
3000,3000,Untouched,,Unknown,0.0,No Information,,No Information,No
3001,3001,Untouched,,Unknown,0.0,No Information,,No Information,No
3002,3002,Untouched,,Unknown,0.0,No Information,,No Information,No
3003,3003,Untouched,,Unknown,0.0,No Information,,No Information,No
3004,3004,Untouched,,Unknown,0.0,No Information,,No Information,No
3005,3005,Untouched,,Unknown,0.0,No Information,,No Information,No
3006,3006,Untouched,,Unknown,0.0,No Information,,No Information,No
3007,3007,Untouched,,Unknown,0.0,No Information,,No Information,No
3008,3008,Untouched,,Unknown,0.0,No Information,,No Information,No
3009,3009,Untouched,,Unknown,0.0,No Information,,No Information,No
3010,3010,Untouched,,Unknown,0.0,No Information,,No Information,No
3011,3011,Untouched,,Unknown,0.0,No Information,,No Information,No
3012,3012,Untouched,,Unknown,0.0,No Information,,No Information,No
3013,3013,Untouched,,Unknown,0.0,No Information,,No Information,No
3014,3014,Untouched,,Unknown,0.0,No Information,,No Information,No
3015,3015,Untouched,,Unknown,0.0,No Information,,No Information,No
3016,3016,Untouched,,Unknown,0.0,No Information,,No Information,No
3017,3017,Untouched,,Unknown,0.0,No Information,,No Information,No
3018,3018,Untouched,,Unknown,0.0,No Information,,No Information,No
3019,3019,Untouched,,Unknown,0.0,No Information,,No Information,No
3020,3020,Untouched,,Unknown,0.0,No Information,,No Information,No
3021,3021,Untouched,,Unknown,0.0,No Information,,No Information,No
3022,3022,Untouched,,Unknown,0.0,No Information,,No Information,No
3023,3023,Untouched,,Unknown,0.0,No Information,,No Information,No
3024,3024,Untouched,,Unknown,0.0,No Information,,No Information,No
3025,3025,Untouched,,Unknown,0.0,No Information,,No Information,No
3026,3026,Call >72Hr,,Najiya,0.0,No Information,,"direct walk in,ds enquiry,with cousin,he is php developer in dubai,already working sweans",No
3027,3027,Untouched,,Unknown,0.0,No Information,,No Information,No
3028,3028,Untouched,,Unknown,0.0,No Information,,No Information,No
3029,3029,Untouched,,Unknown,0.0,No Information,,No Information,No
3030,3030,Untouched,,Unknown,0.0,No Information,,No Information,No
3031,3031,Untouched,,Unknown,0.0,No Information,,No Information,No
3032,3032,Untouched,,Unknown,0.0,No Information,,No Information,No
3033,3033,Untouched,,Unknown,0.0,No Information,,No Information,No
3034,3034,Untouched,,Unknown,0.0,No Information,,No Information,No
3035,3035,Untouched,,Unknown,0.0,No Information,,No Information,No
3036,3036,Untouched,,Unknown,0.0,No Information,,No Information,No
3037,3037,Untouched,,Unknown,0.0,No Information,,No Information,No
3038,3038,Untouched,,Unknown,0.0,No Information,,No Information,No
3039,3039,Untouched,,Unknown,0.0,No Information,,No Information,No
3040,3040,Untouched,,Unknown,0.0,No Information,,No Information,No
3041,3041,Untouched,,Unknown,0.0,No Information,,No Information,No
3042,3042,Untouched,,Unknown,0.0,No Information,,No Information,No
3043,3043,Untouched,,Unknown,0.0,No Information,,No Information,No
3044,3044,Untouched,,Unknown,0.0,No Information,,No Information,No
3045,3045,Untouched,,Unknown,0.0,No Information,,No Information,No
3046,3046,Untouched,,Unknown,0.0,No Information,,No Information,No
3047,3047,Untouched,,Unknown,0.0,No Information,,No Information,No
3048,3048,Untouched,,Unknown,0.0,No Information,,No Information,No
3049,3049,Untouched,,Unknown,0.0,No Information,,No Information,No
3050,3050,Untouched,,Unknown,0.0,No Information,,No Information,No
3051,3051,Untouched,,Unknown,0.0,No Information,,No Information,No
3052,3052,Untouched,,Unknown,0.0,No Information,,No Information,No
3053,3053,Untouched,,Unknown,0.0,No Information,,No Information,No
3054,3054,Untouched,,Unknown,0.0,No Information,,No Information,No
3055,3055,Untouched,,Unknown,0.0,No Information,,No Information,No
3056,3056,Untouched,,Unknown,0.0,No Information,,No Information,No
3057,3057,Untouched,,Unknown,0.0,No Information,,No Information,No
3058,3058,Untouched,,Unknown,0.0,No Information,,No Information,No
3059,3059,Untouched,,Unknown,0.0,No Information,,No Information,No
3060,3060,Untouched,,Unknown,0.0,No Information,,No Information,No
3061,3061,Untouched,,Unknown,0.0,No Information,,No Information,No
3062,3062,Untouched,,Unknown,0.0,No Information,,No Information,No
3063,3063,Untouched,,Unknown,0.0,No Information,,No Information,No
3064,3064,Untouched,,Unknown,0.0,No Information,,No Information,No
3065,3065,Untouched,,Unknown,0.0,No Information,,No Information,No
3066,3066,Untouched,,Unknown,0.0,No Information,,No Information,No
3067,3067,Untouched,,Unknown,0.0,No Information,,No Information,No
3068,3068,Untouched,,Unknown,0.0,No Information,,No Information,No
3069,3069,Untouched,,Unknown,0.0,No Information,,No Information,No
3070,3070,Untouched,,Unknown,0.0,No Information,,No Information,No
3071,3071,Untouched,,Unknown,0.0,No Information,,No Information,No
3072,3072,Untouched,,Unknown,0.0,No Information,,No Information,No
3073,3073,Untouched,,Unknown,0.0,No Information,,No Information,No
3074,3074,Untouched,,Unknown,0.0,No Information,,No Information,No
3075,3075,Untouched,,Unknown,0.0,No Information,,No Information,No
3076,3076,Untouched,,Unknown,0.0,No Information,,No Information,No
3077,3077,Untouched,,Unknown,0.0,No Information,,No Information,No
3078,3078,Untouched,,Unknown,0.0,No Information,,No Information,No
3079,3079,Untouched,,Unknown,0.0,No Information,,No Information,No
3080,3080,Untouched,,Unknown,0.0,No Information,,No Information,No
3081,3081,Untouched,,Unknown,0.0,No Information,,No Information,No
3082,3082,Untouched,,Unknown,0.0,No Information,,No Information,No
3083,3083,Untouched,,Unknown,0.0,No Information,,No Information,No
3084,3084,Untouched,,Unknown,0.0,No Information,,No Information,No
3085,3085,Untouched,,Unknown,0.0,No Information,,No Information,No
3086,3086,Untouched,,Unknown,0.0,No Information,,No Information,No
3087,3087,Untouched,,Unknown,0.0,No Information,,No Information,No
3088,3088,Untouched,,Unknown,0.0,No Information,,No Information,No
3089,3089,Untouched,,Unknown,0.0,No Information,,No Information,No
3090,3090,Untouched,,Unknown,0.0,No Information,,No Information,No
3091,3091,Untouched,,Unknown,0.0,No Information,,No Information,No
3092,3092,Untouched,,Unknown,0.0,No Information,,No Information,No
3093,3093,Untouched,,Unknown,0.0,No Information,,No Information,No
3094,3094,Untouched,,Unknown,0.0,No Information,,No Information,No
3095,3095,Untouched,,Unknown,0.0,No Information,,No Information,No
3096,3096,Untouched,,Unknown,0.0,No Information,,No Information,No
3097,3097,Untouched,,Unknown,0.0,No Information,,No Information,No
3098,3098,Untouched,,Unknown,0.0,No Information,,No Information,No
3099,3099,Untouched,,Unknown,0.0,No Information,,No Information,No
3100,3100,Untouched,,Unknown,0.0,No Information,,No Information,No
3101,3101,Untouched,,Unknown,0.0,No Information,,No Information,No
3102,3102,Untouched,,Unknown,0.0,No Information,,No Information,No
3103,3103,Untouched,,Unknown,0.0,No Information,,No Information,No
3104,3104,Untouched,,Unknown,0.0,No Information,,No Information,No
3105,3105,Untouched,,Unknown,0.0,No Information,,No Information,No
3106,3106,Untouched,,Unknown,0.0,No Information,,No Information,No
3107,3107,Untouched,,Unknown,0.0,No Information,,No Information,No
3108,3108,Untouched,,Unknown,0.0,No Information,,No Information,No
3109,3109,Untouched,,Unknown,0.0,No Information,,No Information,No
3110,3110,Untouched,,Unknown,0.0,No Information,,No Information,No
3111,3111,Untouched,,Unknown,0.0,No Information,,No Information,No
3112,3112,Untouched,,Unknown,0.0,No Information,,No Information,No
3113,3113,Untouched,,Unknown,0.0,No Information,,No Information,No
3114,3114,Untouched,,Unknown,0.0,No Information,,No Information,No
3115,3115,Untouched,,Unknown,0.0,No Information,,No Information,No
3116,3116,Untouched,,Unknown,0.0,No Information,,No Information,No
3117,3117,Untouched,,Unknown,0.0,No Information,,No Information,No
3118,3118,Untouched,,Unknown,0.0,No Information,,No Information,No
3119,3119,Untouched,,Unknown,0.0,No Information,,No Information,No
3120,3120,Untouched,,Unknown,0.0,No Information,,No Information,No
3121,3121,Untouched,,Unknown,0.0,No Information,,No Information,No
3122,3122,Untouched,,Unknown,0.0,No Information,,No Information,No
3123,3123,Untouched,,Unknown,0.0,No Information,,No Information,No
3124,3124,Untouched,,Unknown,0.0,No Information,,No Information,No
3125,3125,Untouched,,Unknown,0.0,No Information,,No Information,No
3126,3126,Untouched,,Unknown,0.0,No Information,,No Information,No
3127,3127,Untouched,,Unknown,0.0,No Information,,No Information,No
3128,3128,Untouched,,Unknown,0.0,No Information,,No Information,No
3129,3129,Untouched,,Unknown,0.0,No Information,,No Information,No
3130,3130,Untouched,,Unknown,0.0,No Information,,No Information,No
3131,3131,Untouched,,Unknown,0.0,No Information,,No Information,No
3132,3132,Untouched,,Unknown,0.0,No Information,,No Information,No
3133,3133,Untouched,,Unknown,0.0,No Information,,No Information,No
3134,3134,Untouched,,Unknown,0.0,No Information,,No Information,No
3135,3135,Untouched,,Unknown,0.0,No Information,,No Information,No
3136,3136,Untouched,,Unknown,0.0,No Information,,No Information,No
3137,3137,Untouched,,Unknown,0.0,No Information,,No Information,No
3138,3138,Untouched,,Unknown,0.0,No Information,,No Information,No
3139,3139,Untouched,,Unknown,0.0,No Information,,No Information,No
3140,3140,Untouched,,Unknown,0.0,No Information,,No Information,No
3141,3141,Untouched,,Unknown,0.0,No Information,,No Information,No
3142,3142,Untouched,,Unknown,0.0,No Information,,No Information,No
3143,3143,Untouched,,Unknown,0.0,No Information,,No Information,No
3144,3144,Untouched,,Unknown,0.0,No Information,,No Information,No
3145,3145,Untouched,,Unknown,0.0,No Information,,No Information,No
3146,3146,Untouched,,Unknown,0.0,No Information,,No Information,No
3147,3147,Untouched,,Unknown,0.0,No Information,,No Information,No
3148,3148,Untouched,,Unknown,0.0,No Information,,No Information,No
3149,3149,Untouched,,Unknown,0.0,No Information,,No Information,No
3150,3150,Untouched,,Unknown,0.0,No Information,,No Information,No
3151,3151,Untouched,,Unknown,0.0,No Information,,No Information,No
3152,3152,Untouched,,Unknown,0.0,No Information,,No Information,No
3153,3153,Untouched,,Unknown,0.0,No Information,,No Information,No
3154,3154,Untouched,,Unknown,0.0,No Information,,No Information,No
3155,3155,Untouched,,Unknown,0.0,No Information,,No Information,No
3156,3156,Untouched,,Unknown,0.0,No Information,,No Information,No
3157,3157,Untouched,,Unknown,0.0,No Information,,No Information,No
3158,3158,Untouched,,Unknown,0.0,No Information,,No Information,No
3159,3159,Untouched,,Unknown,0.0,No Information,,No Information,No
3160,3160,Untouched,,Unknown,0.0,No Information,,No Information,No
3161,3161,Untouched,,Unknown,0.0,No Information,,No Information,No
3162,3162,Untouched,,Unknown,0.0,No Information,,No Information,No
3163,3163,Untouched,,Unknown,0.0,No Information,,No Information,No
3164,3164,Untouched,,Unknown,0.0,No Information,,No Information,No
3165,3165,Untouched,,Unknown,0.0,No Information,,No Information,No
3166,3166,Untouched,,Unknown,0.0,No Information,,No Information,No
3167,3167,Untouched,,Unknown,0.0,No Information,,No Information,No
3168,3168,Untouched,,Unknown,0.0,No Information,,No Information,No
3169,3169,Untouched,,Unknown,0.0,No Information,,No Information,No
3170,3170,Untouched,,Unknown,0.0,No Information,,No Information,No
3171,3171,Untouched,,Unknown,0.0,No Information,,No Information,No
3172,3172,Untouched,,Unknown,0.0,No Information,,No Information,No
3173,3173,Untouched,,Unknown,0.0,No Information,,No Information,No
3174,3174,Untouched,,Unknown,0.0,No Information,,No Information,No
3175,3175,Untouched,,Unknown,0.0,No Information,,No Information,No
3176,3176,Untouched,,Unknown,0.0,No Information,,No Information,No
3177,3177,Untouched,,Unknown,0.0,No Information,,No Information,No
3178,3178,Untouched,,Unknown,0.0,No Information,,No Information,No
3179,3179,Untouched,,Unknown,0.0,No Information,,No Information,No
3180,3180,Untouched,,Unknown,0.0,No Information,,No Information,No
3181,3181,Untouched,,Unknown,0.0,No Information,,No Information,No
3182,3182,Untouched,,Unknown,0.0,No Information,,No Information,No
3183,3183,Untouched,,Unknown,0.0,No Information,,No Information,No
3184,3184,Untouched,,Unknown,0.0,No Information,,No Information,No
3185,3185,Untouched,,Unknown,0.0,No Information,,No Information,No
3186,3186,Untouched,,Unknown,0.0,No Information,,No Information,No
3187,3187,Untouched,,Unknown,0.0,No Information,,No Information,No
3188,3188,Untouched,,Unknown,0.0,No Information,,No Information,No
3189,3189,Untouched,,Unknown,0.0,No Information,,No Information,No
3190,3190,Untouched,,Unknown,0.0,No Information,,No Information,No
3191,3191,Untouched,,Unknown,0.0,No Information,,No Information,No
3192,3192,Untouched,,Unknown,0.0,No Information,,No Information,No
3193,3193,Untouched,,Unknown,0.0,No Information,,No Information,No
3194,3194,Untouched,,Unknown,0.0,No Information,,No Information,No
3195,3195,Untouched,,Unknown,0.0,No Information,,No Information,No
3196,3196,Untouched,,Unknown,0.0,No Information,,No Information,No
3197,3197,Untouched,,Unknown,0.0,No Information,,No Information,No
3198,3198,Untouched,,Unknown,0.0,No Information,,No Information,No
3199,3199,Untouched,,Unknown,0.0,No Information,,No Information,No
3200,3200,Untouched,,Unknown,0.0,No Information,,No Information,No
3201,3201,Untouched,,Unknown,0.0,No Information,,No Information,No
3202,3202,Untouched,,Unknown,0.0,No Information,,No Information,No
3203,3203,Untouched,,Unknown,0.0,No Information,,No Information,No
3204,3204,Untouched,,Unknown,0.0,No Information,,No Information,No
3205,3205,Untouched,,Unknown,0.0,No Information,,No Information,No
3206,3206,Untouched,,Unknown,0.0,No Information,,No Information,No
3207,3207,Untouched,,Unknown,0.0,No Information,,No Information,No
3208,3208,Untouched,,Unknown,0.0,No Information,,No Information,No
3209,3209,Untouched,,Unknown,0.0,No Information,,No Information,No
3210,3210,Untouched,,Unknown,0.0,No Information,,No Information,No
3211,3211,Untouched,,Unknown,0.0,No Information,,No Information,No
3212,3212,Untouched,,Unknown,0.0,No Information,,No Information,No
3213,3213,Untouched,,Unknown,0.0,No Information,,No Information,No
3214,3214,Untouched,,Unknown,0.0,No Information,,No Information,No
3215,3215,Untouched,,Unknown,0.0,No Information,,No Information,No
3216,3216,Untouched,,Unknown,0.0,No Information,,No Information,No
3217,3217,Untouched,,Unknown,0.0,No Information,,No Information,No
3218,3218,Untouched,,Unknown,0.0,No Information,,No Information,No
3219,3219,Untouched,,Unknown,0.0,No Information,,No Information,No
3220,3220,Untouched,,Unknown,0.0,No Information,,No Information,No
3221,3221,Untouched,,Unknown,0.0,No Information,,No Information,No
3222,3222,Untouched,,Unknown,0.0,No Information,,No Information,No
3223,3223,Untouched,,Unknown,0.0,No Information,,No Information,No
3224,3224,Untouched,,Unknown,0.0,No Information,,No Information,No
3225,3225,Untouched,,Unknown,0.0,No Information,,No Information,No
3226,3226,Untouched,,Unknown,0.0,No Information,,No Information,No
3227,3227,Untouched,,Unknown,0.0,No Information,,No Information,No
3228,3228,Untouched,,Unknown,0.0,No Information,,No Information,No
3229,3229,Untouched,,Unknown,0.0,No Information,,No Information,No
3230,3230,Untouched,,Unknown,0.0,No Information,,No Information,No
3231,3231,Untouched,,Unknown,0.0,No Information,,No Information,No
3232,3232,Untouched,,Unknown,0.0,No Information,,No Information,No
3233,3233,Untouched,,Unknown,0.0,No Information,,No Information,No
3234,3234,Untouched,,Unknown,0.0,No Information,,No Information,No
3235,3235,Untouched,,Unknown,0.0,No Information,,No Information,No
3236,3236,Untouched,,Unknown,0.0,No Information,,No Information,No
3237,3237,Untouched,,Unknown,0.0,No Information,,No Information,No
3238,3238,Untouched,,Unknown,0.0,No Information,,No Information,No
3239,3239,Untouched,,Unknown,0.0,No Information,,No Information,No
3240,3240,Untouched,,Unknown,0.0,No Information,,No Information,No
3241,3241,Untouched,,Unknown,0.0,No Information,,No Information,No
3242,3242,Untouched,,Unknown,0.0,No Information,,No Information,No
3243,3243,Untouched,,Unknown,0.0,No Information,,No Information,No
3244,3244,Untouched,,Unknown,0.0,No Information,,No Information,No
3245,3245,Untouched,,Unknown,0.0,No Information,,No Information,No
3246,3246,Untouched,,Unknown,0.0,No Information,,No Information,No
3247,3247,Untouched,,Unknown,0.0,No Information,,No Information,No
3248,3248,Untouched,,Unknown,0.0,No Information,,No Information,No
3249,3249,Untouched,,Unknown,0.0,No Information,,No Information,No
3250,3250,Untouched,,Unknown,0.0,No Information,,No Information,No
3251,3251,Untouched,,Unknown,0.0,No Information,,No Information,No
3252,3252,Untouched,,Unknown,0.0,No Information,,No Information,No
3253,3253,Untouched,,Unknown,0.0,No Information,,No Information,No
3254,3254,Untouched,,Unknown,0.0,No Information,,No Information,No
3255,3255,Untouched,,Unknown,0.0,No Information,,No Information,No
3256,3256,Untouched,,Unknown,0.0,No Information,,No Information,No
3257,3257,Untouched,,Unknown,0.0,No Information,,No Information,No
3258,3258,Untouched,,Unknown,0.0,No Information,,No Information,No
3259,3259,Untouched,,Unknown,0.0,No Information,,No Information,No
3260,3260,Untouched,,Unknown,0.0,No Information,,No Information,No
3261,3261,Untouched,,Unknown,0.0,No Information,,No Information,No
3262,3262,Untouched,,Unknown,0.0,No Information,,No Information,No
3263,3263,Untouched,,Unknown,0.0,No Information,,No Information,No
3264,3264,Untouched,,Unknown,0.0,No Information,,No Information,No
3265,3265,Untouched,,Unknown,0.0,No Information,,No Information,No
3266,3266,Untouched,,Unknown,0.0,No Information,,No Information,No
3267,3267,Untouched,,Unknown,0.0,No Information,,No Information,No
3268,3268,Untouched,,Unknown,0.0,No Information,,No Information,No
3269,3269,Untouched,,Unknown,0.0,No Information,,No Information,No
3270,3270,Untouched,,Unknown,0.0,No Information,,No Information,No
3271,3271,Untouched,,Unknown,0.0,No Information,,No Information,No
3272,3272,Untouched,,Unknown,0.0,No Information,,No Information,No
3273,3273,Untouched,,Unknown,0.0,No Information,,No Information,No
3274,3274,Untouched,,Unknown,0.0,No Information,,No Information,No
3275,3275,Untouched,,Unknown,0.0,No Information,,No Information,No
3276,3276,Untouched,,Unknown,0.0,No Information,,No Information,No
3277,3277,Untouched,,Unknown,0.0,No Information,,No Information,No
3278,3278,Untouched,,Unknown,0.0,No Information,,No Information,No
3279,3279,Untouched,,Unknown,0.0,No Information,,No Information,No
3280,3280,Untouched,,Unknown,0.0,No Information,,No Information,No
3281,3281,Untouched,,Unknown,0.0,No Information,,No Information,No
3282,3282,Untouched,,Unknown,0.0,No Information,,No Information,No
3283,3283,Untouched,,Unknown,0.0,No Information,,No Information,No
3284,3284,Untouched,,Unknown,0.0,No Information,,No Information,No
3285,3285,Untouched,,Unknown,0.0,No Information,,No Information,No
3286,3286,Untouched,,Unknown,0.0,No Information,,No Information,No
3287,3287,Untouched,,Unknown,0.0,No Information,,No Information,No
3288,3288,Untouched,,Unknown,0.0,No Information,,No Information,No
3289,3289,Untouched,,Unknown,0.0,No Information,,No Information,No
3290,3290,Untouched,,Unknown,0.0,No Information,,No Information,No
3291,3291,Untouched,,Unknown,0.0,No Information,,No Information,No
3292,3292,Untouched,,Unknown,0.0,No Information,,No Information,No
3293,3293,Untouched,,Unknown,0.0,No Information,,No Information,No
3294,3294,Untouched,,Unknown,0.0,No Information,,No Information,No
3295,3295,Untouched,,Unknown,0.0,No Information,,No Information,No
3296,3296,Untouched,,Unknown,0.0,No Information,,No Information,No
3297,3297,Untouched,,Unknown,0.0,No Information,,No Information,No
3298,3298,Untouched,,Unknown,0.0,No Information,,No Information,No
3299,3299,Untouched,,Unknown,0.0,No Information,,No Information,No
3300,3300,Untouched,,Unknown,0.0,No Information,,No Information,No
3301,3301,Untouched,,Unknown,0.0,No Information,,No Information,No
3302,3302,Untouched,,Unknown,0.0,No Information,,No Information,No
3303,3303,Untouched,,Unknown,0.0,No Information,,No Information,No
3304,3304,Untouched,,Unknown,0.0,No Information,,No Information,No
3305,3305,Untouched,,Unknown,0.0,No Information,,No Information,No
3306,3306,Untouched,,Unknown,0.0,No Information,,No Information,No
3307,3307,Untouched,,Unknown,0.0,No Information,,No Information,No
3308,3308,Untouched,,Unknown,0.0,No Information,,No Information,No
3309,3309,Untouched,,Unknown,0.0,No Information,,No Information,No
3310,3310,Untouched,,Unknown,0.0,No Information,,No Information,No
3311,3311,Untouched,,Unknown,0.0,No Information,,No Information,No
3312,3312,Untouched,,Unknown,0.0,No Information,,No Information,No
3313,3313,Call >72Hr,,Rincy,15.0,No Information,,switched off//24n rnp///29n,No
3314,3314,Untouched,,Unknown,0.0,No Information,,No Information,No
3315,3315,Untouched,,Unknown,0.0,No Information,,No Information,No
3316,3316,Untouched,,Unknown,0.0,No Information,,No Information,No
3317,3317,Untouched,,Unknown,0.0,No Information,,No Information,No
3318,3318,Untouched,,Unknown,0.0,No Information,,No Information,No
3319,3319,Untouched,,Unknown,0.0,No Information,,No Information,No
3320,3320,Untouched,,Unknown,0.0,No Information,,No Information,No
3321,3321,Untouched,,Unknown,0.0,No Information,,No Information,No
3322,3322,Call >72Hr,,Rincy,28.0,No Information,,No Information,No
3323,3323,Call >72Hr,,Rincy,17.0,No Information,,No Information,No
3324,3324,Call >72Hr,,Rincy,42.0,No Information,,No Information,No
3325,3325,Call >72Hr,,Rincy,26.0,No Information,,///19n rnp//24n rnp,No
3326,3326,Call >72Hr,,Rincy,19.0,No Information,,No Information,No
3327,3327,Call >72Hr,,Rincy,59.0,No Information,,No Information,No
3328,3328,Call >72Hr,,Rincy,52.0,No Information,,No Information,No
3329,3329,Call >72Hr,,Rincy,25.0,No Information,,No Information,No
3330,3330,Call >72Hr,,Rincy,16.0,No Information,,No Information,No
3331,3331,Call >72Hr,,Rincy,21.0,No Information,,"///19n rnp/,,/22n rnp",No
3332,3332,Call >72Hr,,Rincy,0.0,No Information,,///19n rnp///19n rnp//24n rnp incomming call illa,No
3333,3333,Call >72Hr,,Rincy,18.0,No Information,,nokeett parayam///22n rnp//23n rnp,No
3334,3334,Call >72Hr,,Rincy,47.0,No Information,,///19n rnp,No
3335,3335,Call >72Hr,,Rincy,34.0,No Information,,No Information,No
3336,3336,Call >72Hr,,Rincy,15.0,No Information,,No Information,No
3337,3337,Call >72Hr,,Rincy,15.0,No Information,,"///19n rnp/,,/22n",No
3338,3338,Call >72Hr,,Rincy,27.0,No Information,,No Information,No
3339,3339,Call >72Hr,2026-02-08,Rincy,0.0,No Information,,bc aanenn....22n ...bc aanenn ippo kodkka paranju//23n rnp//28n rnp////2n rnp,No
3340,3340,Call >72Hr,,Rincy,17.0,No Information,,"///19n rnp/,,/22n rnp",No
3341,3341,Untouched,,Unknown,0.0,No Information,,No Information,No
3342,3342,Untouched,,Unknown,0.0,No Information,,No Information,No
3343,3343,Untouched,,Unknown,0.0,No Information,,No Information,No
3344,3344,Untouched,,Unknown,0.0,No Information,,No Information,No
3345,3345,Call <8Hr,2026-10-07,Ambili,39.0,No Information,,No Information,No
3346,3346,Untouched,,Unknown,0.0,No Information,,No Information,No
3347,3347,Untouched,,Unknown,0.0,No Information,,No Information,No
3348,3348,Untouched,,Unknown,0.0,No Information,,No Information,No
3349,3349,Untouched,,Unknown,0.0,No Information,,No Information,No
3350,3350,Untouched,,Unknown,0.0,No Information,,No Information,No
3351,3351,Untouched,,Unknown,0.0,No Information,,No Information,No
3352,3352,Untouched,,Unknown,0.0,No Information,,No Information,No
3353,3353,Untouched,,Unknown,0.0,No Information,,No Information,No
3354,3354,Untouched,2026-10-07,Ambili,40.0,No Information,,No Information,No
3355,3355,Call <8Hr,2026-10-07,Ambili,52.0,No Information,,No Information,No
3356,3356,Call <8Hr,2026-10-07,Ambili,46.0,No Information,,No Information,No
3357,3357,Call <8Hr,2026-10-07,Ambili,44.0,No Information,,No Information,No
3358,3358,Untouched,2026-10-07,Ambili,1.0,No Information,,No Information,No
3359,3359,Untouched,2026-10-07,Ambili,0.0,No Information,,No Information,No
3360,3360,Untouched,2026-10-07,Ambili,0.0,No Information,,No Information,No
3361,3361,Untouched,,Unknown,0.0,No Information,,No Information,No
3362,3362,Call <8Hr,2026-10-07,Ambili,40.0,No Information,,No Information,No
3363,3363,Untouched,,Unknown,0.0,No Information,,No Information,No
3364,3364,Untouched,,Unknown,0.0,No Information,,No Information,No
3365,3365,Call <8Hr,2026-10-07,Ambili,39.0,No Information,,No Information,No
3366,3366,Call <8Hr,2026-10-07,Ambili,37.0,No Information,,No Information,No
3367,3367,Call <8Hr,2026-10-07,Ambili,76.0,No Information,,No Information,No
3368,3368,Call <8Hr,2026-10-07,Ambili,44.0,No Information,,No Information,No
3369,3369,Untouched,2026-10-07,Ambili,0.0,No Information,,No Information,No
3370,3370,Call <8Hr,2026-10-07,Ambili,42.0,No Information,,No Information,No
3371,3371,Untouched,2026-10-07,Ambili,1.0,No Information,,No Information,No
3372,3372,Untouched,,Unknown,0.0,No Information,,No Information,No
3373,3373,Untouched,2026-10-07,Ambili,0.0,No Information,,No Information,No
3374,3374,Call <8Hr,2026-10-07,Ambili,43.0,No Information,,No Information,No
3375,3375,Call <8Hr,2026-10-07,Ambili,42.0,No Information,,No Information,No
3376,3376,Untouched,2026-10-07,Ambili,57.0,No Information,,No Information,No
3377,3377,Untouched,2026-10-07,Ambili,0.0,No Information,,No Information,No
3378,3378,Call <8Hr,2026-10-07,Ambili,32.0,No Information,,No Information,No
3379,3379,Untouched,2026-10-07,Ambili,0.0,No Information,,No Information,No
3380,3380,Call <8Hr,2026-10-07,Ambili,63.0,No Information,,No Information,No
3381,3381,Untouched,,Unknown,0.0,No Information,,No Information,No
3382,3382,Untouched,,Unknown,0.0,No Information,,No Information,No
3383,3383,Call <8Hr,2026-10-07,Ambili,29.0,No Information,,No Information,No
3384,3384,Untouched,,Unknown,0.0,No Information,,No Information,No
3385,3385,Call <8Hr,2026-10-07,Ambili,39.0,No Information,,No Information,No
3386,3386,Call <8Hr,2026-10-07,Ambili,39.0,No Information,,No Information,No
3387,3387,Call <8Hr,2026-10-07,Ambili,61.0,No Information,,No Information,No
3388,3388,Untouched,2026-10-07,Ambili,0.0,No Information,,No Information,No
3389,3389,Untouched,,Unknown,0.0,No Information,,No Information,No
3390,3390,Call <4Hr,2026-10-07,Ambili,75.0,No Information,,No Information,No
3391,3391,Call <4Hr,2026-10-07,Ambili,75.0,No Information,,No Information,No
3392,3392,Call <8Hr,2026-10-07,Ambili,44.0,No Information,,No Information,No
3393,3393,Untouched,,Unknown,0.0,No Information,,No Information,No
3394,3394,Untouched,,Unknown,0.0,No Information,,No Information,No
3395,3395,Untouched,,Unknown,0.0,No Information,,No Information,No
3396,3396,Untouched,,Unknown,0.0,No Information,,No Information,No
3397,3397,Untouched,,Unknown,0.0,No Information,,No Information,No
3398,3398,Untouched,,Unknown,0.0,No Information,,No Information,No
3399,3399,Untouched,,Unknown,0.0,No Information,,No Information,No
3400,3400,Untouched,2026-10-07,Ambili,31.0,No Information,,No Information,No
3401,3401,Untouched,,Unknown,0.0,No Information,,No Information,No
3402,3402,Untouched,,Unknown,0.0,No Information,,No Information,No
3403,3403,Untouched,,Unknown,0.0,No Information,,No Information,No
3404,3404,Untouched,2026-10-07,Ambili,0.0,No Information,,No Information,No
3405,3405,Untouched,,Unknown,0.0,No Information,,No Information,No
3406,3406,Call <8Hr,2026-10-07,Ambili,38.0,No Information,,No Information,No
3407,3407,Untouched,,Unknown,0.0,No Information,,No Information,No
3408,3408,Untouched,,Unknown,0.0,No Information,,No Information,No
3409,3409,Call <8Hr,2026-10-07,Ambili,50.0,No Information,,No Information,No
3410,3410,Call >72Hr,,Ambili,0.0,No Information,,"interested aan, mlprm aan veed, vtl samsarikknm, fever aan",No
3411,3411,Untouched,,Unknown,0.0,No Information,,No Information,No
3412,3412,Call <8Hr,2026-10-07,Ambili,53.0,No Information,,No Information,No
3413,3413,Untouched,2026-10-07,Ambili,0.0,No Information,,No Information,No
3414,3414,Untouched,2026-10-07,Ambili,2.0,No Information,,No Information,No
3415,3415,Call <8Hr,2026-10-07,Ambili,40.0,No Information,,No Information,No
3416,3416,Untouched,,Unknown,0.0,No Information,,No Information,No
3417,3417,Untouched,2026-10-07,Ambili,87.0,No Information,,No Information,No
3418,3418,Untouched,,Unknown,0.0,No Information,,No Information,No
3419,3419,Untouched,,Unknown,0.0,No Information,,No Information,No
3420,3420,Untouched,,Unknown,0.0,No Information,,No Information,No
3421,3421,Untouched,,Unknown,0.0,No Information,,No Information,No
3422,3422,Untouched,,Unknown,0.0,No Information,,No Information,No
3423,3423,Untouched,2026-10-07,Ambili,0.0,No Information,,No Information,No
3424,3424,Call <8Hr,2026-10-07,Ambili,84.0,No Information,,No Information,No
3425,3425,Call <8Hr,2026-10-07,Sumayya,338.0,No Information,,No Information,No
3426,3426,Call <8Hr,,Sumayya,47.0,No Information,,full noicee//buzy cvilikm,No
3427,3427,Untouched,,Unknown,0.0,No Information,,No Information,No
3428,3428,Untouched,,Unknown,0.0,No Information,,No Information,No
3429,3429,Untouched,,Unknown,0.0,No Information,,No Information,No
3430,3430,Untouched,,Unknown,0.0,No Information,,No Information,No
3431,3431,Untouched,,Unknown,0.0,No Information,,No Information,No
3432,3432,Untouched,,Unknown,0.0,No Information,,No Information,No
3433,3433,Untouched,,Unknown,0.0,No Information,,No Information,No
3434,3434,Untouched,,Unknown,0.0,No Information,,No Information,No
3435,3435,Untouched,,Unknown,0.0,No Information,,No Information,No
3436,3436,Untouched,,Unknown,0.0,No Information,,No Information,No
3437,3437,Untouched,,Unknown,0.0,No Information,,No Information,No
3438,3438,Untouched,,Unknown,0.0,No Information,,No Information,No
3439,3439,Untouched,2026-11-07,Sumayya,221.0,No Information,,No Information,No
3440,3440,Untouched,,Unknown,0.0,No Information,,No Information,No
3441,3441,Untouched,,Unknown,0.0,No Information,,No Information,No
3442,3442,Untouched,,Unknown,0.0,No Information,,No Information,No
3443,3443,Untouched,,Unknown,0.0,No Information,,No Information,No
3444,3444,Untouched,,Unknown,0.0,No Information,,No Information,No
3445,3445,Untouched,,Unknown,0.0,No Information,,No Information,No
3446,3446,Untouched,,Unknown,0.0,No Information,,No Information,No
3447,3447,Untouched,,Unknown,0.0,No Information,,No Information,No
3448,3448,Untouched,,Unknown,0.0,No Information,,No Information,No
3449,3449,Untouched,,Unknown,0.0,No Information,,No Information,No
3450,3450,Untouched,,Unknown,0.0,No Information,,No Information,No
3451,3451,Untouched,,Unknown,0.0,No Information,,No Information,No
3452,3452,Untouched,,Unknown,0.0,No Information,,No Information,No
3453,3453,Untouched,,Unknown,0.0,No Information,,No Information,No
3454,3454,Untouched,,Unknown,0.0,No Information,,No Information,No
3455,3455,Untouched,,Unknown,0.0,No Information,,No Information,No
3456,3456,Untouched,,Unknown,0.0,No Information,,No Information,No
3457,3457,Untouched,,Unknown,0.0,No Information,,No Information,No
3458,3458,Untouched,,Unknown,0.0,No Information,,No Information,No
3459,3459,Untouched,,Unknown,0.0,No Information,,No Information,No
3460,3460,Untouched,,Unknown,0.0,No Information,,No Information,No
3461,3461,Call < 5 mins,2026-10-07,Sumayya,0.0,No Information,2026-10-07,rnp/2,No
3462,3462,Call < 5 mins,,Sumayya,0.0,No Information,,"ansif allaaa name paraayunniilla//vtlaa numbera ithh//vtl etheeet vilikam
manjeri aan place poii nokkann paranjitt undd              15/8/rnp/2   20/8//rnp/2/watsapp no responsee    27/8//rnp/2/watsappp noo response    29/8//no response",No
3463,3463,Untouched,,Unknown,0.0,No Information,,No Information,No
3464,3464,Untouched,,Unknown,0.0,No Information,,No Information,No
3465,3465,Untouched,,Unknown,0.0,No Information,,No Information,No
3466,3466,Untouched,,Unknown,0.0,No Information,,No Information,No
3467,3467,Untouched,,Unknown,0.0,No Information,,No Information,No
3468,3468,Call >24Hr,2026-11-07,Sumayya,36.0,No Information,,No Information,No
3469,3469,Untouched,,Unknown,0.0,No Information,,No Information,No
3470,3470,Untouched,,Unknown,0.0,No Information,,No Information,No
3471,3471,Untouched,,Unknown,0.0,No Information,,No Information,No
3472,3472,Untouched,,Unknown,0.0,No Information,,No Information,No
3473,3473,Untouched,,Unknown,0.0,No Information,,No Information,No
3474,3474,Untouched,,Unknown,0.0,No Information,,No Information,No
3475,3475,Untouched,,Unknown,0.0,No Information,,No Information,No
3476,3476,Untouched,,Unknown,0.0,No Information,,No Information,No
3477,3477,Untouched,,Unknown,0.0,No Information,,No Information,No
3478,3478,Untouched,,Unknown,0.0,No Information,,No Information,No
3479,3479,Untouched,,Unknown,0.0,No Information,,No Information,No
3480,3480,Untouched,,Unknown,0.0,No Information,,No Information,No
3481,3481,Untouched,,Unknown,0.0,No Information,,No Information,No
3482,3482,Untouched,,Unknown,0.0,No Information,,No Information,No
3483,3483,Untouched,,Unknown,0.0,No Information,,No Information,No
3484,3484,Untouched,,Unknown,0.0,No Information,,No Information,No
3485,3485,Untouched,,Unknown,0.0,No Information,,No Information,No
3486,3486,Untouched,,Unknown,0.0,No Information,,No Information,No
3487,3487,Untouched,,Unknown,0.0,No Information,,No Information,No
3488,3488,Untouched,,Unknown,0.0,No Information,,No Information,No
3489,3489,Untouched,,Unknown,0.0,No Information,,No Information,No
3490,3490,Untouched,,Unknown,0.0,No Information,,No Information,No
3491,3491,Untouched,2026-10-07,Ambili,0.0,No Information,,No Information,No
3492,3492,Untouched,,Unknown,0.0,No Information,,No Information,No
3493,3493,Untouched,,Unknown,0.0,No Information,,No Information,No
3494,3494,Untouched,,Unknown,0.0,No Information,,No Information,No
3495,3495,Untouched,,Unknown,0.0,No Information,,No Information,No
3496,3496,Untouched,,Unknown,0.0,No Information,,No Information,No
3497,3497,Untouched,,Unknown,0.0,No Information,,No Information,No
3498,3498,Call >72Hr,,Rincy,18.0,No Information,,/14n rnp,No
3499,3499,Untouched,,Unknown,0.0,No Information,,No Information,No
3500,3500,Untouched,,Unknown,0.0,No Information,,No Information,No
3501,3501,Untouched,,Unknown,0.0,No Information,,No Information,No
3502,3502,Call >72Hr,,Rincy,21.0,No Information,,/14n rnp/15n  rnp,No
3503,3503,Call >72Hr,,Rincy,16.0,No Information,,/14n rnp,No
3504,3504,Call >72Hr,,Rincy,0.0,No Information,,/14n rnp/15n  rnp///18n rnp//24n rnp,No
3505,3505,Call >72Hr,,Rincy,21.0,No Information,,bc,No
3506,3506,Call >72Hr,,Rincy,17.0,No Information,,/14n rnp,No
3507,3507,Call >72Hr,,Rincy,11.0,No Information,,/14n rnp/15n  rnp,No
3508,3508,Call >72Hr,,Rincy,21.0,No Information,,/14n rnp//16n rnp,No
3509,3509,Call >72Hr,,Rincy,17.0,No Information,,No Information,No
3510,3510,Call >72Hr,,Rincy,25.0,No Information,,No Information,No
3511,3511,Call >72Hr,,Rincy,9.0,No Information,,/14n rnp/15n  rnp///19n rnp,No
3512,3512,Call >72Hr,,Rincy,19.0,No Information,,/14n rnp,No
3513,3513,Call >72Hr,,Rincy,21.0,No Information,,/14n rnp,No
3514,3514,Call >72Hr,,Rincy,79.0,No Information,,No Information,No
3515,3515,Call >72Hr,,Rincy,31.0,No Information,,No Information,No
3516,3516,Call >72Hr,,Rincy,13.0,No Information,,bc/15n  rnp,No
3517,3517,Call >72Hr,,Rincy,0.0,No Information,,/14n rnp///15n  rnp switched off//24n rnp same,No
3518,3518,Call >72Hr,,Rincy,22.0,No Information,,No Information,No
3519,3519,Call >72Hr,,Rincy,19.0,No Information,,bc anu/15n  rnp,No
3520,3520,Call >72Hr,,Rincy,18.0,No Information,,No Information,No
3521,3521,Call >72Hr,,Rincy,25.0,No Information,,/14n rnp,No
3522,3522,Call >72Hr,,Rincy,39.0,No Information,,No Information,No
3523,3523,Call >72Hr,,Rincy,32.0,No Information,,No Information,No
3524,3524,Call >72Hr,,Rincy,18.0,No Information,,/14n rnp,No
3525,3525,Call >72Hr,,Rincy,22.0,No Information,,No Information,No
3526,3526,Call >72Hr,,Rincy,16.0,No Information,,No Information,No
3527,3527,Call >72Hr,,Rincy,0.0,No Information,,incomming call illa/15n  same///18n rnp same whats app call cut aaki..vere join cheydhu enn msg ayakku,No
3528,3528,Call >72Hr,,Rincy,0.0,No Information,,/14n rnp/15n  rnp//17n rnp///19n rnp,No
3529,3529,Call >72Hr,,Rincy,27.0,No Information,,No Information,No
3530,3530,Call >72Hr,,Rincy,21.0,No Information,,No Information,No
3531,3531,Call <4Hr,2026-11-07,Rincy,4.0,No Information,2026-11-07,idth bridgeon enn keettappo cut aaki..same,No
3532,3532,Call <4Hr,,Rincy,0.0,No Information,,rnp///10n rnp/14n rnp//17n rnp///19n rnp,No
3533,3533,Call <4Hr,,Rincy,0.0,No Information,,rnp///10n rnp//13n rnp/15n  umma aan idthe nokatte enn//17n rnp///19n rnp,No
3534,3534,Call <4Hr,,Rincy,17.0,No Information,2026-12-07,ACHANTE NUMBER AANU ..avan vtl illa evening aavum varan ennit chodhichit parayam enn///11n rnp,No
3535,3535,Call <8Hr,2026-11-07,Rincy,99.0,No Information,2026-11-07,///10n rnp..//11n vere keeri,No
3536,3536,Call <8Hr,2026-10-07,Rincy,72.0,No Information,,mca join cheydhu,No
3537,3537,Call <8Hr,,Rincy,52.0,No Information,,///10n rnp//13n onnum keeknilla,No
3538,3538,Call <8Hr,,Rincy,0.0,No Information,,///10n rnp///11n rnp/14n rnp/15n  rnp//16n rnp//24n rnp,No
3539,3539,Call <4Hr,,Rincy,17.0,No Information,2026-12-07,bc aanenn paranju///11n rnp,No
3540,3540,Call <4Hr,,Rincy,0.0,No Information,,rnp///11n rnp//13n rnp//17n rnp,No
3541,3541,Call >24Hr,2026-11-07,Rincy,27.0,No Information,,vere keeri,No
3542,3542,Call >24Hr,2026-11-07,Rincy,13.0,No Information,,vere join cheydhu,No
3543,3543,Call >24Hr,2026-11-07,Rincy,31.0,No Information,,vere keeri,No
3544,3544,Call >24Hr,,Rincy,10.0,No Information,,rnp//13n rnp/14n rnp,No
3545,3545,Call <8Hr,2026-11-07,Rincy,28.0,No Information,,No Information,No
3546,3546,Call >72Hr,,Rincy,32.0,No Information,,No Information,No
3547,3547,Call <8Hr,,Rincy,11.0,No Information,2026-12-07,///10n rnp///11n rnp...illa,No
3548,3548,Call <4Hr,2026-11-07,Rincy,46.0,No Information,2026-10-07,3 manik sheesham vilikan//,No
3549,3549,Call <8Hr,2026-10-07,Rincy,47.0,No Information,,///10n rnp//mca kk cheernnu,No
3550,3550,Call <8Hr,2026-10-07,Rincy,42.0,No Information,,mca idkan vere onnum noknilla enn,No
3551,3551,Call >72Hr,,Rincy,21.0,No Information,,No Information,No
3552,3552,Call >72Hr,,Rincy,0.0,No Information,,/14n rnp//16n rnp//17n rnp///19n rnp,No
3553,3553,Call >72Hr,,Rincy,36.0,No Information,,No Information,No
3554,3554,Call <8Hr,,Rincy,0.0,No Information,,"pg nokan ..nokeett parayam enn///11n rnp/14n rnp////18n rnp/,,/22n rnp",No
3555,3555,Call >72Hr,,Rincy,0.0,No Information,,incoming illa//17n rnpincomming call illa//24n rnp,No
3556,3556,Call <8Hr,,Rincy,0.0,No Information,,///10n rnp///11n rnp//13n rnp/15n  rnp,No
3557,3557,Call >72Hr,,Rincy,16.0,No Information,,No Information,No
3558,3558,Call >72Hr,,Rincy,55.0,No Information,,No Information,No
3559,3559,Call >72Hr,,Rincy,0.0,No Information,,/14n rnp//17n rnp///18n vtl illa///19n rnp//24n rnp,No
3560,3560,Call >24Hr,2026-11-07,Rincy,35.0,No Information,,pg,No
3561,3561,Call >24Hr,,Rincy,0.0,No Information,,bc//13n rnp//17n rnp///18n rnp///19n rnp,No
3562,3562,Call >72Hr,2026-06-08,Rincy,16.0,No Information,2026-05-08,call ponillaaa///18n rnp//19n nokeett inn night parayam///bc aanenn//23n rnp//25n rnp///29n rnp///6n rnp,No
3563,3563,Call >24Hr,2026-11-07,Rincy,56.0,No Information,,pg,No
3564,3564,Call >72Hr,,Rincy,0.0,No Information,,/14n rnp//16n rnp//17n rnp///18n rnp,No
3565,3565,Call >72Hr,,Rincy,0.0,No Information,,/14n rnp///9037376839.....banglore aan ..online ndo choylkan.,No
3566,3566,Call >24Hr,2026-11-07,Rincy,18.0,No Information,,veere keeri,No
3567,3567,Call >72Hr,,Rincy,0.0,No Information,,/14n rnp/15n  rnp///call ponilla,No
3568,3568,Call >72Hr,,Rincy,17.0,No Information,,No Information,No
3569,3569,Call >72Hr,,Rincy,52.0,No Information,,No Information,No
3570,3570,Call >72Hr,,Rincy,1.0,No Information,,/14n rnp/15n  rnp//17n rnp//24n rnp,No
3571,3571,Call >72Hr,,Rincy,0.0,No Information,,//13n rnp/14n rnp//16n rnp//17n rnp,No
3572,3572,Call >72Hr,,Rincy,37.0,No Information,,No Information,No
3573,3573,Call >72Hr,,Rincy,0.0,No Information,,/14n rnp/15n  rnp//24n rnp///29n rnp,No
3574,3574,Call >72Hr,,Rincy,55.0,No Information,,No Information,No
3575,3575,Call >72Hr,,Rincy,0.0,No Information,,//13n rnp/15n  rnp//////17n msged nale parayam///19n rnp24n rnp,No
3576,3576,Call >72Hr,,Rincy,25.0,No Information,,No Information,No
3577,3577,Call >72Hr,,Rincy,0.0,No Information,,///19n rnp//24n rnp///29n rnp,No
3578,3578,Call >72Hr,,Rincy,0.0,No Information,,incomming illa//17n rnp same///18n rnp///19n rnpincomming call illa//23n rnp same,No
3579,3579,Call >72Hr,,Rincy,29.0,No Information,,koyappalla aal ok aan nokate enn/15n  rnp//17n rnp,No
3580,3580,Call >72Hr,,Rincy,21.0,No Information,,/14n rnp,No
3581,3581,Call >72Hr,,Rincy,39.0,No Information,,No Information,No
3582,3582,Call >72Hr,,Rincy,26.0,No Information,,nokatte enn,No
3583,3583,Call >72Hr,,Rincy,25.0,No Information,,No Information,No
3584,3584,Call >72Hr,,Rincy,23.0,No Information,,///19n rnp,No
3585,3585,Call >72Hr,,Rincy,0.0,No Information,,entrance eyudhi irikkaan//23n rnp//24n rnp,No
3586,3586,Call >72Hr,,Rincy,14.0,No Information,,pg allotment noki irikan,No
3587,3587,Call >72Hr,,Rincy,18.0,No Information,,No Information,No
3588,3588,Call >72Hr,,Rincy,23.0,No Information,,No Information,No
3589,3589,Call >72Hr,,Rincy,31.0,No Information,,///19n rnp,No
3590,3590,Call >72Hr,,Rincy,73.0,No Information,,///18n rnp///19n rnp,No
3591,3591,Untouched,,Unknown,0.0,No Information,,No Information,No
3592,3592,Untouched,,Unknown,0.0,No Information,,No Information,No
3593,3593,Call <8Hr,2026-10-07,Sanju,219.0,No Information,,No Information,No
3594,3594,Call <8Hr,2026-10-07,Sanju,220.0,No Information,2026-11-07,mother aan eduthath aalu psc coaching nu povaanu vtil parents oke govt job aan korach videos ayachitund kaanan baki avaru vtil poyt vilikam ennan paranje,No
3595,3595,Call >72Hr,,Rincy,22.0,No Information,,jobin keeri,No
3596,3596,Untouched,,Unknown,0.0,No Information,,No Information,No
3597,3597,Call >72Hr,,Rincy,0.0,No Information,,///18n rnp///19n rnp//24n rnp,No
3598,3598,Call >72Hr,,Rincy,10.0,No Information,,///18n rnp///nokeett parayam enn///19n inn vaikeett parayam enn..///22n rnp//23n rnp///29n rnp//30n rnp,No
3599,3599,Call >72Hr,,Rincy,43.0,No Information,,No Information,No
3600,3600,Call >72Hr,,Rincy,0.0,No Information,,///19n rnp..nokeett paranjera enn..vtl illa enn//23n rnp///29n vtl illa,No
3601,3601,Call >72Hr,,Rincy,20.0,No Information,,No Information,No
3602,3602,Call >72Hr,,Rincy,35.0,No Information,,///18n rnp,No
3603,3603,Call >72Hr,,Rincy,25.0,No Information,,///19n rnp,No
3604,3604,Call >72Hr,,Rincy,18.0,No Information,,No Information,No
3605,3605,Call >72Hr,,Rincy,0.0,No Information,,///19n rnp//24n rnp///29n rnp,No
3606,3606,Call >72Hr,,Rincy,17.0,No Information,,No Information,No
3607,3607,Call >72Hr,2026-05-08,Rincy,0.0,No Information,2026-04-08,///19n nokatte enn///22n rnp call ponilla//23n rnp///29n rnp////2n rnp///5n rnp,No
3608,3608,Call >72Hr,,Rincy,0.0,No Information,,///18n rnp///19n rnp//24n rnp///29n rnp,No
3609,3609,Call >72Hr,,Rincy,20.0,No Information,,///18n rnp//,No
3610,3610,Call >72Hr,,Rincy,22.0,No Information,,No Information,No
3611,3611,Call >72Hr,,nafi,26.0,No Information,,his mother pick up the call and i think she was not intrested in taking a course now,No
3612,3612,Call >72Hr,,nafi,48.0,No Information,,busy,No
3613,3613,Call >72Hr,,nafi,0.0,No Information,2026-01-08,no incoming try to connect on wtsp//wtsp no response,No
3614,3614,Call >72Hr,,nafi,47.0,No Information,,No Information,No
3615,3615,Call >72Hr,,nafi,32.0,No Information,,No Information,No
3616,3616,Call >72Hr,,nafi,0.0,No Information,2026-01-08,rnp try to connect on wtsp,No
3617,3617,Call >72Hr,,nafi,122.0,No Information,,No Information,No
3618,3618,Call >72Hr,,nafi,48.0,No Information,,No Information,No
3619,3619,Call >72Hr,,nafi,0.0,No Information,2026-01-08,rnp try to connect on wtsp,No
3620,3620,Call >72Hr,,nafi,42.0,No Information,,No Information,No
3621,3621,Call >72Hr,,nafi,46.0,No Information,,No Information,No
3622,3622,Call >72Hr,,nafi,51.0,No Information,,No Information,No
3623,3623,Call >72Hr,,nafi,78.0,No Information,,No Information,No
3624,3624,Call >72Hr,,nafi,88.0,No Information,,No Information,No
3625,3625,Call >72Hr,,nafi,41.0,No Information,,No Information,No
3626,3626,Call >72Hr,,nafi,44.0,No Information,,No Information,No
3627,3627,Call >72Hr,,nafi,0.0,No Information,,No Information,No
3628,3628,Call >72Hr,,nafi,0.0,No Information,2026-01-08,switch off try to connect on wtsp,No
3629,3629,Call >72Hr,,nafi,231.0,No Information,2026-01-08,"mukkam ann place varnne. all ore one and half yr gap edithitt nokkam enn ann parayu7nne , pinne mainly ishttam gaming ann , vtl 5 siblings and uppa and umma ann illath , all enthayllum details nokkitt parayam enn vijarichu",No
3630,3630,Call >72Hr,,nafi,0.0,No Information,,No Information,No
3631,3631,Call >72Hr,,nafi,44.0,No Information,,"all ippo alts nntte cochingnn povann , all v illichapo classill ayirnnu indayirnne , so wtspill connect cheyithind",No
3632,3632,Call >72Hr,,nafi,72.0,No Information,,No Information,No
3633,3633,Call >72Hr,,nafi,45.0,No Information,,No Information,No
3634,3634,Call >72Hr,,nafi,0.0,No Information,2026-01-08,switch off try to connect on wtsp,No
3635,3635,Call >72Hr,,nafi,199.0,No Information,,"all ippo currently cat examin prepare cheyairnnu all ethrem pettann jobin keranm enn ann illath, so njan just online ayitt pg edkanne case kudii parnj kodthu , so all details nokkit parayam enn ann paranjeth",No
3636,3636,Call >72Hr,,nafi,0.0,No Information,2026-01-08,rnp try to connect on wtsp,No
3637,3637,Call >72Hr,,nafi,11.0,No Information,2026-01-08,busy with some urgent work,No
3638,3638,Call >72Hr,,nafi,26.0,No Information,2026-01-08,rnp try to connect on wtsp,No
3639,3639,Call >72Hr,,nafi,0.0,No Information,2026-01-08,rnp try to connect on wtsp,No
3640,3640,Call >72Hr,,nafi,0.0,No Information,2026-03-08,"all mca nnte alotment wait akki nikkan so allk already mern padicha all ann ,  all enthayallum next week kochi povind so pattuvannell nammudde hub visit cheyam enn paranjind so details wtsp send cheythins nokkitt enthayllum parayam enn [paranjind// all next week kochi povum so ath kayinj parayam enn paranju",No
3641,3641,Call >72Hr,,nafi,42.0,No Information,,No Information,No
3642,3642,Call >72Hr,,nafi,42.0,No Information,,No Information,No
3643,3643,Call >72Hr,,nafi,83.0,No Information,,"ith fathernnte number ann , all ippo etho oree coursenn povann vendii nikkan enn parnju enthann enn okke chothichiitt parayam enn paranju",No
3644,3644,Call >72Hr,,nafi,82.0,No Information,2026-01-08,rnp try to connect on wtsp,No
3645,3645,Call >72Hr,,nafi,97.0,No Information,,No Information,No
3646,3646,Call >72Hr,,nafi,522.0,No Information,,"all ippo bangloor ann illath allk course nokkikond nikkan pinne all mainly data scince course ann nokunne , enthayallum details nokkam enn paranjind so details njamal share chayith kodthind",No
3647,3647,Call >72Hr,,nafi,31.0,No Information,,No Information,No
3648,3648,Call >72Hr,,nafi,31.0,No Information,,No Information,No
3649,3649,Call >72Hr,,nafi,0.0,No Information,,the call was not connected,No
3650,3650,Call >72Hr,,nafi,32.0,No Information,,No Information,No
3651,3651,Call >72Hr,,nafi,0.0,No Information,2026-01-08,rnp try to connect on wtsp,No
3652,3652,Call >72Hr,,nafi,81.0,No Information,,No Information,No
3653,3653,Call >72Hr,,nafi,84.0,No Information,,No Information,No
3654,3654,Call >72Hr,,nafi,0.0,No Information,2026-01-08,rnp try to connect on wtsp,No
3655,3655,Call >72Hr,,nafi,0.0,No Information,2026-01-08,rnp try to connecton wtsp,No
3656,3656,Call >72Hr,,nafi,86.0,No Information,,No Information,No
3657,3657,Call >72Hr,,nafi,43.0,No Information,,No Information,No
3658,3658,Call >72Hr,,nafi,881.0,No Information,2026-03-08,"all ippa ore photographer ann , so all enthellum ore it feild  course ann nokkunne , all saturday hub visit varm enn paranjind , details wtsp cheythind , // all ee moth batchill join cheyyan illa all ann join conformation innno nallayoo ayitt parayam  enn paranjind.",No
3659,3659,Untouched,,Unknown,0.0,No Information,,No Information,No
3660,3660,Untouched,,Unknown,0.0,No Information,,No Information,No
3661,3661,Untouched,,Unknown,0.0,No Information,,No Information,No
3662,3662,Untouched,,Unknown,0.0,No Information,,No Information,No
3663,3663,Untouched,,Unknown,0.0,No Information,,No Information,No
3664,3664,Untouched,,Unknown,0.0,No Information,,No Information,No
3665,3665,Untouched,,Unknown,0.0,No Information,,No Information,No
3666,3666,Untouched,,Unknown,0.0,No Information,,No Information,No
3667,3667,Untouched,,Unknown,0.0,No Information,,No Information,No
3668,3668,Untouched,,Unknown,0.0,No Information,,No Information,No
3669,3669,Untouched,,Unknown,0.0,No Information,,No Information,No
3670,3670,Untouched,,Unknown,0.0,No Information,,No Information,No
3671,3671,Untouched,,Unknown,0.0,No Information,,No Information,No
3672,3672,Untouched,,Unknown,0.0,No Information,,No Information,No
3673,3673,Untouched,,Unknown,0.0,No Information,,No Information,No
3674,3674,Untouched,,Unknown,0.0,No Information,,No Information,No
3675,3675,Untouched,,Unknown,0.0,No Information,,No Information,No
3676,3676,Untouched,,Unknown,0.0,No Information,,No Information,No
3677,3677,Untouched,,Unknown,0.0,No Information,,No Information,No
3678,3678,Untouched,,Unknown,0.0,No Information,,No Information,No
3679,3679,Untouched,,Unknown,0.0,No Information,,No Information,No
3680,3680,Untouched,,Unknown,0.0,No Information,,No Information,No
3681,3681,Untouched,,Unknown,0.0,No Information,,No Information,No
3682,3682,Untouched,,Unknown,0.0,No Information,,No Information,No
3683,3683,Untouched,,Unknown,0.0,No Information,,No Information,No
3684,3684,Untouched,,Unknown,0.0,No Information,,No Information,No
3685,3685,Untouched,,Unknown,0.0,No Information,,No Information,No
3686,3686,Untouched,,Unknown,0.0,No Information,,No Information,No
3687,3687,Untouched,,Unknown,0.0,No Information,,No Information,No
3688,3688,Untouched,,Unknown,0.0,No Information,,No Information,No
3689,3689,Untouched,,Unknown,0.0,No Information,,No Information,No
3690,3690,Untouched,,Unknown,0.0,No Information,,No Information,No
3691,3691,Untouched,,Unknown,0.0,No Information,,No Information,No
3692,3692,Untouched,,Unknown,0.0,No Information,,No Information,No
3693,3693,Untouched,,Unknown,0.0,No Information,,No Information,No
3694,3694,Untouched,,Unknown,0.0,No Information,,No Information,No
3695,3695,Untouched,,Unknown,0.0,No Information,,No Information,No
3696,3696,Untouched,,Unknown,0.0,No Information,,No Information,No
3697,3697,Untouched,,Unknown,0.0,No Information,,No Information,No
3698,3698,Untouched,,Unknown,0.0,No Information,,No Information,No
3699,3699,Untouched,,Unknown,0.0,No Information,,No Information,No
3700,3700,Untouched,,Unknown,0.0,No Information,,No Information,No
3701,3701,Untouched,,Unknown,0.0,No Information,,No Information,No
3702,3702,Untouched,,Unknown,0.0,No Information,,No Information,No
3703,3703,Untouched,,Unknown,0.0,No Information,,No Information,No
3704,3704,Untouched,,Unknown,0.0,No Information,,No Information,No
3705,3705,Untouched,,Unknown,0.0,No Information,,No Information,No
3706,3706,Untouched,,Unknown,0.0,No Information,,No Information,No
3707,3707,Untouched,,Unknown,0.0,No Information,,No Information,No
3708,3708,Untouched,,Unknown,0.0,No Information,,No Information,No
3709,3709,Untouched,,Unknown,0.0,No Information,,No Information,No
3710,3710,Untouched,,Unknown,0.0,No Information,,No Information,No
3711,3711,Untouched,,Unknown,0.0,No Information,,No Information,No
3712,3712,Untouched,,Unknown,0.0,No Information,,No Information,No
3713,3713,Untouched,,Unknown,0.0,No Information,,No Information,No
3714,3714,Untouched,,Unknown,0.0,No Information,,No Information,No
3715,3715,Untouched,,Unknown,0.0,No Information,,No Information,No
3716,3716,Untouched,,Unknown,0.0,No Information,,No Information,No
3717,3717,Untouched,,Unknown,0.0,No Information,,No Information,No
3718,3718,Untouched,,Unknown,0.0,No Information,,No Information,No
3719,3719,Untouched,,Unknown,0.0,No Information,,No Information,No
3720,3720,Untouched,,Unknown,0.0,No Information,,No Information,No
3721,3721,Untouched,,Unknown,0.0,No Information,,No Information,No
3722,3722,Untouched,,Unknown,0.0,No Information,,No Information,No
3723,3723,Untouched,,Unknown,0.0,No Information,,No Information,No
3724,3724,Untouched,,Unknown,0.0,No Information,,No Information,No
3725,3725,Untouched,,Unknown,0.0,No Information,,No Information,No
3726,3726,Untouched,,Unknown,0.0,No Information,,No Information,No
3727,3727,Untouched,,Unknown,0.0,No Information,,No Information,No
3728,3728,Untouched,,Unknown,0.0,No Information,,No Information,No
3729,3729,Untouched,,Unknown,0.0,No Information,,No Information,No
3730,3730,Untouched,,Unknown,0.0,No Information,,No Information,No
3731,3731,Untouched,,Unknown,0.0,No Information,,No Information,No
3732,3732,Untouched,,Unknown,0.0,No Information,,No Information,No
3733,3733,Untouched,,Unknown,0.0,No Information,,No Information,No
3734,3734,Untouched,,Unknown,0.0,No Information,,No Information,No
3735,3735,Untouched,,Unknown,0.0,No Information,,No Information,No
3736,3736,Untouched,,Unknown,0.0,No Information,,No Information,No
3737,3737,Untouched,,Unknown,0.0,No Information,,No Information,No
3738,3738,Untouched,,Unknown,0.0,No Information,,No Information,No
3739,3739,Untouched,,Unknown,0.0,No Information,,No Information,No
3740,3740,Untouched,,Unknown,0.0,No Information,,No Information,No
3741,3741,Untouched,,Unknown,0.0,No Information,,No Information,No
3742,3742,Untouched,,Unknown,0.0,No Information,,No Information,No
3743,3743,Untouched,,Unknown,0.0,No Information,,No Information,No
3744,3744,Untouched,,Unknown,0.0,No Information,,No Information,No
3745,3745,Untouched,,Unknown,0.0,No Information,,No Information,No
3746,3746,Untouched,,Unknown,0.0,No Information,,No Information,No
3747,3747,Untouched,,Unknown,0.0,No Information,,No Information,No
3748,3748,Untouched,,Unknown,0.0,No Information,,No Information,No
3749,3749,Untouched,,Unknown,0.0,No Information,,No Information,No
3750,3750,Untouched,,Unknown,0.0,No Information,,No Information,No
3751,3751,Untouched,,Unknown,0.0,No Information,,No Information,No
3752,3752,Untouched,,Unknown,0.0,No Information,,No Information,No
3753,3753,Untouched,,Unknown,0.0,No Information,,No Information,No
3754,3754,Untouched,,Unknown,0.0,No Information,,No Information,No
3755,3755,Untouched,,Unknown,0.0,No Information,,No Information,No
3756,3756,Untouched,,Unknown,0.0,No Information,,No Information,No
3757,3757,Untouched,,Unknown,0.0,No Information,,No Information,No
3758,3758,Untouched,,Unknown,0.0,No Information,,No Information,No
3759,3759,Untouched,,Unknown,0.0,No Information,,No Information,No
3760,3760,Untouched,,Unknown,0.0,No Information,,No Information,No
3761,3761,Untouched,,Unknown,0.0,No Information,,No Information,No
3762,3762,Untouched,,Unknown,0.0,No Information,,No Information,No
3763,3763,Untouched,,Unknown,0.0,No Information,,No Information,No
3764,3764,Untouched,,Unknown,0.0,No Information,,No Information,No
3765,3765,Untouched,,Unknown,0.0,No Information,,No Information,No
3766,3766,Untouched,,Unknown,0.0,No Information,,No Information,No
3767,3767,Untouched,,Unknown,0.0,No Information,,No Information,No
3768,3768,Untouched,,Unknown,0.0,No Information,,No Information,No
3769,3769,Untouched,,Unknown,0.0,No Information,,No Information,No
3770,3770,Untouched,,Unknown,0.0,No Information,,No Information,No
3771,3771,Untouched,,Unknown,0.0,No Information,,No Information,No
3772,3772,Untouched,,Unknown,0.0,No Information,,No Information,No
3773,3773,Untouched,,Unknown,0.0,No Information,,No Information,No
3774,3774,Untouched,,Unknown,0.0,No Information,,No Information,No
3775,3775,Untouched,,Unknown,0.0,No Information,,No Information,No
3776,3776,Untouched,,Unknown,0.0,No Information,,No Information,No
3777,3777,Untouched,,Unknown,0.0,No Information,,No Information,No
3778,3778,Untouched,,Unknown,0.0,No Information,,No Information,No
3779,3779,Untouched,,Unknown,0.0,No Information,,No Information,No
3780,3780,Untouched,,Unknown,0.0,No Information,,No Information,No
3781,3781,Untouched,,Unknown,0.0,No Information,,No Information,No
3782,3782,Untouched,,Unknown,0.0,No Information,,No Information,No
3783,3783,Untouched,,Unknown,0.0,No Information,,No Information,No
3784,3784,Untouched,,Unknown,0.0,No Information,,No Information,No
3785,3785,Untouched,,Unknown,0.0,No Information,,No Information,No
3786,3786,Untouched,,Unknown,0.0,No Information,,No Information,No
3787,3787,Untouched,,Unknown,0.0,No Information,,No Information,No
3788,3788,Untouched,,Unknown,0.0,No Information,,No Information,No
3789,3789,Untouched,,Unknown,0.0,No Information,,No Information,No
3790,3790,Untouched,,Unknown,0.0,No Information,,No Information,No
3791,3791,Untouched,,Unknown,0.0,No Information,,No Information,No
3792,3792,Untouched,,Unknown,0.0,No Information,,No Information,No
3793,3793,Untouched,,Unknown,0.0,No Information,,No Information,No
3794,3794,Untouched,,Unknown,0.0,No Information,,No Information,No
3795,3795,Untouched,,Unknown,0.0,No Information,,No Information,No
3796,3796,Untouched,,Unknown,0.0,No Information,,No Information,No
3797,3797,Untouched,,Unknown,0.0,No Information,,No Information,No
3798,3798,Untouched,,Unknown,0.0,No Information,,No Information,No
3799,3799,Untouched,,Unknown,0.0,No Information,,No Information,No
3800,3800,Untouched,,Unknown,0.0,No Information,,No Information,No
3801,3801,Untouched,,Unknown,0.0,No Information,,No Information,No
3802,3802,Untouched,,Unknown,0.0,No Information,,No Information,No
3803,3803,Untouched,,Unknown,0.0,No Information,,No Information,No
3804,3804,Untouched,,Unknown,0.0,No Information,,No Information,No
3805,3805,Untouched,,Unknown,0.0,No Information,,No Information,No
3806,3806,Untouched,,Unknown,0.0,No Information,,No Information,No
3807,3807,Untouched,,Unknown,0.0,No Information,,No Information,No
3808,3808,Untouched,,Unknown,0.0,No Information,,No Information,No
3809,3809,Untouched,,Unknown,0.0,No Information,,No Information,No
3810,3810,Untouched,,Unknown,0.0,No Information,,No Information,No
3811,3811,Untouched,,Unknown,0.0,No Information,,No Information,No
3812,3812,Untouched,,Unknown,0.0,No Information,,No Information,No
3813,3813,Untouched,,Unknown,0.0,No Information,,No Information,No
3814,3814,Untouched,,Unknown,0.0,No Information,,No Information,No
3815,3815,Untouched,,Unknown,0.0,No Information,,No Information,No
3816,3816,Untouched,,Unknown,0.0,No Information,,No Information,No
3817,3817,Untouched,,Unknown,0.0,No Information,,No Information,No
3818,3818,Untouched,,Unknown,0.0,No Information,,No Information,No
3819,3819,Untouched,,Unknown,0.0,No Information,,No Information,No
3820,3820,Untouched,,Unknown,0.0,No Information,,No Information,No
3821,3821,Untouched,,Unknown,0.0,No Information,,No Information,No
3822,3822,Untouched,,Unknown,0.0,No Information,,No Information,No
3823,3823,Untouched,,Unknown,0.0,No Information,,No Information,No
3824,3824,Untouched,,Unknown,0.0,No Information,,No Information,No
3825,3825,Untouched,,Unknown,0.0,No Information,,No Information,No
3826,3826,Untouched,,Unknown,0.0,No Information,,No Information,No
3827,3827,Untouched,,Unknown,0.0,No Information,,No Information,No
3828,3828,Untouched,,Unknown,0.0,No Information,,No Information,No
3829,3829,Untouched,,Unknown,0.0,No Information,,No Information,No
3830,3830,Untouched,,Unknown,0.0,No Information,,No Information,No
3831,3831,Untouched,,Unknown,0.0,No Information,,No Information,No
3832,3832,Untouched,,Unknown,0.0,No Information,,No Information,No
3833,3833,Untouched,,Unknown,0.0,No Information,,No Information,No
3834,3834,Untouched,,Unknown,0.0,No Information,,No Information,No
3835,3835,Untouched,,Unknown,0.0,No Information,,No Information,No
3836,3836,Untouched,,Unknown,0.0,No Information,,No Information,No
3837,3837,Untouched,,Unknown,0.0,No Information,,No Information,No
3838,3838,Untouched,,Unknown,0.0,No Information,,No Information,No
3839,3839,Untouched,,Unknown,0.0,No Information,,No Information,No
3840,3840,Untouched,,Unknown,0.0,No Information,,No Information,No
3841,3841,Untouched,,Unknown,0.0,No Information,,No Information,No
3842,3842,Untouched,,Unknown,0.0,No Information,,No Information,No
3843,3843,Untouched,,Unknown,0.0,No Information,,No Information,No
3844,3844,Untouched,,Unknown,0.0,No Information,,No Information,No
3845,3845,Untouched,,Unknown,0.0,No Information,,No Information,No
3846,3846,Untouched,,Unknown,0.0,No Information,,No Information,No
3847,3847,Untouched,,Unknown,0.0,No Information,,No Information,No
3848,3848,Untouched,,Unknown,0.0,No Information,,No Information,No
3849,3849,Untouched,,Unknown,0.0,No Information,,No Information,No
3850,3850,Untouched,,Unknown,0.0,No Information,,No Information,No
3851,3851,Untouched,,Unknown,0.0,No Information,,No Information,No
3852,3852,Untouched,,Unknown,0.0,No Information,,No Information,No
3853,3853,Untouched,,Unknown,0.0,No Information,,No Information,No
3854,3854,Untouched,,Unknown,0.0,No Information,,No Information,No
3855,3855,Untouched,,Unknown,0.0,No Information,,No Information,No
3856,3856,Untouched,,Unknown,0.0,No Information,,No Information,No
3857,3857,Untouched,,Unknown,0.0,No Information,,No Information,No
3858,3858,Untouched,,Unknown,0.0,No Information,,No Information,No
3859,3859,Untouched,,Unknown,0.0,No Information,,No Information,No
3860,3860,Untouched,,Unknown,0.0,No Information,,No Information,No
3861,3861,Untouched,,Unknown,0.0,No Information,,No Information,No
3862,3862,Untouched,,Unknown,0.0,No Information,,No Information,No
3863,3863,Untouched,,Unknown,0.0,No Information,,No Information,No
3864,3864,Untouched,,Unknown,0.0,No Information,,No Information,No
3865,3865,Untouched,,Unknown,0.0,No Information,,No Information,No
3866,3866,Untouched,,Unknown,0.0,No Information,,No Information,No
3867,3867,Untouched,,Unknown,0.0,No Information,,No Information,No
3868,3868,Untouched,,Unknown,0.0,No Information,,No Information,No
3869,3869,Untouched,,Unknown,0.0,No Information,,No Information,No
3870,3870,Untouched,,Unknown,0.0,No Information,,No Information,No
3871,3871,Untouched,,Unknown,0.0,No Information,,No Information,No
3872,3872,Untouched,,Unknown,0.0,No Information,,No Information,No
3873,3873,Untouched,,Unknown,0.0,No Information,,No Information,No
3874,3874,Untouched,,Unknown,0.0,No Information,,No Information,No
3875,3875,Untouched,,Unknown,0.0,No Information,,No Information,No
3876,3876,Untouched,,Unknown,0.0,No Information,,No Information,No
3877,3877,Untouched,,Unknown,0.0,No Information,,No Information,No
3878,3878,Untouched,,Unknown,0.0,No Information,,No Information,No
3879,3879,Untouched,,Unknown,0.0,No Information,,No Information,No
3880,3880,Untouched,,Unknown,0.0,No Information,,No Information,No
3881,3881,Untouched,,Unknown,0.0,No Information,,No Information,No
3882,3882,Untouched,,Unknown,0.0,No Information,,No Information,No
3883,3883,Untouched,,Unknown,0.0,No Information,,No Information,No
3884,3884,Untouched,,Unknown,0.0,No Information,,No Information,No
3885,3885,Untouched,,Unknown,0.0,No Information,,No Information,No
3886,3886,Untouched,,Unknown,0.0,No Information,,No Information,No
3887,3887,Untouched,,Unknown,0.0,No Information,,No Information,No
3888,3888,Untouched,,Unknown,0.0,No Information,,No Information,No
3889,3889,Untouched,,Unknown,0.0,No Information,,No Information,No
3890,3890,Untouched,,Unknown,0.0,No Information,,No Information,No
3891,3891,Untouched,,Unknown,0.0,No Information,,No Information,No
3892,3892,Untouched,,Unknown,0.0,No Information,,No Information,No
3893,3893,Untouched,,Unknown,0.0,No Information,,No Information,No
3894,3894,Untouched,,Unknown,0.0,No Information,,No Information,No
3895,3895,Untouched,,Unknown,0.0,No Information,,No Information,No
3896,3896,Untouched,,Unknown,0.0,No Information,,No Information,No
3897,3897,Untouched,,Unknown,0.0,No Information,,No Information,No
3898,3898,Untouched,,Unknown,0.0,No Information,,No Information,No
3899,3899,Untouched,,Unknown,0.0,No Information,,No Information,No
3900,3900,Untouched,,Unknown,0.0,No Information,,No Information,No
3901,3901,Untouched,,Unknown,0.0,No Information,,No Information,No
3902,3902,Untouched,,Unknown,0.0,No Information,,No Information,No
3903,3903,Untouched,,Unknown,0.0,No Information,,No Information,No
3904,3904,Untouched,,Unknown,0.0,No Information,,No Information,No
3905,3905,Untouched,,Unknown,0.0,No Information,,No Information,No
3906,3906,Untouched,,Unknown,0.0,No Information,,No Information,No
3907,3907,Untouched,,Unknown,0.0,No Information,,No Information,No
3908,3908,Untouched,,Unknown,0.0,No Information,,No Information,No
3909,3909,Untouched,,Unknown,0.0,No Information,,No Information,No
3910,3910,Untouched,,Unknown,0.0,No Information,,No Information,No
3911,3911,Untouched,,Unknown,0.0,No Information,,No Information,No
3912,3912,Untouched,,Unknown,0.0,No Information,,No Information,No
3913,3913,Untouched,,Unknown,0.0,No Information,,No Information,No
3914,3914,Untouched,,Unknown,0.0,No Information,,No Information,No
3915,3915,Untouched,,Unknown,0.0,No Information,,No Information,No
3916,3916,Untouched,,Unknown,0.0,No Information,,No Information,No
3917,3917,Untouched,,Unknown,0.0,No Information,,No Information,No
3918,3918,Untouched,,Unknown,0.0,No Information,,No Information,No
3919,3919,Untouched,,Unknown,0.0,No Information,,No Information,No
3920,3920,Untouched,,Unknown,0.0,No Information,,No Information,No
3921,3921,Untouched,,Unknown,0.0,No Information,,No Information,No
3922,3922,Untouched,,Unknown,0.0,No Information,,No Information,No
3923,3923,Untouched,,Unknown,0.0,No Information,,No Information,No
3924,3924,Untouched,,Unknown,0.0,No Information,,No Information,No
3925,3925,Untouched,,Unknown,0.0,No Information,,No Information,No
3926,3926,Untouched,,Unknown,0.0,No Information,,No Information,No
3927,3927,Untouched,,Unknown,0.0,No Information,,No Information,No
3928,3928,Untouched,,Unknown,0.0,No Information,,No Information,No
3929,3929,Untouched,,Unknown,0.0,No Information,,No Information,No
3930,3930,Untouched,,Unknown,0.0,No Information,,No Information,No
3931,3931,Untouched,,Unknown,0.0,No Information,,No Information,No
3932,3932,Untouched,,Unknown,0.0,No Information,,No Information,No
3933,3933,Untouched,,Unknown,0.0,No Information,,No Information,No
3934,3934,Untouched,,Unknown,0.0,No Information,,No Information,No
3935,3935,Untouched,,Unknown,0.0,No Information,,No Information,No
3936,3936,Untouched,,Unknown,0.0,No Information,,No Information,No
3937,3937,Untouched,,Unknown,0.0,No Information,,No Information,No
3938,3938,Untouched,,Unknown,0.0,No Information,,No Information,No
3939,3939,Untouched,,Unknown,0.0,No Information,,No Information,No
3940,3940,Untouched,,Unknown,0.0,No Information,,No Information,No
3941,3941,Untouched,,Unknown,0.0,No Information,,No Information,No
3942,3942,Untouched,,Unknown,0.0,No Information,,No Information,No
3943,3943,Untouched,,Unknown,0.0,No Information,,No Information,No
3944,3944,Untouched,,Unknown,0.0,No Information,,No Information,No
3945,3945,Untouched,,Unknown,0.0,No Information,,No Information,No
3946,3946,Untouched,,Unknown,0.0,No Information,,No Information,No
3947,3947,Untouched,,Unknown,0.0,No Information,,No Information,No
3948,3948,Untouched,,Unknown,0.0,No Information,,No Information,No
3949,3949,Untouched,,Unknown,0.0,No Information,,No Information,No
3950,3950,Untouched,,Unknown,0.0,No Information,,No Information,No
3951,3951,Untouched,,Unknown,0.0,No Information,,No Information,No
3952,3952,Untouched,,Unknown,0.0,No Information,,No Information,No
3953,3953,Untouched,,Unknown,0.0,No Information,,No Information,No
3954,3954,Untouched,,Unknown,0.0,No Information,,No Information,No
3955,3955,Untouched,,Unknown,0.0,No Information,,No Information,No
3956,3956,Untouched,,Unknown,0.0,No Information,,No Information,No
3957,3957,Untouched,,Unknown,0.0,No Information,,No Information,No
3958,3958,Untouched,,Unknown,0.0,No Information,,No Information,No
3959,3959,Untouched,,Unknown,0.0,No Information,,No Information,No
3960,3960,Untouched,,Unknown,0.0,No Information,,No Information,No
3961,3961,Untouched,,Unknown,0.0,No Information,,No Information,No
3962,3962,Untouched,,Unknown,0.0,No Information,,No Information,No
3963,3963,Untouched,,Unknown,0.0,No Information,,No Information,No
3964,3964,Untouched,,Unknown,0.0,No Information,,No Information,No
3965,3965,Untouched,,Unknown,0.0,No Information,,No Information,No
3966,3966,Untouched,,Unknown,0.0,No Information,,No Information,No
3967,3967,Untouched,,Unknown,0.0,No Information,,No Information,No
3968,3968,Call >72Hr,,Ambili,187.0,No Information,,No Information,No
3969,3969,Untouched,,Unknown,0.0,No Information,,No Information,No
3970,3970,Untouched,,Unknown,0.0,No Information,,No Information,No
3971,3971,Untouched,,Unknown,0.0,No Information,,No Information,No
3972,3972,Untouched,,Unknown,0.0,No Information,,No Information,No
3973,3973,Untouched,,Unknown,0.0,No Information,,No Information,No
3974,3974,Untouched,,Unknown,0.0,No Information,,No Information,No
3975,3975,Untouched,,Unknown,0.0,No Information,,No Information,No
3976,3976,Untouched,,Unknown,0.0,No Information,,No Information,No
3977,3977,Untouched,,Unknown,0.0,No Information,,No Information,No
3978,3978,Untouched,,Unknown,0.0,No Information,,No Information,No
3979,3979,Untouched,,Unknown,0.0,No Information,,No Information,No
3980,3980,Untouched,,Unknown,0.0,No Information,,No Information,No
3981,3981,Untouched,,Unknown,0.0,No Information,,No Information,No
3982,3982,Untouched,,Unknown,0.0,No Information,,No Information,No
3983,3983,Untouched,,Unknown,0.0,No Information,,No Information,No
3984,3984,Untouched,,Unknown,0.0,No Information,,No Information,No
3985,3985,Untouched,,Unknown,0.0,No Information,,No Information,No
3986,3986,Untouched,,Unknown,0.0,No Information,,No Information,No
3987,3987,Untouched,,Unknown,0.0,No Information,,No Information,No
3988,3988,Untouched,,Unknown,0.0,No Information,,No Information,No
3989,3989,Untouched,,Unknown,0.0,No Information,,No Information,No
3990,3990,Untouched,,Unknown,0.0,No Information,,No Information,No
3991,3991,Untouched,,Unknown,0.0,No Information,,No Information,No
3992,3992,Untouched,,Unknown,0.0,No Information,,No Information,No
3993,3993,Untouched,,Unknown,0.0,No Information,,No Information,No
3994,3994,Untouched,,Unknown,0.0,No Information,,No Information,No
3995,3995,Untouched,,Unknown,0.0,No Information,,No Information,No
3996,3996,Untouched,,Unknown,0.0,No Information,,No Information,No
3997,3997,Untouched,,Unknown,0.0,No Information,,No Information,No
3998,3998,Untouched,,Unknown,0.0,No Information,,No Information,No
3999,3999,Untouched,,Unknown,0.0,No Information,,No Information,No
4000,4000,Untouched,,Unknown,0.0,No Information,,No Information,No
4001,4001,Untouched,,Unknown,0.0,No Information,,No Information,No
4002,4002,Untouched,,Unknown,0.0,No Information,,No Information,No
4003,4003,Untouched,,Unknown,0.0,No Information,,No Information,No
4004,4004,Untouched,,Unknown,0.0,No Information,,No Information,No
4005,4005,Untouched,,Unknown,0.0,No Information,,No Information,No
4006,4006,Untouched,,Unknown,0.0,No Information,,No Information,No
4007,4007,Untouched,,Unknown,0.0,No Information,,No Information,No
4008,4008,Untouched,,Unknown,0.0,No Information,,No Information,No
4009,4009,Untouched,,Unknown,0.0,No Information,,No Information,No
4010,4010,Untouched,,Unknown,0.0,No Information,,No Information,No
4011,4011,Untouched,,Unknown,0.0,No Information,,No Information,No
4012,4012,Untouched,,Unknown,0.0,No Information,,No Information,No
4013,4013,Untouched,,Unknown,0.0,No Information,,No Information,No
4014,4014,Untouched,,Unknown,0.0,No Information,,No Information,No
4015,4015,Untouched,,Unknown,0.0,No Information,,No Information,No
4016,4016,Untouched,,Unknown,0.0,No Information,,No Information,No
4017,4017,Untouched,,Unknown,0.0,No Information,,No Information,No
4018,4018,Untouched,,Unknown,0.0,No Information,,No Information,No
4019,4019,Untouched,,Unknown,0.0,No Information,,No Information,No
4020,4020,Untouched,,Unknown,0.0,No Information,,No Information,No
4021,4021,Untouched,,Unknown,0.0,No Information,,No Information,No
4022,4022,Untouched,,Unknown,0.0,No Information,,No Information,No
4023,4023,Untouched,,Unknown,0.0,No Information,,No Information,No
4024,4024,Untouched,,Unknown,0.0,No Information,,No Information,No
4025,4025,Untouched,,Unknown,0.0,No Information,,No Information,No
4026,4026,Untouched,,Unknown,0.0,No Information,,No Information,No
4027,4027,Untouched,,Unknown,0.0,No Information,,No Information,No
4028,4028,Untouched,,Unknown,0.0,No Information,,No Information,No
4029,4029,Untouched,,Unknown,0.0,No Information,,No Information,No
4030,4030,Untouched,,Unknown,0.0,No Information,,No Information,No
4031,4031,Untouched,,Unknown,0.0,No Information,,No Information,No
4032,4032,Untouched,,Unknown,0.0,No Information,,No Information,No
4033,4033,Untouched,,Unknown,0.0,No Information,,No Information,No
4034,4034,Untouched,,Unknown,0.0,No Information,,No Information,No
4035,4035,Untouched,,Unknown,0.0,No Information,,No Information,No
4036,4036,Untouched,,Unknown,0.0,No Information,,No Information,No
4037,4037,Untouched,,Unknown,0.0,No Information,,No Information,No
4038,4038,Untouched,,Unknown,0.0,No Information,,No Information,No
4039,4039,Untouched,,Unknown,0.0,No Information,,No Information,No
4040,4040,Untouched,,Unknown,0.0,No Information,,No Information,No
4041,4041,Untouched,,Unknown,0.0,No Information,,No Information,No
4042,4042,Untouched,,Unknown,0.0,No Information,,No Information,No
4043,4043,Untouched,,Unknown,0.0,No Information,,No Information,No
4044,4044,Untouched,,Unknown,0.0,No Information,,No Information,No
4045,4045,Untouched,,Unknown,0.0,No Information,,No Information,No
4046,4046,Untouched,,Unknown,0.0,No Information,,No Information,No
4047,4047,Untouched,,Unknown,0.0,No Information,,No Information,No
4048,4048,Untouched,,Unknown,0.0,No Information,,No Information,No
4049,4049,Untouched,,Unknown,0.0,No Information,,No Information,No
4050,4050,Untouched,,Unknown,0.0,No Information,,No Information,No
4051,4051,Untouched,,Unknown,0.0,No Information,,No Information,No
4052,4052,Untouched,,Unknown,0.0,No Information,,No Information,No
4053,4053,Untouched,,Unknown,0.0,No Information,,No Information,No
4054,4054,Call >72Hr,,nafi,46.0,No Information,,No Information,No
4055,4055,Unknown,,nafi,0.0,No Information,,all ippo vere insitutill ai course cheyind . all athintte kude cioud computing kudii nokunind // rnp,No
4056,4056,Call >72Hr,,nafi,0.0,No Information,2026-01-08,"all dat analiyts ann nokkunne ,alla frds cloud ann nokkunne ellarum kudii ore insitute thanne join cheyan ann plan, details aychind , nokkitt parayam enn ann paranjethg//rnp// rnp wtsp no response",No
4057,4057,Unknown,,nafi,201.0,No Information,,"All course nokind, palakad ann place frdum kudii ind so details nokkitt ann parayan enn paranju, next week hub visit varam enn paranjuu",No
4058,4058,Call >72Hr,,Rincy,0.0,No Information,,25n rnp..............ok aan 6 peer nd 3 week paranj kodthittund....sir vilich vere keeri enn,No
4059,4059,Untouched,,Unknown,0.0,No Information,,No Information,No
4060,4060,Untouched,,Unknown,0.0,No Information,,No Information,No
4061,4061,Untouched,,Unknown,0.0,No Information,,No Information,No
4062,4062,Untouched,,Unknown,0.0,No Information,,No Information,No
4063,4063,Call >72Hr,,nafi,28.0,No Information,,No Information,No
4064,4064,Call >72Hr,,nafi,45.0,No Information,,No Information,No
4065,4065,Call >72Hr,,nafi,56.0,No Information,,No Information,No
4066,4066,Call >72Hr,,nafi,56.0,No Information,,No Information,No
4067,4067,Call >72Hr,,nafi,36.0,No Information,,No Information,No
4068,4068,Unknown,,nafi,0.0,No Information,,all ippo ore wedding ann so details wtsp cheyan paranju// rnp try to connect on  wtsp,No
4069,4069,Call >72Hr,,nafi,83.0,No Information,,No Information,No
4070,4070,Call >72Hr,,nafi,36.0,No Information,,No Information,No
4071,4071,Untouched,,Unknown,0.0,No Information,,No Information,No
4072,4072,Untouched,,Unknown,0.0,No Information,,No Information,No
4073,4073,Untouched,,Unknown,0.0,No Information,,No Information,No
4074,4074,Untouched,,Unknown,0.0,No Information,,No Information,No
4075,4075,Call >72Hr,,nafi,33.0,No Information,,No Information,No
4076,4076,Call >72Hr,,nafi,36.0,No Information,,No Information,No
4077,4077,Unknown,,nafi,0.0,No Information,2026-01-08,switch of try to connect on wtsp// rnp,No
4078,4078,Call >72Hr,,nafi,0.0,No Information,,No Information,No
4079,4079,Untouched,,Unknown,0.0,No Information,,No Information,No
4080,4080,Untouched,,Unknown,0.0,No Information,,No Information,No
4081,4081,Untouched,,Unknown,0.0,No Information,,No Information,No
4082,4082,Untouched,,Unknown,0.0,No Information,,No Information,No
4083,4083,Untouched,,Unknown,0.0,No Information,,No Information,No
4084,4084,Untouched,,Unknown,0.0,No Information,,No Information,No
4085,4085,Untouched,,Unknown,0.0,No Information,,No Information,No
4086,4086,Untouched,,Unknown,0.0,No Information,,No Information,No
4087,4087,Untouched,,Unknown,0.0,No Information,,No Information,No
4088,4088,Untouched,,Unknown,0.0,No Information,,No Information,No
4089,4089,Untouched,,Unknown,0.0,No Information,,No Information,No
4090,4090,Untouched,,Unknown,0.0,No Information,,No Information,No
4091,4091,Untouched,,Unknown,0.0,No Information,,No Information,No
4092,4092,Untouched,,Unknown,0.0,No Information,,No Information,No
4093,4093,Untouched,,Unknown,0.0,No Information,,No Information,No
4094,4094,Untouched,,Unknown,0.0,No Information,,No Information,No
4095,4095,Untouched,,Unknown,0.0,No Information,,No Information,No
4096,4096,Untouched,,Unknown,0.0,No Information,,No Information,No
4097,4097,Untouched,,Unknown,0.0,No Information,,No Information,No
4098,4098,Untouched,,Unknown,0.0,No Information,,No Information,No
4099,4099,Untouched,,Unknown,0.0,No Information,,No Information,No
4100,4100,Untouched,,Unknown,0.0,No Information,,No Information,No
4101,4101,Untouched,,Unknown,0.0,No Information,,No Information,No
4102,4102,Untouched,,Unknown,0.0,No Information,,No Information,No
4103,4103,Untouched,,Unknown,0.0,No Information,,No Information,No
4104,4104,Untouched,,Unknown,0.0,No Information,,No Information,No
4105,4105,Untouched,,Unknown,0.0,No Information,,No Information,No
4106,4106,Untouched,,Unknown,0.0,No Information,,No Information,No
4107,4107,Untouched,,Unknown,0.0,No Information,,No Information,No
4108,4108,Untouched,,Unknown,0.0,No Information,,No Information,No
4109,4109,Call >72Hr,,nafi,0.0,No Information,,No Information,No
4110,4110,Untouched,,Unknown,0.0,No Information,,No Information,No
4111,4111,Untouched,,Unknown,0.0,No Information,,No Information,No
4112,4112,Untouched,,Unknown,0.0,No Information,,No Information,No
4113,4113,Untouched,,Unknown,0.0,No Information,,No Information,No
4114,4114,Untouched,,Unknown,0.0,No Information,,No Information,No
4115,4115,Untouched,,Unknown,0.0,No Information,,No Information,No
4116,4116,Untouched,,Unknown,0.0,No Information,,No Information,No
4117,4117,Untouched,,Unknown,0.0,No Information,,No Information,No
4118,4118,Untouched,,Unknown,0.0,No Information,,No Information,No
4119,4119,Untouched,,Unknown,0.0,No Information,,No Information,No
4120,4120,Untouched,,Unknown,0.0,No Information,,No Information,No
4121,4121,Untouched,,Unknown,0.0,No Information,,No Information,No
4122,4122,Untouched,,Unknown,0.0,No Information,,No Information,No
4123,4123,Untouched,,Unknown,0.0,No Information,,No Information,No
4124,4124,Untouched,,Unknown,0.0,No Information,,No Information,No
4125,4125,Untouched,,Unknown,0.0,No Information,,No Information,No
4126,4126,Untouched,,Unknown,0.0,No Information,,No Information,No
4127,4127,Untouched,,Unknown,0.0,No Information,,No Information,No
4128,4128,Untouched,,Unknown,0.0,No Information,,No Information,No
4129,4129,Untouched,,Unknown,0.0,No Information,,No Information,No
4130,4130,Untouched,,Unknown,0.0,No Information,,No Information,No
4131,4131,Untouched,,Unknown,0.0,No Information,,No Information,No
4132,4132,Untouched,,Unknown,0.0,No Information,,No Information,No
4133,4133,Untouched,,Unknown,0.0,No Information,,No Information,No
4134,4134,Untouched,,Unknown,0.0,No Information,,No Information,No
4135,4135,Untouched,,Unknown,0.0,No Information,,No Information,No
4136,4136,Untouched,,Unknown,0.0,No Information,,No Information,No
4137,4137,Untouched,,Unknown,0.0,No Information,,No Information,No
4138,4138,Untouched,,Unknown,0.0,No Information,,No Information,No
4139,4139,Untouched,,Unknown,0.0,No Information,,No Information,No
4140,4140,Untouched,,Unknown,0.0,No Information,,No Information,No
4141,4141,Untouched,,Unknown,0.0,No Information,,No Information,No
4142,4142,Untouched,,Unknown,0.0,No Information,,No Information,No
4143,4143,Untouched,,Unknown,0.0,No Information,,No Information,No
4144,4144,Untouched,,Unknown,0.0,No Information,,No Information,No
4145,4145,Untouched,,Unknown,0.0,No Information,,No Information,No
4146,4146,Untouched,,Unknown,0.0,No Information,,No Information,No
4147,4147,Untouched,,Unknown,0.0,No Information,,No Information,No
4148,4148,Untouched,,Unknown,0.0,No Information,,No Information,No
4149,4149,Untouched,,Unknown,0.0,No Information,,No Information,No
4150,4150,Untouched,,Unknown,0.0,No Information,,No Information,No
4151,4151,Untouched,,Unknown,0.0,No Information,,No Information,No
4152,4152,Untouched,,Unknown,0.0,No Information,,No Information,No
4153,4153,Untouched,,Unknown,0.0,No Information,,No Information,No
4154,4154,Untouched,,Unknown,0.0,No Information,,No Information,No
4155,4155,Untouched,,Unknown,0.0,No Information,,No Information,No
4156,4156,Untouched,,Unknown,0.0,No Information,,No Information,No
4157,4157,Untouched,,Unknown,0.0,No Information,,No Information,No
4158,4158,Untouched,,Unknown,0.0,No Information,,No Information,No
4159,4159,Untouched,,Unknown,0.0,No Information,,No Information,No
4160,4160,Untouched,,Unknown,0.0,No Information,,No Information,No
4161,4161,Untouched,,Unknown,0.0,No Information,,No Information,No
4162,4162,Untouched,,Unknown,0.0,No Information,,No Information,No
4163,4163,Untouched,,Unknown,0.0,No Information,,No Information,No
4164,4164,Untouched,,Unknown,0.0,No Information,,No Information,No
4165,4165,Untouched,,Unknown,0.0,No Information,,No Information,No
4166,4166,Untouched,,Unknown,0.0,No Information,,No Information,No
4167,4167,Untouched,,Unknown,0.0,No Information,,No Information,No
4168,4168,Untouched,,Unknown,0.0,No Information,,No Information,No
4169,4169,Untouched,,Unknown,0.0,No Information,,No Information,No
4170,4170,Untouched,,Unknown,0.0,No Information,,No Information,No
4171,4171,Untouched,,Unknown,0.0,No Information,,No Information,No
4172,4172,Untouched,,Unknown,0.0,No Information,,No Information,No
4173,4173,Untouched,,Unknown,0.0,No Information,,No Information,No
4174,4174,Call >24Hr,2026-11-07,Ambili,864.0,No Information,,No Information,No
4175,4175,Untouched,,Unknown,0.0,No Information,,No Information,No
4176,4176,Untouched,,Unknown,0.0,No Information,,No Information,No
4177,4177,Untouched,,Unknown,0.0,No Information,,No Information,No
4178,4178,Untouched,,Unknown,0.0,No Information,,No Information,No
4179,4179,Untouched,,Unknown,0.0,No Information,,No Information,No
4180,4180,Untouched,,Unknown,0.0,No Information,,No Information,No
4181,4181,Untouched,,Unknown,0.0,No Information,,No Information,No
4182,4182,Untouched,,Unknown,0.0,No Information,,No Information,No
4183,4183,Untouched,,Unknown,0.0,No Information,,No Information,No
4184,4184,Untouched,,Unknown,0.0,No Information,,No Information,No
4185,4185,Untouched,,Unknown,0.0,No Information,,No Information,No
4186,4186,Untouched,,Unknown,0.0,No Information,,No Information,No
4187,4187,Untouched,,Unknown,0.0,No Information,,No Information,No
4188,4188,Untouched,,Unknown,0.0,No Information,,No Information,No
4189,4189,Untouched,,Unknown,0.0,No Information,,No Information,No
4190,4190,Untouched,,Unknown,0.0,No Information,,No Information,No
4191,4191,Untouched,,Unknown,0.0,No Information,,No Information,No
4192,4192,Untouched,,Unknown,0.0,No Information,,No Information,No
4193,4193,Untouched,,Unknown,0.0,No Information,,No Information,No
4194,4194,Untouched,,Unknown,0.0,No Information,,No Information,No
4195,4195,Untouched,,Unknown,0.0,No Information,,No Information,No
4196,4196,Untouched,,Unknown,0.0,No Information,,No Information,No
4197,4197,Untouched,,Unknown,0.0,No Information,,No Information,No
4198,4198,Untouched,,Unknown,0.0,No Information,,No Information,No
4199,4199,Untouched,,Unknown,0.0,No Information,,No Information,No
4200,4200,Untouched,,Unknown,0.0,No Information,,No Information,No
4201,4201,Untouched,,Unknown,0.0,No Information,,No Information,No
4202,4202,Untouched,,Unknown,0.0,No Information,,No Information,No
4203,4203,Untouched,,Unknown,0.0,No Information,,No Information,No
4204,4204,Untouched,,Unknown,0.0,No Information,,No Information,No
4205,4205,Untouched,,Unknown,0.0,No Information,,No Information,No
4206,4206,Untouched,,Unknown,0.0,No Information,,No Information,No
4207,4207,Untouched,,Unknown,0.0,No Information,,No Information,No
4208,4208,Untouched,,Unknown,0.0,No Information,,No Information,No
4209,4209,Untouched,,Unknown,0.0,No Information,,No Information,No
4210,4210,Untouched,,Unknown,0.0,No Information,,No Information,No
4211,4211,Untouched,,Unknown,0.0,No Information,,No Information,No
4212,4212,Untouched,,Unknown,0.0,No Information,,No Information,No
4213,4213,Untouched,,Unknown,0.0,No Information,,No Information,No
4214,4214,Untouched,,Unknown,0.0,No Information,,No Information,No
4215,4215,Untouched,,Unknown,0.0,No Information,,No Information,No
4216,4216,Untouched,,Unknown,0.0,No Information,,No Information,No
4217,4217,Untouched,,Unknown,0.0,No Information,,No Information,No
4218,4218,Untouched,,Unknown,0.0,No Information,,No Information,No
4219,4219,Untouched,,Unknown,0.0,No Information,,No Information,No
4220,4220,Untouched,,Unknown,0.0,No Information,,No Information,No
4221,4221,Untouched,,Unknown,0.0,No Information,,No Information,No
4222,4222,Untouched,,Unknown,0.0,No Information,,No Information,No
4223,4223,Untouched,,Unknown,0.0,No Information,,No Information,No
4224,4224,Untouched,,Unknown,0.0,No Information,,No Information,No
4225,4225,Untouched,,Unknown,0.0,No Information,,No Information,No
4226,4226,Untouched,,Unknown,0.0,No Information,,No Information,No
4227,4227,Call >72Hr,,Bridgeon Admin,0.0,No Information,2026-03-08,cloud computing bca kayinju///29n nokeella ////2n rnp//4n cheerunnilla enn paranju,Yes
4228,4228,Untouched,,Unknown,0.0,No Information,,No Information,No
4229,4229,Untouched,,Unknown,0.0,No Information,,No Information,No
4230,4230,Untouched,,Unknown,0.0,No Information,,No Information,No
4231,4231,Untouched,,Unknown,0.0,No Information,,No Information,No
4232,4232,Untouched,,Unknown,0.0,No Information,,No Information,No
4233,4233,Untouched,,Unknown,0.0,No Information,,No Information,No
4234,4234,Untouched,,Unknown,0.0,No Information,,No Information,No
4235,4235,Untouched,,Unknown,0.0,No Information,,No Information,No
4236,4236,Untouched,,Unknown,0.0,No Information,,No Information,No
4237,4237,Untouched,,Unknown,0.0,No Information,,No Information,No
4238,4238,Untouched,,Unknown,0.0,No Information,,No Information,No
4239,4239,Untouched,,Unknown,0.0,No Information,,No Information,No
4240,4240,Untouched,,Unknown,0.0,No Information,,No Information,No
4241,4241,Untouched,,Unknown,0.0,No Information,,No Information,No
4242,4242,Untouched,,Unknown,0.0,No Information,,No Information,No
4243,4243,Untouched,,Unknown,0.0,No Information,,No Information,No
4244,4244,Untouched,,Unknown,0.0,No Information,,No Information,No
4245,4245,Untouched,,Unknown,0.0,No Information,,No Information,No
4246,4246,Untouched,,Unknown,0.0,No Information,,No Information,No
4247,4247,Untouched,,Unknown,0.0,No Information,,No Information,No
4248,4248,Untouched,,Unknown,0.0,No Information,,No Information,No
4249,4249,Call <8Hr,,Sanju,0.0,No Information,,details shared aanu vtil choikate aloikate ennanu paranje,No
4250,4250,Call <4Hr,,Rincy,21.0,No Information,,"10n rnp msged.//plus 2 padichond nikuvan online aan nokne///11n rnp///13n msged/15n  msged/,,/22n rnp///29n rn//30n nokkunnilla",No
4251,4251,Untouched,,Unknown,0.0,No Information,,No Information,No
4252,4252,Untouched,,Unknown,0.0,No Information,,No Information,No
4253,4253,Untouched,,Unknown,0.0,No Information,,No Information,No
4254,4254,Call <24Hr,,Ambili,0.0,No Information,2026-12-08,"fver aan so sugella kasrkode aan veed,
busy, phone edkknilla, plstwo commerce
CALL edkknilla",No
4255,4255,Call <24Hr,,Ambili,106.0,No Information,,"plstwo kazhinj coolbaril nikkaan vilikkumbo shopil povan nikkaan, mnjeri veed bsy
confused aan diploma edkknonn",No
4256,4256,Call >72Hr,2026-06-08,Rincy,12.0,No Information,2026-06-08,//13n rnp/14n rnp/15n  rnp//16n rnp...short term course aan veendath ui ux details ayakan paranju//24n rnp///29n rnp//30n rnp///6n,No
4257,4257,Call <24Hr,2026-10-07,Sanju,0.0,No Information,,"watsapp call details pitch chythitiila followup il aan
no incoming
whatsapp update aan",No
4258,4258,Call >72Hr,,Sumayya,0.0,No Information,,"10n rnp..vilichu msg ayakan paranju///11n monday varam//13n rnp/14n rnp//16n rnp///18n rnp...19n rnp incomming call illa23n rnp same///29n rnp same//5n rnp 

7/8//nala contact cheyyooo// 8/8//rnp./2/
11/8//rnp/2/  13/8//rnp/2/",No
4259,4259,Call <24Hr,2026-10-07,Ambili,118.0,No Information,,already mern stack devlpr aan enquiry cheydhehd alla,No
4260,4260,Call <24Hr,,Rincy,0.0,No Information,,10n rnp//bc aanenn///11n rnp//13n rnp/15n  rnp,No
4261,4261,Call <24Hr,2026-10-07,Ambili,61.0,No Information,,No Information,No
4262,4262,Untouched,,Unknown,0.0,No Information,,No Information,No
4263,4263,Call < 5 mins,2026-09-08,Najiya,0.0,No Information,,"visited kochi hub ,interested,he is kasarkode,kochi prefered,july 22 oru exam und",No
4264,4264,Call < 30 mins,,Sanju,0.0,No Information,,"tamil aan no incoming aan whatsapp connected 
whatsapp msging",No
4265,4265,Call <4Hr,,Najiya,11.0,No Information,2026-04-09,"chaliyam ,data anaytics enquiry,inform later,uiux interested,calling husband ,he is",No
4266,4266,Call <4Hr,2026-09-07,Sanju,165.0,No Information,,to bcom select chythathaan verte register chythathaanu,No
4267,4267,Call < 5 mins,2026-06-08,Najiya,33.0,No Information,2026-06-08,"He is kohinoor,diploma Ec,he is friend aksh placed ,interested ,inform after buying lab",No
4268,4268,Call < 45 mins,2026-09-07,Ambili,544.0,No Information,,ippo btech 4th veed mnjeri jst ariyan vendittan ippzhthek alla,No
4269,4269,Call < 5 mins,2026-09-07,Ambili,14.0,No Information,,No Information,No
4270,4270,Call <4Hr,2026-09-07,Sanju,141.0,No Information,,degree last yr aan online pitch chythnoki apo verte register chythathaan nn pranje,No
4271,4271,Call <4Hr,,Ambili,121.0,No Information,,No Information,No
4272,4272,Call <4Hr,2026-01-08,Najiya,0.0,No Information,2026-01-08,"Btech doing 4th year,ds aiml enquiry ,not decide offline  or online",No
4273,4273,Call < 15 mins,2026-01-08,Najiya,0.0,No Information,2026-06-08,"He is working Accounting field 3 years,resign job interested develpoment course ,visit hub immediately",No
4274,4274,Call <4Hr,2026-09-07,Sanju,0.0,No Information,2026-10-07,rnp,No
4275,4275,Call < 5 mins,,Najiya,44.0,No Information,,"kodakkad,direct walk in ,data anaytics enquiry,kinfrayil vannathanu ella institute nokunnund ,security paranju koduthathanu,fee prblm uiux enquiry",No
4276,4276,Call < 5 mins,,Najiya,30.0,No Information,,"Ayisha frnd,intersted ,pg rooms set after inform",No
4277,4277,Call <4Hr,2026-09-07,Sanju,6.0,No Information,2026-10-07,rnp whatsap msgd,No
4278,4278,Call <4Hr,2026-09-07,Bridgeon Admin,35.0,No Information,,Ba english,No
4279,4279,Call <8Hr,,Sanju,0.0,No Information,,"samsarikan pateela hsptl case aayt nikan nale vilikam ennanu paranje
rnp
rnp
details shared aan one week il parayam ennanu paranjath",No
4280,4280,Call <4Hr,2026-09-07,Ambili,0.0,No Information,2026-10-07,No Information,No
4281,4281,Call < 30 mins,2026-09-07,Ambili,207.0,No Information,2026-10-07,No Information,No
4282,4282,Call <8Hr,,Sanju,3.0,No Information,,details shared aan vere institute um nokitund monday hub visit aan ivde medical college aan veed,No
4283,4283,Call < 30 mins,,Najiya,0.0,No Information,,"Ba english,koyilandy,no idea about it course,details ayachittund",No
4284,4284,Call < 30 mins,2026-11-07,Ambili,0.0,No Information,2026-10-07,busy ippo islam studies plus dgree cheyyunnu veed kannur dig mrktng aan nokkunnedh,No
4285,4285,Call < 45 mins,2026-11-07,Ambili,0.0,No Information,,No Information,No
4286,4286,Call < 30 mins,,Najiya,131.0,No Information,2026-05-10,"degree bca jain unuvercity 2nd year doing ,free lance working ethic hacking working,developmentil ethu edukunnathanu better, python ano better,he is mandgalappuram",No
4287,4287,Call < 5 mins,,Najiya,0.0,No Information,2026-04-09,"edavanna, coding course enquiry,call cutt ayi poyi,gtech join python course",No
4288,4288,Call < 30 mins,,Rincy,0.0,No Information,,rnp10n rnp msged///11n rnp/14n rnp/15n  rnp//17n rnp,No
4289,4289,Call <8Hr,,Sanju,3.0,No Information,,driving  ilaan call back aan paranje,No
4290,4290,Call <4Hr,2026-09-07,Ambili,73.0,No Information,,ipo btech padikkaan al nokkittillaannan parayunnedh,No
4291,4291,Call >72Hr,2026-08-08,Rincy,24.0,No Information,2026-07-08,"+2 kayinju neet try aakii but no hope tryinf gto new fieldd
like a institute..........nokeella hassan alla shahal aanenn paranju",No
4292,4292,Call <24Hr,,Sanju,4.0,No Information,,"onn ipo purathaanu ennan paranje 10 avum veed ethan so nale contact chyam ennan paranje
vilikam vilikam ennanu parayane
family mrg nte thirakanu",No
4293,4293,Call <4Hr,,Ambili,0.0,No Information,,"tirur aan veed e varsham bcom kazhinju crse edhedkknm confusionl aan ippo ather shwroomil wrkeyyunnu
busy, triplaan
intrstd aan",No
4294,4294,Call <4Hr,2026-06-08,Sumayya,0.0,No Information,,bca kayinju/thrissurrr//,No
4295,4295,Call <4Hr,2026-09-07,Ambili,19.0,No Information,2026-10-07,No Information,No
4296,4296,Call <4Hr,,Rincy,1.0,No Information,,"bc aan oru steel company work cheyyunnu ba economics kayinju kasargod aan veed pinne vilikam msg ayakan oaranj call cut aaki///10n rnp///11n rnp////////15n  rnp/,,/22n rnp",No
4297,4297,Call <24Hr,2026-09-07,Sanju,3385.0,No Information,,26 yrs old mother aan register chythe details shared aan but no hope kore doubt ind kore clear chythu pinem doubt,No
4298,4298,Call <8Hr,2026-11-07,Ambili,0.0,No Information,,No Information,No
4299,4299,Call <8Hr,2026-02-09,Sumayya,0.0,No Information,2026-05-09,"rnp/2 rnp/3  edukm mindathe irikkm//rnp/5
14/8//vtll onnuudii samsarikanmmm//pani okkee ayyoond annn responsd chyynd irinnath  18/8/RNP/2  20/8//bad situation frnd suicide chythitta ullee so he is also deppresd      2//9//eduthu cut aaki/rnp thnn",No
4300,4300,Untouched,,Sanju,42.0,No Information,,"+1 drop chythu 21 yrs old ipo nios ezhuthan nokind but enrol chythitilla kochi lu juice shop nadathaanu pitch chythind fee paranjitilla baaki followup aan
ipo nokunila 2 mnths kazhiyum shop il aal illathondu",No
4301,4301,Call <8Hr,,Rincy,16.0,No Information,,"rnp///10n rnp...msg ayachkn//bc aan parayam enn paranju/15n  rnp//17n rnp /,,/22n rnp//25n vere keeri accounting",No
4302,4302,Call <24Hr,2026-09-07,Sanju,74.0,No Information,2026-10-07,degree completed in bvock ntho business oke chyind paranju vilika nn paranj cut aakan chythe,No
4303,4303,Call <24Hr,,Ambili,3.0,No Information,,brthrn vendittan brthr oru hotel mngmnt crse drpeydh nikkaan veed tvm aan,No
4304,4304,Call <24Hr,2026-11-08,Sumayya,0.0,No Information,,+2 kyinju 1 yr gap eduthuu//wayanad aan place/cheriya job okke cjhythind//2 brothers ind/acahn ammaa//,No
4305,4305,Call <24Hr,,Sanju,111.0,No Information,,"details shared aanu bca complete 500 aan pitch chythekne foundation nu baki followup aan
whatsap followup",No
4306,4306,Call <24Hr,2026-09-07,Sanju,39.0,No Information,2026-10-07,aalu bca 1st yr aanu padikunne online pitch chythind travelling aayond vilikam n  aan paranj,No
4307,4307,Call < 5 mins,2026-08-07,Najiya,79.0,No Information,,No Information,No
4308,4308,Call < 5 mins,2026-08-07,Najiya,116.0,No Information,,medica,No
4309,4309,Call < 5 mins,2026-10-07,Najiya,277.0,No Information,,"interested it course ,passout 2022,marriage okke kayinju gap vannu ,baby und but offline anu nokunnthu",No
4310,4310,Call < 5 mins,2026-08-07,Bridgeon Admin,68.0,No Information,,No Information,No
4311,4311,Call < 5 mins,,Bridgeon Admin,26.0,No Information,,No Information,No
4312,4312,Call < 5 mins,2026-09-07,Najiya,32.0,No Information,,No Information,No
4313,4313,Call < 5 mins,2026-04-07,Najiya,9.0,No Information,,No Information,No
4314,4314,Call <24Hr,2026-09-07,Ambili,0.0,No Information,2026-10-07,No Information,No
4315,4315,Call <24Hr,,Sumayya,47.0,No Information,,perinthlmanna//ba english/usthad aann//athonnd offline patollaaa//,No
4316,4316,Call <24Hr,2026-09-07,Sanju,92.0,No Information,2026-12-07,MSC micro biology aan padichath entho thirakil aayrnu watsapp il aan details share chythekune married aan oru baby ind,No
4317,4317,Call <24Hr,2026-04-09,Rincy,0.0,No Information,2026-07-09,rnp msged///g tech oru course cheyyunnund 3 month apo adh kayinjitte nokollu.... ..business anaylytics or data analytics aan thalprtam///1n rnp///4n rnp,No
4318,4318,Call >72Hr,,Rincy,18.0,No Information,,bc/14n rnp,No
4319,4319,Call <24Hr,2026-09-07,Sanju,0.0,No Information,2026-10-07,rnp whatsapp messgaed,No
4320,4320,Call <24Hr,2026-09-07,Ambili,23.0,No Information,,No Information,No
4321,4321,Call <24Hr,2026-09-07,Sanju,141.0,No Information,,plustwo aan padichath father aan register chythekunne aal aan samsarichath veetil etheet mon ullapo vilikam ennan paranje fees oke choichindayrnu 92+gst aan pitch chythekune,No
4322,4322,Call <24Hr,,Ambili,10.0,No Information,,plustwo science fail aan veed kannur dig mrktng aan nokkidh,No
4323,4323,Call <4Hr,,Sumayya,42.0,No Information,,+2kayinjathhaa then year gap indd/humanitess//kottymm./electronics wrkingg,No
4324,4324,Call <24Hr,2026-09-07,Sanju,19.0,No Information,,entho ppd il nikayrnu half n hr il vilikam ennanu paranje,No
4325,4325,Call < 15 mins,,Rincy,0.0,No Information,,plus 2 kayijun kannur veed 4 year gap md//9n rnp///10n rnp///11n rnp//13n rnp//17n rnp,No
4326,4326,Call >72Hr,,Rincy,20.0,No Information,,bc aanu/14n rnp//17n rnp///18n rnp...20 n bc aanu,No
4327,4327,Call >72Hr,2026-11-08,Ambili,2.0,No Information,2026-12-08,No Information,No
4328,4328,Call < 30 mins,2026-07-08,Najiya,5.0,No Information,2026-12-08,"kochi anu,working ,online course enquiry",No
4329,4329,Call < 30 mins,,Najiya,0.0,No Information,,"ba economics,data anaytics or business anaytics enquiry,inform later",No
4330,4330,Untouched,,Unknown,0.0,No Information,,No Information,No
4331,4331,Call <4Hr,2026-08-07,Sanju,642.0,No Information,2026-09-07,rnp whatsap msgd,No
4332,4332,Call < 15 mins,2026-08-07,Ambili,50.0,No Information,,No Information,No
4333,4333,Call < 15 mins,,Najiya,0.0,No Information,,"Ba english,manjeri,already broto online batch doing drop out join degreee,coding interested ayittu enquiry cheythathanu",No
4334,4334,Call >72Hr,,Bridgeon Admin,346.0,No Information,,"institute aavum, just onn followup cheydh nokk aal btech 2 nd yr drop aakki prnja vilichedh",No
4335,4335,Untouched,,Unknown,0.0,No Information,,No Information,No
4336,4336,Call < 5 mins,,Rincy,25.0,No Information,,"oru ideam illa sherikk samsariknilla nokatte vtlchoykkatte paranju plus 2 humanities padichu...kannur payyannur aan veed///13n oru result varan nd ..adh kayinjit/14n rnp...date matteekknu .....///19n msged,,..join chwydhu",No
4337,4337,Call < 30 mins,,Najiya,0.0,No Information,,"interested python course  enquiry,interested 6 months pitch",No
4338,4338,Call >72Hr,,Rincy,32.0,No Information,,housewife aan driving il aayond samsarikan pateela whatsapp connected aan///13n msg ayakan paranju/15n  rnp///19n rnp....verdhe kalippikkan,No
4339,4339,Call <1Hr,2026-11-08,Ambili,0.0,No Information,,travelling,No
4340,4340,Call <8Hr,,Sumayya,0.0,No Information,,"rnp/3
btech electronics kayinjuu//attingall aannn place/kaaryghll paranjinndd nokkaa",No
4341,4341,Untouched,,Unknown,0.0,No Information,,No Information,No
4342,4342,Untouched,,Unknown,0.0,No Information,,No Information,No
4343,4343,Untouched,,Unknown,0.0,No Information,,No Information,No
4344,4344,Call < 5 mins,2026-08-07,Najiya,0.0,No Information,,ccna course enquiry,No
4345,4345,Call <4Hr,2026-05-08,Sumayya,0.0,No Information,,No Information,No
4346,4346,Untouched,,Unknown,0.0,No Information,,No Information,No
4347,4347,Call <4Hr,,Rincy,0.0,No Information,2026-09-09,rnp//night vilikan///10n rnp//13n rnp/15n  rnp//16n rnp///19n rnp.........2n contact aaki...whats app call aanu cheydhe///8n rnp////25n rnp,No
4348,4348,Call <8Hr,2026-08-07,Ambili,128.0,No Information,2026-09-07,interest illaannan prayunnedh,No
4349,4349,Call >24Hr,2026-09-07,Sanju,0.0,No Information,2026-10-07,rnp whatsap messgaed,No
4350,4350,Call <4Hr,2026-09-07,Ambili,77.0,No Information,2026-09-07,"kasarkode aan aal onnm kelkkan thalpryapedunnilla, jst karyangal initially prnju",No
4351,4351,Untouched,,Unknown,0.0,No Information,,No Information,No
4352,4352,Call >72Hr,,Rincy,3.0,No Information,,buzy//rnp@eveninng23/7/adhyayit call eduthu bba 2024 ill kayinju supply ind//oru thalparymilaandaa samsarikyaa//thamarsshri aann place/   15/8/rnp/2//..19n bc///20N RNNP...25n msged..31n rnp,No
4353,4353,Untouched,,Unknown,0.0,No Information,,No Information,No
4354,4354,Call <24Hr,,Ambili,391.0,No Information,2026-09-07,rnp whatsap messaged,No
4355,4355,Call <24Hr,,Rincy,16.0,No Information,,rnp//bc aanenn ///10n bc aanenn/15n  rnp bc 2 manik sheesham vilikan//17n rnp///19n rnp,No
4356,4356,Call <24Hr,2026-08-07,Sanju,35.0,No Information,2026-09-07,korach kazhinj vilikan patuo nn aan choiche,No
4357,4357,Call <24Hr,2026-02-09,Ambili,2.0,No Information,,"ippo brotol 10 dys attnd cheyyunnu at kochi plstwo science aan kazhinjedh veed kochi retest attendeyyn nikkaan
refund wait cheyynd",No
4358,4358,Call <24Hr,2026-08-07,Sumayya,0.0,No Information,,No Information,No
4359,4359,Untouched,,Unknown,0.0,No Information,,No Information,No
4360,4360,Call <24Hr,2026-08-07,Ambili,32.0,No Information,,No Information,No
4361,4361,Untouched,,Unknown,0.0,No Information,,No Information,No
4362,4362,Untouched,,Unknown,0.0,No Information,,No Information,No
4363,4363,Untouched,,Unknown,0.0,No Information,,No Information,No
4364,4364,Call < 5 mins,2026-09-07,Najiya,103.0,No Information,2026-09-07,"logistics working ,he aged ,data anayticsonline  enquiry",No
4365,4365,Untouched,,Unknown,0.0,No Information,,No Information,No
4366,4366,Call <4Hr,,Sumayya,45.0,No Information,,"bca//acharyaa/bnglr//chelmbra

24//7//samsarichuu prebooking",No
4367,4367,Call < 15 mins,2026-07-08,Najiya,27.0,No Information,2026-12-08,"data anaytics enquiry, bsc chemistry,narikuni",No
4368,4368,Untouched,,Unknown,0.0,No Information,,No Information,No
4369,4369,Call < 5 mins,2026-08-07,Najiya,67.0,No Information,2026-08-07,wtsapchat only,No
4370,4370,Untouched,,Unknown,0.0,No Information,,No Information,No
4371,4371,Call < 5 mins,2026-11-07,Najiya,107.0,No Information,,"MBA,online enquiryl,lakshangal salary job anu nokkunnathu",No
4372,4372,Untouched,,Unknown,0.0,No Information,,No Information,No
4373,4373,Untouched,,Unknown,0.0,No Information,,No Information,No
4374,4374,Call <1Hr,2026-11-07,Ambili,0.0,No Information,2026-11-07,hospitalil aan,No
4375,4375,Call <4Hr,2026-08-07,Najiya,52.0,No Information,2026-08-07,"Data science enquiry,msc maths ,6 months course pitch,edavannapara,mankavu or kinfra prefered",No
4376,4376,Call <4Hr,2026-08-07,Ambili,8.0,No Information,2026-08-07,bridgeonlnn prnjpozhk call cut cheydhu,No
4377,4377,Call <4Hr,2026-07-07,Bridgeon Admin,104.0,No Information,,No Information,No
4378,4378,Call <1Hr,2026-04-09,Ambili,0.0,No Information,2026-09-09,"bca AI ML aan kazhinjedh so AI ml thanne nokkunnedh, kottayam aan veed just karyangal prnj kodthu aal bsy aan",No
4379,4379,Call <24Hr,2026-08-07,Sanju,0.0,No Information,,"no incoming whatsapp messaged
watsap followup",No
4380,4380,Call < 45 mins,2026-07-07,Rincy,43.0,No Information,,No Information,No
4381,4381,Call >72Hr,,Najiya,29.0,No Information,,No Information,No
4382,4382,Call >72Hr,2026-03-08,Najiya,13.0,No Information,2026-03-08,No Information,No
4383,4383,Untouched,,Unknown,0.0,No Information,,No Information,No
4384,4384,Call <4Hr,2026-03-08,Ambili,0.0,No Information,,"e varsham bca kazhinjedh, veed kannur padichedh bnglre bsy aan
AI ML aan vendeth,  interview schedule cheyyn patonn nokknm
ok aan monday parayam, frnd und",No
4385,4385,Call <4Hr,,Najiya,0.0,No Information,,"perinthalmana,interested app development course enquiry",No
4386,4386,Call < 15 mins,,Najiya,15.0,No Information,,"ignou univercity  degree distance doing 2nd year, bcom finance anu ,details sending wtsap ,nokeet parayam,course  offline anu nokunnathu,visit kinfra hub ,now fever",No
4387,4387,Untouched,,Unknown,0.0,No Information,,No Information,No
4388,4388,Call <4Hr,,Najiya,4.0,No Information,2026-08-09,"interested mangavu hub,AIML enquiry,she is wayanad",No
4389,4389,Call <4Hr,2026-11-07,Najiya,9.0,No Information,,"enquiry for cousin sherin ,data anaytics enquiry,inform later",No
4390,4390,Call <4Hr,2026-08-07,Najiya,0.0,No Information,,"Bsc chemistry,abroad and wtsap chat only,thamarassery",No
4391,4391,Call <4Hr,,Najiya,0.0,No Information,,wrsap chat only,No
4392,4392,Untouched,,Unknown,0.0,No Information,,No Information,No
4393,4393,Untouched,,Unknown,0.0,No Information,,No Information,No
4394,4394,Untouched,,Unknown,0.0,No Information,,No Information,No
4395,4395,Untouched,,Unknown,0.0,No Information,,No Information,No
4396,4396,Untouched,,Unknown,0.0,No Information,,No Information,No
4397,4397,Untouched,,Unknown,0.0,No Information,,No Information,No
4398,4398,Call <8Hr,2026-08-07,Najiya,38.0,No Information,,No Information,No
4399,4399,Call <4Hr,,Rincy,2.0,No Information,,rnp//9n rnp///10n rnp//13n rnp/15n  rnp,No
4400,4400,Call <4Hr,,Rincy,12.0,No Information,,age..26 family business noki nadathunnu transporting aanu...b tech mecahnic aayirunnu padiche .....ramanattukara aan veed ..nokatte nale onn hub visit aakam.//8n inn uchakk sheesham varan nokam//10n natttill drivingil aan //13n ee week nokate enn//18n rnp///next week nokam full bc aanu enn,No
4401,4401,Call <8Hr,2026-02-09,Rincy,0.0,No Information,,////7n rnp...wyfin aan....bc aanenn//8n call ponilla//msg yakan..oru internship nadannond nikkan adh adtha masam kayyollu innat nokam enn///15n rnp///24n rnp///2n rnp,No
4402,4402,Call <8Hr,2026-09-07,Rincy,187.0,No Information,2026-10-07,////7n rnp//9n rnp....valancheri....ba sociology.....,No
4403,4403,Call <8Hr,,Rincy,17.0,No Information,,porathan korch bc aan vilikam enn paranju///8n msged10n rnp///11n rnp/14n rnp///18n ippo nokunnilla///13n rnp abroad povan nokunnilla,No
4404,4404,Call <24Hr,2026-11-07,Ambili,0.0,No Information,2026-10-07,No Information,No
4405,4405,Call <24Hr,,Ambili,7.0,No Information,,"switchoff, call cut aakki",No
4406,4406,Call <24Hr,,Ambili,0.0,No Information,,"detailsokke samsarichu plstwo kazhinjedhan, humanities iniedh edkknmnn confusion veed pattambi 
rnp no response
vere nmbrilnn vilikknd msgm ayakknd noresponse",No
4407,4407,Untouched,,Unknown,0.0,No Information,,No Information,No
4408,4408,Call <24Hr,,Ambili,404.0,No Information,,"ippo 10 days prgrm brotol attend cheyyunnund, mern aan panning, plustwo humanities padich then hospital adminstration edthu veed panthheernkav, 24 yrs hs a3 yr old baby
vishnunte phnilnn vilichu vtl discss cheydhitt parayum
hus insta martil wrkeyyan cashin nalle issue und",No
4409,4409,Call < 5 mins,,Najiya,0.0,No Information,,"Ma Arabic,already python lear in entri online course,inform later",No
4410,4410,Untouched,,Unknown,0.0,No Information,,No Information,No
4411,4411,Untouched,,Unknown,0.0,No Information,,No Information,No
4412,4412,Call < 30 mins,2026-09-07,Najiya,0.0,No Information,2026-09-07,"amma monek vendi enquiry cheythathu,wtsap only connect ,",Yes
4413,4413,Call < 30 mins,,Najiya,0.0,No Information,,No Information,No
4414,4414,Call < 30 mins,,Najiya,32.0,No Information,,"enquiry to cloud computing,detais ayachittund nikeettu parayam",No
4415,4415,Untouched,,Unknown,0.0,No Information,,No Information,No
4416,4416,Untouched,,Unknown,0.0,No Information,,No Information,No
4417,4417,Call <1Hr,2026-06-08,Najiya,0.0,No Information,2026-06-08,"enquiry to cloud computing andpython,he is learn cloud computing in kochi dropped ,he is perinthalmanna,onam kayinju nokunnathu",No
4418,4418,Call < 5 mins,,Najiya,0.0,No Information,,wtsap chat only,No
4419,4419,Call < 5 mins,2026-10-08,Najiya,22.0,No Information,2026-10-08,wtsap only,No
4420,4420,Call < 5 mins,,Najiya,2.0,No Information,,"intereviewnu vannathayirunnu ,skilled anu dot net anu nokunnathu 6 month course pitch",No
4421,4421,Untouched,,Unknown,0.0,No Information,,No Information,No
4422,4422,Untouched,,Unknown,0.0,No Information,,No Information,No
4423,4423,Untouched,,Unknown,0.0,No Information,,No Information,No
4424,4424,Untouched,,Unknown,0.0,No Information,,No Information,No
4425,4425,Untouched,,Unknown,0.0,No Information,,No Information,No
4426,4426,Untouched,,Unknown,0.0,No Information,,"jabirka ammayi perakkkutti,chelari july 15th batch",No
4427,4427,Untouched,,Unknown,0.0,No Information,,No Information,No
4428,4428,Untouched,,Unknown,0.0,No Information,,No Information,No
4429,4429,Untouched,,Unknown,0.0,No Information,,No Information,No
4430,4430,Untouched,,Unknown,0.0,No Information,,No Information,No
4431,4431,Untouched,,Unknown,0.0,No Information,,No Information,No
4432,4432,Untouched,,Unknown,0.0,No Information,,No Information,No
4433,4433,Untouched,,Unknown,0.0,No Information,,No Information,No
4434,4434,Untouched,,Unknown,0.0,No Information,,No Information,No
4435,4435,Untouched,,Unknown,0.0,No Information,,No Information,No
4436,4436,Untouched,,Unknown,0.0,No Information,,No Information,No
4437,4437,Untouched,,Unknown,0.0,No Information,,No Information,No
4438,4438,Untouched,,Unknown,0.0,No Information,,No Information,No
4439,4439,Untouched,,Unknown,0.0,No Information,,No Information,No
4440,4440,Untouched,,Unknown,0.0,No Information,,No Information,No
4441,4441,Untouched,,Unknown,0.0,No Information,,No Information,No
4442,4442,Untouched,,Unknown,0.0,No Information,,No Information,No
4443,4443,Untouched,,Unknown,0.0,No Information,,No Information,No
4444,4444,Untouched,,Unknown,0.0,No Information,,No Information,No
4445,4445,Untouched,,Unknown,0.0,No Information,,No Information,No
4446,4446,Untouched,,Unknown,0.0,No Information,,No Information,No
4447,4447,Untouched,,Unknown,0.0,No Information,,No Information,No
4448,4448,Untouched,,Unknown,0.0,No Information,,No Information,No
4449,4449,Untouched,,Unknown,0.0,No Information,,No Information,No
4450,4450,Untouched,,Unknown,0.0,No Information,,No Information,No
4451,4451,Call <24Hr,,Najiya,26.0,No Information,,"Enquiry to cloud computing ,inform later",No
4452,4452,Untouched,,Unknown,0.0,No Information,,No Information,No
4453,4453,Untouched,,Unknown,0.0,No Information,,No Information,No
4454,4454,Untouched,,Unknown,0.0,No Information,,No Information,No
4455,4455,Untouched,,Unknown,0.0,No Information,,No Information,No
4456,4456,Call >72Hr,,Rincy,25.0,No Information,,details shared............///13n rnp..........thalparyam ila paramju cut aaki,No
4457,4457,Untouched,,Unknown,0.0,No Information,,No Information,No
4458,4458,Untouched,,Unknown,0.0,No Information,,No Information,No
4459,4459,Untouched,,Unknown,0.0,No Information,,No Information,No
4460,4460,Untouched,,Unknown,0.0,No Information,,No Information,No
4461,4461,Untouched,,Unknown,0.0,No Information,,No Information,No
4462,4462,Untouched,,Unknown,0.0,No Information,,No Information,No
4463,4463,Untouched,,Unknown,0.0,No Information,,No Information,No
4464,4464,Untouched,,Unknown,0.0,No Information,,No Information,No
4465,4465,Untouched,,Unknown,0.0,No Information,,No Information,No
4466,4466,Untouched,,Unknown,0.0,No Information,,No Information,No
4467,4467,Untouched,,Unknown,0.0,No Information,,No Information,No
4468,4468,Untouched,,Unknown,0.0,No Information,,No Information,No
4469,4469,Untouched,,Unknown,0.0,No Information,,No Information,No
4470,4470,Untouched,,Unknown,0.0,No Information,,No Information,No
4471,4471,Untouched,,Unknown,0.0,No Information,,No Information,No
4472,4472,Untouched,,Unknown,0.0,No Information,,No Information,No
4473,4473,Untouched,,Unknown,0.0,No Information,,No Information,No
4474,4474,Call <4Hr,,Najiya,35.0,No Information,,"he is interested kinfra hub,monday varum",No
4475,4475,Untouched,,Unknown,0.0,No Information,,No Information,No
4476,4476,Untouched,,Unknown,0.0,No Information,,No Information,No
4477,4477,Untouched,,Unknown,0.0,No Information,,No Information,No
4478,4478,Untouched,,Unknown,0.0,No Information,,No Information,No
4479,4479,Untouched,,Unknown,0.0,No Information,,No Information,No
4480,4480,Untouched,,Unknown,0.0,No Information,,No Information,No
4481,4481,Untouched,,Unknown,0.0,No Information,,No Information,No
4482,4482,Untouched,,Unknown,0.0,No Information,,No Information,No
4483,4483,Untouched,,Unknown,0.0,No Information,,No Information,No
4484,4484,Untouched,,Unknown,0.0,No Information,,No Information,No
4485,4485,Untouched,,Unknown,0.0,No Information,,No Information,No
4486,4486,Untouched,,Unknown,0.0,No Information,,No Information,No
4487,4487,Untouched,,Unknown,0.0,No Information,,No Information,No
4488,4488,Untouched,,Unknown,0.0,No Information,,No Information,No
4489,4489,Untouched,,Unknown,0.0,No Information,,No Information,No
4490,4490,Untouched,,Unknown,0.0,No Information,,No Information,No
4491,4491,Untouched,,Unknown,0.0,No Information,,No Information,No
4492,4492,Untouched,,Unknown,0.0,No Information,,No Information,No
4493,4493,Untouched,,Unknown,0.0,No Information,,No Information,No
4494,4494,Untouched,,Unknown,0.0,No Information,,No Information,No
4495,4495,Untouched,,Unknown,0.0,No Information,,No Information,No
4496,4496,Untouched,,Unknown,0.0,No Information,,No Information,No
4497,4497,Untouched,,Unknown,0.0,No Information,,No Information,No
4498,4498,Untouched,,Unknown,0.0,No Information,,No Information,No
4499,4499,Untouched,,Unknown,0.0,No Information,,No Information,No
4500,4500,Untouched,,Unknown,0.0,No Information,,No Information,No
4501,4501,Untouched,,Unknown,0.0,No Information,,No Information,No
4502,4502,Untouched,,Unknown,0.0,No Information,,No Information,No
4503,4503,Untouched,,Unknown,0.0,No Information,,No Information,No
4504,4504,Untouched,,Unknown,0.0,No Information,,No Information,No
4505,4505,Untouched,,Unknown,0.0,No Information,,No Information,No
4506,4506,Untouched,,Unknown,0.0,No Information,,No Information,No
4507,4507,Untouched,,Unknown,0.0,No Information,,No Information,No
4508,4508,Untouched,,Unknown,0.0,No Information,,No Information,No
4509,4509,Untouched,,Unknown,0.0,No Information,,No Information,No
4510,4510,Untouched,,Unknown,0.0,No Information,,No Information,No
4511,4511,Untouched,,Unknown,0.0,No Information,,No Information,No
4512,4512,Untouched,,Unknown,0.0,No Information,,No Information,No
4513,4513,Untouched,,Unknown,0.0,No Information,,No Information,No
4514,4514,Untouched,,Unknown,0.0,No Information,,No Information,No
4515,4515,Untouched,,Unknown,0.0,No Information,,No Information,No
4516,4516,Untouched,,Unknown,0.0,No Information,,No Information,No
4517,4517,Untouched,,Unknown,0.0,No Information,,No Information,No
4518,4518,Untouched,,Unknown,0.0,No Information,,No Information,No
4519,4519,Untouched,,Unknown,0.0,No Information,,No Information,No
4520,4520,Untouched,,Unknown,0.0,No Information,,No Information,No
4521,4521,Untouched,,Unknown,0.0,No Information,,No Information,No
4522,4522,Untouched,,Unknown,0.0,No Information,,No Information,No
4523,4523,Untouched,,Unknown,0.0,No Information,,No Information,No
4524,4524,Untouched,,Unknown,0.0,No Information,,No Information,No
4525,4525,Untouched,,Unknown,0.0,No Information,,No Information,No
4526,4526,Untouched,,Unknown,0.0,No Information,,No Information,No
4527,4527,Untouched,,Unknown,0.0,No Information,,No Information,No
4528,4528,Untouched,,Unknown,0.0,No Information,,No Information,No
4529,4529,Untouched,,Unknown,0.0,No Information,,No Information,No
4530,4530,Untouched,,Unknown,0.0,No Information,,No Information,No
4531,4531,Untouched,,Unknown,0.0,No Information,,No Information,No
4532,4532,Untouched,,Unknown,0.0,No Information,,No Information,No
4533,4533,Call < 15 mins,2026-04-07,Bridgeon Admin,50.0,No Information,,No Information,No
4534,4534,Call < 5 mins,,Najiya,12.0,No Information,,visited manjeri hub,No
4535,4535,Call < 5 mins,2026-08-07,Najiya,11.0,No Information,2026-08-07,"already working it company,python advance enquiry,fees not affortable",No
4536,4536,Call < 5 mins,,Najiya,157.0,No Information,,No Information,No
4537,4537,Call < 5 mins,2026-02-07,Najiya,133.0,No Information,,No Information,No
4538,4538,Call < 5 mins,2026-02-07,Najiya,4.0,No Information,,No Information,No
4539,4539,Untouched,,Unknown,0.0,No Information,,No Information,No
4540,4540,Untouched,,Unknown,0.0,No Information,,No Information,No
4541,4541,Untouched,,Unknown,0.0,No Information,,No Information,No
4542,4542,Untouched,,Unknown,0.0,No Information,,No Information,No
4543,4543,Untouched,,Unknown,0.0,No Information,,No Information,No
4544,4544,Untouched,,Unknown,0.0,No Information,,No Information,No
4545,4545,Untouched,,Unknown,0.0,No Information,,No Information,No
4546,4546,Untouched,,Unknown,0.0,No Information,,No Information,No
4547,4547,Untouched,,Unknown,0.0,No Information,,No Information,No
4548,4548,Untouched,,Unknown,0.0,No Information,,No Information,No
4549,4549,Untouched,,Unknown,0.0,No Information,,No Information,No
4550,4550,Call < 30 mins,,Najiya,3.0,No Information,,"it suppoting course Enquiry,aws ,sending details after inform",No
4551,4551,Untouched,,Unknown,0.0,No Information,,No Information,No
4552,4552,Untouched,,Unknown,0.0,No Information,,No Information,No
4553,4553,Untouched,2026-04-07,Afees,25.0,No Information,,No Information,No
4554,4554,Call < 5 mins,2026-08-07,Sumayya,15.0,No Information,,No Information,No
4555,4555,Untouched,,Unknown,0.0,No Information,,No Information,No
4556,4556,Untouched,,Unknown,0.0,No Information,,No Information,No
4557,4557,Call < 45 mins,2026-04-07,Afees,254.0,No Information,2026-06-07,rinsiya ref,No
4558,4558,Untouched,,Unknown,0.0,No Information,,No Information,No
4559,4559,Untouched,,Unknown,0.0,No Information,,No Information,No
4560,4560,Untouched,,Unknown,0.0,No Information,,No Information,No
4561,4561,Untouched,,Unknown,0.0,No Information,,No Information,No
4562,4562,Untouched,,Unknown,0.0,No Information,,No Information,No
4563,4563,Call <4Hr,,Najiya,0.0,No Information,,interested,No
4564,4564,Untouched,,Unknown,0.0,No Information,,No Information,No
4565,4565,Call < 15 mins,2026-04-08,Najiya,23.0,No Information,2026-04-08,"he is convecation programme august 1st,he is interested",No
4566,4566,Call < 15 mins,2026-07-08,Najiya,0.0,No Information,2026-10-08,No Information,No
4567,4567,Call >48Hr,2026-07-08,Najiya,0.0,No Information,2026-10-08,interested,No
4568,4568,Untouched,,Unknown,0.0,No Information,,No Information,No
4569,4569,Call <24Hr,2026-07-07,Najiya,22.0,No Information,2026-07-07,"online data anaytics Enquiry,ippol psc coachinginu povukayanu ,place perinthalmanna",No
4570,4570,Call <24Hr,2026-03-07,Bridgeon Admin,33.0,No Information,2026-07-07,"interested mern stack course,brother calling today.",No
4571,4571,Untouched,,Unknown,0.0,No Information,,No Information,No
4572,4572,Untouched,,Unknown,0.0,No Information,,No Information,No
4573,4573,Untouched,,Unknown,0.0,No Information,,No Information,No
4574,4574,Untouched,,Unknown,0.0,No Information,,No Information,No
4575,4575,Call < 5 mins,,Najiya,18.0,No Information,,"enquiry to cloud computing ,he is ponnani,al details sending",No
4576,4576,Call < 15 mins,,Najiya,0.0,No Information,2026-05-09,"interested data anaytics ,kochi prefered",No
4577,4577,Untouched,,Unknown,0.0,No Information,,No Information,No
4578,4578,Untouched,,Unknown,0.0,No Information,,No Information,No
4579,4579,Untouched,,Unknown,0.0,No Information,,No Information,No
4580,4580,Untouched,,Unknown,0.0,No Information,,No Information,No
4581,4581,Untouched,,Unknown,0.0,No Information,,No Information,No
4582,4582,Untouched,,Unknown,0.0,No Information,,No Information,No
4583,4583,Untouched,,Unknown,0.0,No Information,,No Information,No
4584,4584,Call < 45 mins,,Najiya,0.0,No Information,2026-08-09,"payyoli,ba economics,data anaytics enquiry ,inform later, distance prblm (mankavu),passout 2025,now in kochi",No
4585,4585,Call < 30 mins,,Najiya,0.0,No Information,2026-05-09,"Ba english,kochi  prefered",No
4586,4586,Untouched,,Unknown,0.0,No Information,,No Information,No
4587,4587,Call <24Hr,2026-04-07,Rincy,26.0,No Information,2026-04-07,vimalinte frnd///4n inn paraym enn,No
4588,4588,Call <4Hr,2026-04-07,Afees,0.0,No Information,2026-06-07,rnp contacted on wtsp,No
4589,4589,Untouched,,Unknown,0.0,No Information,,No Information,No
4590,4590,Call >72Hr,,Sumayya,0.0,No Information,,No Information,No
4591,4591,Call < 30 mins,,Najiya,0.0,No Information,2026-07-09,"python full stack ai enquiry ,intereste anennu paranju calicut prefered",No
4592,4592,Call < 5 mins,2026-03-07,Bridgeon Admin,30.0,No Information,2026-07-07,"interested Data science,ivide 3rd year padikkumpol internship cheythirunnu ,monday officeil varum",No
4593,4593,Call < 5 mins,,Najiya,49.0,No Information,,"interested but timing issue, foundation scholarship kandittu vilichathanu",No
4594,4594,Call < 5 mins,,Najiya,17.0,No Information,,No Information,No
4595,4595,Untouched,2026-01-07,Najiya,11.0,No Information,,No Information,No
4596,4596,Untouched,,Unknown,0.0,No Information,,No Information,No
4597,4597,Untouched,,Unknown,0.0,No Information,,No Information,No
4598,4598,Call < 5 mins,2026-02-07,Afees,0.0,No Information,,No Information,Yes
4599,4599,Untouched,,Unknown,0.0,No Information,,No Information,No
4600,4600,Call < 15 mins,2026-03-07,Najiya,0.0,No Information,,No Information,No
4601,4601,Untouched,,Unknown,0.0,No Information,,No Information,No
4602,4602,Call < 5 mins,2026-10-07,Najiya,0.0,No Information,,sending details in wtsap,No
4603,4603,Call <1Hr,,Najiya,9.0,No Information,,"data science enquiry,she is kollam inform later,kochi hub visited inform monday",No
4604,4604,Call < 30 mins,,Najiya,0.0,No Information,,"enquiry to data anaytics course,inform later",No
4605,4605,Untouched,,Unknown,0.0,No Information,,No Information,No
4606,4606,Call >72Hr,,Sumayya,3.0,No Information,,"rnp contacted on wtsp   18/7//eduthu bridegon paranju cut aakii poiiii//
15/8/rnp/2//  20/8//rnp/2//watspp  noo responsee",No
4607,4607,Call < 5 mins,2026-11-08,Bridgeon Admin,0.0,No Information,2026-08-07,"interested ,sending scanner,kallampara",No
4608,4608,Untouched,,Unknown,0.0,No Information,,No Information,No
4609,4609,Untouched,,Unknown,0.0,No Information,,No Information,No
4610,4610,Call >72Hr,,Sumayya,0.0,No Information,,"edappadi,trading cheyyunnund,vtl elder son ann next it field eath nokkanam ennu oru idea illa basic details shared",No
4611,4611,Untouched,,Sanju,0.0,No Information,,"details shared aanu driving il aanu veed ethyathum vilikam ennanu paranje 
call chythirunu veed etheetu vtil samsarichit thathane vilipikam ennan paranje baki followup aanu

thathaku forward chythind nn aan paranjath ipo hsptl case aayt nikan oru 5-6 days il hub visit chyum",No
4612,4612,Call <24Hr,2026-03-07,Afees,101.0,No Information,,No Information,No
4613,4613,Call <24Hr,2026-10-07,Rincy,18.0,No Information,2026-09-07,oru moradan chengayi fee ethre whatsa appil ayacholi paranj poyi//4n monday vilikam enn/////7n rnp//10n noknilla,No
4614,4614,Untouched,,Unknown,0.0,No Information,,No Information,No
4615,4615,Untouched,,Unknown,0.0,No Information,,No Information,No
4616,4616,Call <24Hr,,Sumayya,41.0,No Information,,"rnp/2/
4/7//kuttyy vtll illaa//vnnit vuilikma",No
4617,4617,Untouched,,Unknown,0.0,No Information,,No Information,No
4618,4618,Untouched,,Unknown,0.0,No Information,,"she is data anaytics enquiry,padikkal",No
4619,4619,Untouched,,Unknown,0.0,No Information,,No Information,No
4620,4620,Untouched,,Unknown,0.0,No Information,,No Information,No
4621,4621,Untouched,,Unknown,0.0,No Information,,No Information,No
4622,4622,Untouched,,Unknown,0.0,No Information,,No Information,No
4623,4623,Call < 30 mins,2026-02-07,Bridgeon Admin,64.0,No Information,,"online courrse enquiry,online course enquiry",No
4624,4624,Untouched,,Unknown,0.0,No Information,,No Information,No
4625,4625,Untouched,,Unknown,0.0,No Information,,No Information,No
4626,4626,Untouched,,Unknown,0.0,No Information,,No Information,No
4627,4627,Call < 5 mins,2026-07-07,Najiya,78.0,No Information,2026-07-07,"wtsap msg kandittu vilikkanu ,scholarship foundation ,interested anu",No
4628,4628,Untouched,,Unknown,0.0,No Information,,No Information,No
4629,4629,Call <4Hr,2026-03-07,Afees,165.0,No Information,2026-02-09,financial issues will inform later,No
4630,4630,Call < 45 mins,2026-02-07,Ambili,0.0,No Information,2026-03-07,No Information,No
4631,4631,Untouched,,Unknown,0.0,No Information,,No Information,No
4632,4632,Untouched,,Unknown,0.0,No Information,,No Information,No
4633,4633,Call <24Hr,2026-06-07,Sumayya,41.0,No Information,,palliyill aannn,No
4634,4634,Untouched,,Unknown,0.0,No Information,,No Information,No
4635,4635,Call <4Hr,2026-12-08,Ambili,30.0,No Information,,"online aan nokkunnedh sisterk venditt, placement vendittalla ivde kinfrel aan wrkeyyunnedh, mnth laste parayan patoll ingott vilicholam
soudi povan nikkan",No
4636,4636,Untouched,,Unknown,0.0,No Information,,No Information,No
4637,4637,Untouched,,Unknown,0.0,No Information,,No Information,No
4638,4638,Untouched,,Unknown,0.0,No Information,,No Information,No
4639,4639,Untouched,,Unknown,0.0,No Information,,No Information,No
4640,4640,Untouched,,Unknown,0.0,No Information,,No Information,No
4641,4641,Call < 30 mins,,Najiya,0.0,No Information,,"data anaytics enquiry,she is tirur ,abraod pokan anu plan ,",No
4642,4642,Untouched,,Unknown,0.0,No Information,,No Information,No
4643,4643,Untouched,,Unknown,0.0,No Information,,No Information,No
4644,4644,Untouched,,Unknown,0.0,No Information,,No Information,No
4645,4645,Call <4Hr,2026-07-07,Ambili,159.0,No Information,2026-08-07,"porthaanulledh, bsc cs kazhinj 1 yr gap veed thodupuzha, edha edkkndenn idea illa",No
4646,4646,Untouched,,Unknown,0.0,No Information,,No Information,No
4647,4647,Call < 5 mins,2026-10-08,Bridgeon Admin,894.0,No Information,2026-02-11,"diploma ayirunnu adyam eduthathu ,ippol bba kayinju age 26 anu data anaytics anu enquiry cheythathu but diploma exam und enddalum 2 month kayinju nokunoloo.kochi hub visit cheyyanam ennund",No
4648,4648,Untouched,,Sanju,3.0,No Information,,"wrkil aan 5 manik shesham vilikam ennanu paranjathu
rnp
rnp",No
4649,4649,Untouched,,Unknown,0.0,No Information,,No Information,No
4650,4650,Untouched,,Unknown,0.0,No Information,,No Information,No
4651,4651,Call <4Hr,2026-06-07,Afees,0.0,No Information,2026-07-07,"palakkad,plus two 2 vishayam potteettnd next eath field nokkanm enn oru idea illa,ivde eath course ann ennu koode alkk ariyilla ad kandu ishtapettappo just koduthath ann ennanu paranjath",No
4652,4652,Call < 45 mins,2026-02-07,Najiya,0.0,No Information,,No Information,No
4653,4653,Untouched,,Unknown,0.0,No Information,,No Information,No
4654,4654,Untouched,,Unknown,0.0,No Information,,No Information,No
4655,4655,Call <4Hr,2026-06-07,Afees,16.0,No Information,2026-07-07,bca kazhinu valanchery next eath field nokkanmnn oru idea illa frnd ivide ppadikkunnund basic details shared,No
4656,4656,Untouched,,Unknown,0.0,No Information,,No Information,No
4657,4657,Untouched,,Unknown,0.0,No Information,,No Information,No
4658,4658,Untouched,,Unknown,0.0,No Information,,No Information,No
4659,4659,Call <4Hr,2026-04-07,Afees,0.0,No Information,2026-06-07,aniyan ann phone eduthe manu ippo curerntly busy ann ennau paranje german padikkanu ann palluruthy ann place,No
4660,4660,Untouched,,Unknown,0.0,No Information,,No Information,No
4661,4661,Untouched,,Unknown,0.0,No Information,,No Information,No
4662,4662,Untouched,,Unknown,0.0,No Information,,No Information,No
4663,4663,Untouched,,Unknown,0.0,No Information,,No Information,No
4664,4664,Call <8Hr,2026-03-07,Afees,73.0,No Information,2026-06-07,uppa hospital case ayittu icu vil ann busy will conbnect later,No
4665,4665,Untouched,,Unknown,0.0,No Information,,No Information,No
4666,4666,Untouched,,Unknown,0.0,No Information,,No Information,No
4667,4667,Untouched,,Unknown,0.0,No Information,,No Information,No
4668,4668,Untouched,,Unknown,0.0,No Information,,No Information,No
4669,4669,Call <24Hr,2026-02-07,Bridgeon Admin,54.0,No Information,2026-07-07,"trissur kaippamangalam,plus two kazhinju oru diploma course eduthu,logistics ippo currently 4 months ayittu logistics work cheyyanu 16000 base salary 7000 for food 6000 for house and emi also so athu kondu ivante kayyil no fund,achan illa amma restaurant cleaner ayittu wrk cheyyanu he is the elder son,online push cheyyunnath ayirikkum better basic details shared on wtsp",No
4670,4670,Untouched,,Unknown,0.0,No Information,,No Information,No
4671,4671,Untouched,,Unknown,0.0,No Information,,No Information,No
4672,4672,Call <24Hr,2026-02-07,Ambili,4.0,No Information,2026-03-07,No Information,No
4673,4673,Call <24Hr,2026-07-07,Ambili,0.0,No Information,2026-03-07,No Information,No
4674,4674,Untouched,,Unknown,0.0,No Information,,No Information,No
4675,4675,Untouched,,Unknown,0.0,No Information,,No Information,No
4676,4676,Untouched,,Unknown,0.0,No Information,,No Information,No
4677,4677,Untouched,,Unknown,0.0,No Information,,No Information,No
4678,4678,Call <24Hr,2026-08-07,Ambili,388.0,No Information,2026-08-07,hectic wrk ulla aal aan no intrst wrkingaan,No
4679,4679,Untouched,,Unknown,0.0,No Information,,No Information,No
4680,4680,Untouched,,Unknown,0.0,No Information,,No Information,No
4681,4681,Untouched,,Unknown,0.0,No Information,,No Information,No
4682,4682,Untouched,,Unknown,0.0,No Information,,No Information,No
4683,4683,Untouched,,Unknown,0.0,No Information,,No Information,No
4684,4684,Untouched,,Unknown,0.0,No Information,,No Information,No
4685,4685,Call <24Hr,2026-09-07,Ambili,0.0,No Information,2026-09-07,No Information,No
4686,4686,Call <24Hr,2026-07-07,Ambili,0.0,No Information,2026-09-07,"1 yr gap, economics aan padiche, married aan onlinelek aan nokkunnedh, data analytics aan chodhichedh",No
4687,4687,Untouched,,Unknown,0.0,No Information,,No Information,No
4688,4688,Call <24Hr,2026-08-07,Ambili,0.0,No Information,2026-08-07,No Information,No
4689,4689,Call <24Hr,2026-02-07,Sanju,266.0,No Information,2026-03-07,working in sales it course padicha kollam ennundu,No
4690,4690,Untouched,,Unknown,0.0,No Information,,No Information,No
4691,4691,Untouched,,Unknown,0.0,No Information,,No Information,No
4692,4692,Untouched,,Unknown,0.0,No Information,,No Information,No
4693,4693,Call <24Hr,2026-02-07,Sanju,38.0,No Information,2026-03-07,cut the call,No
4694,4694,Untouched,,Unknown,0.0,No Information,,No Information,No
4695,4695,Untouched,2026-06-07,Ambili,97.0,No Information,2026-07-07,hub visited,No
4696,4696,Untouched,,Unknown,0.0,No Information,,No Information,No
4697,4697,Untouched,,Unknown,0.0,No Information,,No Information,No
4698,4698,Untouched,,Unknown,0.0,No Information,,No Information,No
4699,4699,Untouched,,Unknown,0.0,No Information,,No Information,No
4700,4700,Untouched,,Unknown,0.0,No Information,,No Information,No
4701,4701,Call < 5 mins,2026-08-08,Najiya,54.0,No Information,2026-08-08,"he is kakkanchery,ds ml enquiry ,luminar pokan nikkakayayirunnu,frnd paranju enquiry cheythathu,24 th exam ,monday varum",No
4702,4702,Call <24Hr,2026-02-07,Sanju,2.0,No Information,2026-03-07,rnp,No
4703,4703,Call <24Hr,2026-10-07,Sanju,336.0,No Information,2026-09-07,"details shared aan wayand aan oru trip ind 13th nu nxt mnth aan nokune august leku baki followup aanu
rnp 
ok aanu wayand landslide aayavade aan place phone il charge illa 2 percentage aan charge chythit vilikam ennanu paranje
rnp",No
4704,4704,Untouched,,Unknown,0.0,No Information,,No Information,No
4705,4705,Untouched,,Unknown,0.0,No Information,,No Information,No
4706,4706,Untouched,,Unknown,0.0,No Information,,No Information,No
4707,4707,Call < 30 mins,2026-04-07,Sumayya,24.0,No Information,2026-04-07,"bca kayinju...kollam aan veed.....nokatte enn///3n rnp//4n sumayya vilichuu//4,5 msam kayinjitte nokullu",No
4708,4708,Call <24Hr,2026-07-07,Sanju,207.0,No Information,2026-02-09,"details shared aan  aug il mrg ind ath kazhinje nokulu enan paranajth baki followup aan whatsapp connected

november batch aan nokunath august il marriage oke aanu so ath kazhinjite book chyulu",No
4709,4709,Untouched,,Unknown,0.0,No Information,,No Information,No
4710,4710,Call < 5 mins,2026-08-07,Ambili,5.0,No Information,,No Information,No
4711,4711,Call <4Hr,2026-01-07,Ambili,35.0,No Information,2026-02-07,No Information,No
4712,4712,Call < 5 mins,,Najiya,2.0,No Information,,devops enquiry,No
4713,4713,Untouched,,Unknown,0.0,No Information,,No Information,No
4714,4714,Call < 5 mins,2026-01-07,Bridgeon Admin,0.0,No Information,,No Information,Yes
4715,4715,Call < 5 mins,2026-01-07,Bridgeon Admin,27.0,No Information,,No Information,No
4716,4716,Call < 5 mins,2026-06-07,Najiya,0.0,No Information,2026-06-07,"Enquiry to uiux,interested inform within 2 days",No
4717,4717,Untouched,,Unknown,0.0,No Information,,No Information,No
4718,4718,Call < 5 mins,2026-09-07,Najiya,52.0,No Information,2026-11-07,"Ba economics,visited hub ,husband anu adyam vilichathu",No
4719,4719,Call <4Hr,2026-06-07,Ambili,124.0,No Information,2026-02-07,"logistics aan wrking  switcheyyan nokkend porth povanum plan und logisticsl wrkeyyan veed plkkd
paraspara bandhm illanda samsarikkne",No
4720,4720,Call >24Hr,2026-06-08,Najiya,0.0,No Information,2026-06-08,"parappanagadi,direct walk in ,interested with frnd",No
4721,4721,Call <4Hr,2026-02-07,Afees,56.0,No Information,2026-02-07,rnp contacted on wtsp,No
4722,4722,Call >24Hr,2026-02-07,Sanju,0.0,No Information,2026-03-07,rnp whatsap messaged,No
4723,4723,Call < 5 mins,2026-01-07,Bridgeon Admin,66.0,No Information,,No Information,No
4724,4724,Call < 5 mins,2026-01-07,Najiya,0.0,No Information,2026-02-07,"Areekode ,wtsp chat only",No
4725,4725,Call >24Hr,2026-02-07,Sanju,46.0,No Information,2026-03-07,aniyan vendi nokiyathan nn aan paranj 5mns kaynj thiricih vilikam ennanu paranjath,No
4726,4726,Call <4Hr,,Rincy,0.0,No Information,,dgree kayinju.....kollam aan veed..........nokatte enn///3n msged////4n rnp...//6n nokaette enn////7n rnp///10n rnp/15n  rnp///18n rnp///19n rnp//25n rnp,No
4727,4727,Call < 15 mins,2026-07-07,Najiya,0.0,No Information,2026-10-07,"sociology,uiux or development enquiry,inform later,thamarassery",No
4728,4728,Untouched,,Unknown,0.0,No Information,,No Information,No
4729,4729,Call < 5 mins,2026-02-07,Najiya,42.0,No Information,2026-02-07,"interested,visited manjeri hub,already broto 10 days workshop attend",No
4730,4730,Call < 5 mins,,Najiya,388.0,No Information,,No Information,No
4731,4731,Call <4Hr,,Ambili,1.0,No Information,,"2yrs ,unp plstwo aftr that ivnte achn kidney failure aaitt financial issues aayi ettan robotics wrkeyyan veed plkd, 
laptop onnum illa adhokke ready aakkn korch tym venm",No
4732,4732,Untouched,,Unknown,0.0,No Information,,No Information,No
4733,4733,Untouched,,Unknown,0.0,No Information,,No Information,No
4734,4734,Untouched,,Unknown,0.0,No Information,,No Information,No
4735,4735,Untouched,,Unknown,0.0,No Information,,No Information,No
4736,4736,Untouched,,Unknown,0.0,No Information,,No Information,No
4737,4737,Untouched,,Unknown,0.0,No Information,,No Information,No
4738,4738,Untouched,,Unknown,0.0,No Information,,No Information,No
4739,4739,Call <1Hr,,Najiya,0.0,No Information,,"Bsc multimeaia,uiux enquiry",No
4740,4740,Untouched,,Unknown,0.0,No Information,,No Information,No
4741,4741,Call <4Hr,,Najiya,18.0,No Information,,"He is enquiry  to mernstack course ,kochi hub prefered, weekback and review okke ariyam,nokeet parayam",No
4742,4742,Untouched,,Unknown,0.0,No Information,,No Information,No
4743,4743,Untouched,,Unknown,0.0,No Information,,No Information,No
4744,4744,Untouched,,Unknown,0.0,No Information,,No Information,No
4745,4745,Untouched,,Unknown,0.0,No Information,,No Information,No
4746,4746,Untouched,,Unknown,0.0,No Information,,No Information,No
4747,4747,Untouched,,Unknown,0.0,No Information,,No Information,No
4748,4748,Untouched,,Unknown,0.0,No Information,,No Information,No
4749,4749,Untouched,,Unknown,0.0,No Information,,No Information,No
4750,4750,Untouched,,Unknown,0.0,No Information,,No Information,No
4751,4751,Untouched,,Unknown,0.0,No Information,,No Information,No
4752,4752,Untouched,,Unknown,0.0,No Information,,No Information,No
4753,4753,Untouched,,Unknown,0.0,No Information,,No Information,No
4754,4754,Untouched,,Unknown,0.0,No Information,,No Information,No
4755,4755,Untouched,,Unknown,0.0,No Information,,No Information,No
4756,4756,Untouched,,Unknown,0.0,No Information,,No Information,No
4757,4757,Untouched,,Unknown,0.0,No Information,,No Information,No
4758,4758,Call <24Hr,2026-01-07,Afees,126.0,No Information,,No Information,No
4759,4759,Call <24Hr,2026-08-07,Ambili,0.0,No Information,2026-09-07,"aalde wifen vendittaan, wife ipppo psycology aan padichehd, veed manjeri busy aan
fee issue und ivante oru czn nd aal ivde alrdy contact cheydhunna pryne",No
4760,4760,Untouched,,Unknown,0.0,No Information,,No Information,No
4761,4761,Untouched,,Unknown,0.0,No Information,,No Information,No
4762,4762,Untouched,,Unknown,0.0,No Information,,No Information,No
4763,4763,Call >72Hr,,Rincy,0.0,No Information,2026-12-07,////6n rnp////7n rnp///8n aalalla phone eduthe//9n rnp/14n rnp,No
4764,4764,Untouched,,Unknown,0.0,No Information,,No Information,No
4765,4765,Call <24Hr,2026-03-07,Afees,1036.0,No Information,2026-04-07,alu corrently ba economics kazhinjirikkanu,No
4766,4766,Call <24Hr,2026-04-07,Afees,13.0,No Information,2026-06-07,"bba kazhijathanu kasarkode,alu oranganu onn fresh upm ayittu vilikkannu paranju",No
4767,4767,Untouched,,Unknown,0.0,No Information,,No Information,No
4768,4768,Untouched,,Unknown,0.0,No Information,,No Information,No
4769,4769,Untouched,,Unknown,0.0,No Information,,No Information,No
4770,4770,Call >24Hr,2026-04-07,Afees,59.0,No Information,2026-06-07,next eath field edukkanam enn onnum oru idea illa not serious about future life,No
4771,4771,Untouched,,Unknown,0.0,No Information,,No Information,No
4772,4772,Untouched,,Unknown,0.0,No Information,,No Information,No
4773,4773,Untouched,,Unknown,0.0,No Information,,No Information,No
4774,4774,Untouched,,Unknown,0.0,No Information,,No Information,No
4775,4775,Untouched,,Unknown,0.0,No Information,,No Information,No
4776,4776,Untouched,2026-10-07,Rincy,0.0,No Information,2026-10-07,incoming call facility not available contacted on wtsp//9n rnp incomming call illa///10n rnp,No
4777,4777,Call <24Hr,2026-01-07,Afees,0.0,No Information,,No Information,No
4778,4778,Untouched,,Unknown,0.0,No Information,,No Information,No
4779,4779,Call >72Hr,2026-06-07,Rincy,0.0,No Information,2026-07-07,rnp contacted on wtsp(he cut the call twice) ////6n rnp ////6n rnp..msged..it course intrest illa mechanical related course an noknu..call edknilla msg ayach poyi,No
4780,4780,Call <24Hr,2026-02-07,Afees,0.0,No Information,2026-02-09,wtsp call only available wife ann enquiry cheythe alu currently +2 kazhinju nikkanu basic details shared on wtsp,No
4781,4781,Untouched,,Unknown,0.0,No Information,,No Information,No
4782,4782,Untouched,,Unknown,0.0,No Information,,No Information,No
4783,4783,Untouched,,Unknown,0.0,No Information,,No Information,No
4784,4784,Untouched,,Unknown,0.0,No Information,,No Information,No
4785,4785,Untouched,,Unknown,0.0,No Information,,No Information,No
4786,4786,Untouched,,Unknown,0.0,No Information,,No Information,No
4787,4787,Untouched,,Unknown,0.0,No Information,,No Information,No
4788,4788,Untouched,,Unknown,0.0,No Information,,No Information,No
4789,4789,Call <24Hr,2026-01-07,Ambili,0.0,No Information,2026-02-07,No Information,No
4790,4790,Untouched,,Unknown,0.0,No Information,,No Information,No
4791,4791,Untouched,,Unknown,0.0,No Information,,No Information,No
4792,4792,Untouched,,Unknown,0.0,No Information,,No Information,No
4793,4793,Untouched,,Unknown,0.0,No Information,,No Information,No
4794,4794,Untouched,,Unknown,0.0,No Information,,No Information,No
4795,4795,Call <4Hr,,Najiya,0.0,No Information,2026-05-09,"BE engineer ,palakkad,foundation paranjittund,nokeet parayam",No
4796,4796,Call >72Hr,2026-08-07,Sanju,41.0,No Information,,incoming call facility not available,No
4797,4797,Call < 5 mins,,Ambili,1.0,No Information,,"avan vtlokke ok aan bt korch kazhinjulla batchokke madhinnan paraynedh, sanjuntelnn contact cheydhu",No
4798,4798,Call < 5 mins,2026-05-08,Najiya,18.0,No Information,2026-05-08,"interested,mubashir frnd,bsc maths &Physics",No
4799,4799,Call < 5 mins,2026-07-08,Najiya,41.0,No Information,2026-07-08,"interested it course,Bsc physics &maths",No
4800,4800,Untouched,,Unknown,0.0,No Information,,No Information,No
4801,4801,Untouched,,Unknown,0.0,No Information,,No Information,No
4802,4802,Call <1Hr,,Najiya,0.0,No Information,,"Waysanad ,nehru college thrissur padichathu,kochi interested",No
4803,4803,Call < 45 mins,,Bridgeon Admin,30.0,No Information,2026-09-07,"fees  issue ayirunnu  foundationilek pitch cheythittund ,August brother marriage anu",No
4804,4804,Untouched,,Unknown,0.0,No Information,,No Information,No
4805,4805,Untouched,,Unknown,0.0,No Information,,No Information,No
4806,4806,Untouched,,Unknown,0.0,No Information,,No Information,No
4807,4807,Untouched,,Unknown,0.0,No Information,,No Information,No
4808,4808,Call >24Hr,2026-03-07,Afees,139.0,No Information,2026-03-07,"house wife,27 years old ann mannarkkad ann place online only possible basic details shared",No
4809,4809,Call >72Hr,2026-06-07,Sanju,22.0,No Information,,No Information,No
4810,4810,Untouched,,Unknown,0.0,No Information,,No Information,No
4811,4811,Call >72Hr,,Bridgeon Admin,0.0,No Information,,rnp contacted on wtsp\\rnp wtsp no response\\same situation,No
4812,4812,Untouched,,Unknown,0.0,No Information,,No Information,No
4813,4813,Untouched,,Unknown,0.0,No Information,,No Information,No
4814,4814,Untouched,,Unknown,0.0,No Information,,No Information,No
4815,4815,Untouched,,Unknown,0.0,No Information,,No Information,No
4816,4816,Untouched,,Unknown,0.0,No Information,,No Information,No
4817,4817,Untouched,,Unknown,0.0,No Information,,No Information,No
4818,4818,Untouched,,Unknown,0.0,No Information,,No Information,No
4819,4819,Untouched,,Unknown,0.0,No Information,,No Information,No
4820,4820,Call >24Hr,2026-05-07,Afees,0.0,No Information,2026-06-07,working on a BDE in a it company cyber park busy will connect later online interested,No
4821,4821,Untouched,,Unknown,0.0,No Information,,No Information,No
4822,4822,Call < 5 mins,,Bridgeon Admin,7.0,No Information,,No Information,No
4823,4823,Call < 5 mins,,Najiya,337.0,No Information,,Dilijith frnd,No
4824,4824,Untouched,,Unknown,0.0,No Information,,No Information,No
4825,4825,Call < 30 mins,2026-08-08,Najiya,2.0,No Information,2026-08-08,"interested business anaytics ,not labtop but join july batch aged 30,degree cmplt distance,visit kochi hub tmrw",No
4826,4826,Untouched,,Unknown,0.0,No Information,,No Information,No
4827,4827,Untouched,,Unknown,0.0,No Information,,No Information,No
4828,4828,Untouched,,Unknown,0.0,No Information,,No Information,No
4829,4829,Untouched,,Unknown,0.0,No Information,,No Information,No
4830,4830,Call < 45 mins,,Rincy,2.0,No Information,,adnalinte frnd,No
4831,4831,Call < 45 mins,2026-01-09,Rincy,39.0,No Information,2026-06-09,adnalinte frnd aan ...quwaith povan visiting kayinj vannitt nokam nenn//25n msged///6n bc...11n parents gulfinn varunnund vannitt nokam enn//..19n msged///24n rnp///1n ....tripilan free aayit varam,No
4832,4832,Untouched,,Unknown,0.0,No Information,,No Information,No
4833,4833,Untouched,,Unknown,0.0,No Information,,No Information,No
4834,4834,Untouched,,Unknown,0.0,No Information,,No Information,No
4835,4835,Untouched,,Unknown,0.0,No Information,,No Information,No
4836,4836,Untouched,,Unknown,0.0,No Information,,No Information,No
4837,4837,Call >72Hr,2026-06-07,Rincy,17.0,No Information,2026-05-07,"bio chemistry ann padichath,currently lab technition course nokkunnund,it field it vare nokkiyittilla basic details shared on wtsp rapport build ayittilla,alkk eath course ann enqury cheythath enn thanne idea illa///4n rnp",No
4838,4838,Untouched,,Unknown,0.0,No Information,,No Information,No
4839,4839,Untouched,,Unknown,0.0,No Information,,No Information,No
4840,4840,Call >72Hr,2026-10-07,Rincy,11.0,No Information,2026-10-07,4n aal bathroomil aan umma aan call eduthe////7n rnp/8n porathanenn///10n rnp,No
4841,4841,Call >24Hr,,Bridgeon Admin,0.0,No Information,2026-02-07,No Information,No
4842,4842,Call >24Hr,2026-01-07,Afees,51.0,No Information,,No Information,No
4843,4843,Call >24Hr,2026-04-07,Afees,25.0,No Information,2026-06-07,busy will connect latern working 20 years old,No
4844,4844,Call >24Hr,,Najiya,85.0,No Information,,"interested data anaytics,already contact broto ,aviduthe fee kooduthal ayappo ivide enquiry cheythaathanu",No
4845,4845,Untouched,,Unknown,0.0,No Information,,No Information,No
4846,4846,Untouched,,Unknown,0.0,No Information,,No Information,No
4847,4847,Untouched,,Unknown,0.0,No Information,,No Information,No
4848,4848,Unknown,,nafi,3.0,No Information,,Rnp//rnp wtsp no response//same,No
4849,4849,Untouched,,Unknown,0.0,No Information,,No Information,No
4850,4850,Call >24Hr,2026-06-07,Ambili,0.0,No Information,2026-11-07,"btech e varsham kazhinedhan veed ekm, frndude indnna prnjedh, python aan nokkunnehd
rnp korch kazhinjitte nokkunnollmsg ayachu",No
4851,4851,Untouched,,Unknown,0.0,No Information,,No Information,No
4852,4852,Untouched,,Unknown,0.0,No Information,,No Information,No
4853,4853,Untouched,,Unknown,0.0,No Information,,No Information,No
4854,4854,Untouched,,Unknown,0.0,No Information,,No Information,No
4855,4855,Call >24Hr,2026-06-07,Ambili,175.0,No Information,2026-02-07,No Information,No
4856,4856,Untouched,,nafi,0.0,No Information,,all ippo trip vanne enna paranje so korch kayinj villicha mathiyooo enn ann paranjeth wtsp message cheythind \\ rnp wtsp no reply \\ rnp // rnp//no responce,No
4857,4857,Untouched,,Unknown,0.0,No Information,,No Information,No
4858,4858,Call >48Hr,2026-03-08,Najiya,0.0,No Information,2026-03-08,"visited hub ,with friend sahal",No
4859,4859,Call <24Hr,,Najiya,0.0,No Information,,"jasil frnd,nokittu parayam",No
4860,4860,Untouched,,Unknown,0.0,No Information,,No Information,No
4861,4861,Untouched,,Unknown,0.0,No Information,,No Information,No
4862,4862,Untouched,,Unknown,0.0,No Information,,No Information,No
4863,4863,Untouched,,Unknown,0.0,No Information,,No Information,No
4864,4864,Untouched,,Unknown,0.0,No Information,,No Information,No
4865,4865,Untouched,,Unknown,0.0,No Information,,No Information,No
4866,4866,Untouched,,Unknown,0.0,No Information,,No Information,No
4867,4867,Call >24Hr,2026-01-07,Ambili,15.0,No Information,2026-02-07,No Information,No
4868,4868,Untouched,,nafi,22.0,No Information,,Connect throu wtsp //but no reply after knowing its from bridgeon//allkk plustwoill 2 papper back ind so athintte result wait akkann // wtspill alle connect cheyind// rnp // rnp wtsp connected // rnp//rnp wtsp no response,No
4869,4869,Untouched,,Unknown,0.0,No Information,,No Information,No
4870,4870,Untouched,,Unknown,0.0,No Information,,No Information,No
4871,4871,Call >24Hr,,Bridgeon Admin,0.0,No Information,,rnp/3/,No
4872,4872,Untouched,,Unknown,0.0,No Information,,No Information,No
4873,4873,Call >72Hr,2026-07-07,Ambili,67.0,No Information,,No Information,No
4874,4874,Call >72Hr,,Ambili,49.0,No Information,,No Information,No
4875,4875,Call >72Hr,2026-07-07,Ambili,0.0,No Information,,No Information,No
4876,4876,Untouched,,Unknown,0.0,No Information,,No Information,No
4877,4877,Untouched,,Unknown,0.0,No Information,,No Information,No
4878,4878,Call >48Hr,2026-01-07,Sumayya,45.0,No Information,,No Information,No
4879,4879,Call < 30 mins,,Najiya,0.0,No Information,,No Information,No
4880,4880,Call < 5 mins,2026-11-08,Najiya,5.0,No Information,,"plustwo commerce ,enquiry for brother,may be visit manjeri hub",No
4881,4881,Untouched,,Unknown,0.0,No Information,,No Information,No
4882,4882,Untouched,,Unknown,0.0,No Information,,No Information,No
4883,4883,Untouched,,Unknown,0.0,No Information,,No Information,No
4884,4884,Call >48Hr,2026-01-07,Sumayya,34.0,No Information,,No Information,No
4885,4885,Call >48Hr,,Najiya,0.0,No Information,,No Information,No
4886,4886,Untouched,,Unknown,0.0,No Information,,No Information,No
4887,4887,Untouched,,Unknown,0.0,No Information,2026-02-07,No Information,No
4888,4888,Call >24Hr,2026-08-07,Najiya,48.0,No Information,2026-11-07,"interested,direct walk in,theerumanam ayittu parayam",No
4889,4889,Call <4Hr,,Ambili,0.0,No Information,2026-09-07,No Information,No
4890,4890,Call >24Hr,,Najiya,0.0,No Information,,"interested ,direct walking",No
4891,4891,Call <4Hr,,Najiya,0.0,No Information,,"Interested ,he is tirur,inform tmrw.visit hub tmrrow,with 2 frnds",No
4892,4892,Call <4Hr,,Najiya,4.0,No Information,,"degree drop out,details sending,uae povukayanu ,avide ethiyittu parayam",No
4893,4893,Call <4Hr,2026-06-08,Najiya,0.0,No Information,2026-06-08,"sending details,inform after discuss parents",No
4894,4894,Call <4Hr,,Najiya,0.0,No Information,,"BSWS(social worker ),no idea and not background,with frnd deepak",No
4895,4895,Unknown,,Bridgeon Admin,0.0,No Information,,rnp whatsapp mesaged,No
4896,4896,Call < 5 mins,2026-07-07,Sumayya,55.0,No Information,,+2 aann //cousin recommwend chyththh aann//detils shrred aann nokka//manjeri aann nokunnee,No
4897,4897,Call < 30 mins,2026-03-07,Rincy,10.0,No Information,2026-06-07,onnum paranjilla adhinte munne vtl onn aaloychit parayam enn ....bcom 2023 kayinjadah aluva an veed/////1n rnp///3n rnp,No
4898,4898,Call >72Hr,,Sumayya,0.0,No Information,,"rnp/2
16/7//watsappp chytha mathiii call eedukkunnee illaa//details shred // allk ippo ore surgery kayinj nikkan tumer indayirnnu so alk kudthall samsarikan pattulla// wtsp connect cheythind//evidann aroo connect cheythind ebnn parnjuu pinne data anlatics ann main ayitt nokunne // family nood samsarichitt parayam enn paranjuu",No
4899,4899,Call <4Hr,2026-10-07,Najiya,0.0,No Information,2026-10-07,"intereste ddata science aiml enquiry ,already know development ,",No
4900,4900,Untouched,,Unknown,0.0,No Information,,No Information,No
4901,4901,Untouched,,Unknown,0.0,No Information,,No Information,No
4902,4902,Untouched,,Unknown,0.0,No Information,,visited hub,No
4903,4903,Call >24Hr,2026-10-07,Najiya,0.0,No Information,,"nihal frnd,cheruvannur school",No
4904,4904,Call >48Hr,2026-07-07,Najiya,47.0,No Information,2026-08-07,"Rishad B49 referal ,interested,9656038055,interested join,",No
4905,4905,Untouched,,Unknown,0.0,No Information,,No Information,No
4906,4906,Untouched,,Unknown,0.0,No Information,,No Information,No
4907,4907,Untouched,,Unknown,0.0,No Information,,No Information,No
4908,4908,Untouched,,Unknown,0.0,No Information,,No Information,No
4909,4909,Untouched,,Unknown,0.0,No Information,,No Information,No
4910,4910,Untouched,,Unknown,0.0,No Information,,No Information,No
4911,4911,Untouched,,Unknown,0.0,No Information,,No Information,No
4912,4912,Call <8Hr,,Rincy,26.0,No Information,,dgree ba arabic......chelari aan veed /////1n rnp///3n nokatte time idkum,No
4913,4913,Call < 15 mins,2026-07-07,Ambili,0.0,No Information,2026-08-07,"wayanad aan veed  e varsham bca kazhinju next edhann decide aakkittilla details paranj kodthind
hospitalil aan",No
4914,4914,Untouched,,Unknown,0.0,No Information,,No Information,No
4915,4915,Untouched,,Unknown,0.0,No Information,,No Information,No
4916,4916,Untouched,,Unknown,0.0,No Information,,No Information,No
4917,4917,Call <8Hr,,Najiya,86.0,No Information,,"kottakkal,interested dot net enquiry",No
4918,4918,Untouched,,Unknown,0.0,No Information,,No Information,No
4919,4919,Untouched,,Unknown,0.0,No Information,,No Information,No
4920,4920,Untouched,,Unknown,0.0,No Information,,No Information,No
4921,4921,Call >72Hr,2026-11-07,Najiya,25.0,No Information,,No Information,No
4922,4922,Call <24Hr,,Najiya,96.0,No Information,,"Ba english,vadakkara ,interested,She is neibour already studying bridgeon",No
4923,4923,Call < 30 mins,,Ambili,0.0,No Information,,No Information,No
4924,4924,Call <4Hr,,Sanju,0.0,No Information,,bridgeon nn aanu nn paranjapo call cut chyuvanu,No
4925,4925,Call <4Hr,,Ambili,0.0,No Information,,wtspilm kittunnilla,No
4926,4926,Call <8Hr,2026-03-07,Rincy,43.0,No Information,2026-02-07,"b teck kayinju thrisur aan veed,,,.
/////1n rnp///3n not intrested",No
4927,4927,Call >48Hr,2026-07-08,Sumayya,27.0,No Information,,plus two kyinju/thrissurr aannn//basics padikunnindd//sle learnn chythitt,No
4928,4928,Untouched,,Unknown,0.0,No Information,,No Information,No
4929,4929,Call <24Hr,2026-11-07,Rincy,15.0,No Information,2026-11-07,rnp///3n 6 manik sheesahm vilikan//6n msged//8n msged///10n rnp,No
4930,4930,Call <24Hr,2026-07-07,Ambili,14.0,No Information,2026-06-07,aalk vellya idea onnulla plustwo nios ezhthidhan ippo automobilel wrkeyyunnu,No
4931,4931,Call <24Hr,,Sanju,75.0,No Information,,No Information,No
4932,4932,Call <24Hr,2026-01-07,Rincy,4.0,No Information,,Msged//29n rnp//29n rnp////30n rnp,No
4933,4933,Call >72Hr,2026-06-07,Rincy,9.0,No Information,2026-05-07,bridgeon paranjathummm cut aaki poii///3n rnp///4n rnp ////6n rnp,No
4934,4934,Call <24Hr,2026-02-07,Ambili,0.0,No Information,,"plstwo kazhinjedh, brotol foundation kazhinjedh, avdnn refund kittanund",No
4935,4935,Call <24Hr,2026-02-07,Ambili,504.0,No Information,,mothr aan phone edthedh,No
4936,4936,Call < 5 mins,2026-06-07,Rincy,0.0,No Information,2026-08-07,Msged/////1n rnp///3n rnp ////6n rnp ////6n rnp,No
4937,4937,Untouched,,Ambili,0.0,No Information,,No Information,No
4938,4938,Untouched,,Unknown,0.0,No Information,,No Information,No
4939,4939,Call >24Hr,2026-04-07,Rincy,0.0,No Information,2026-04-07,29n bc aan////30n rnp///3n rnp,No
4940,4940,Call < 15 mins,,Ambili,29.0,No Information,,"ippo pg dstnce cheyyunnu oru kunj und, ivalk septmbr tymilk aan batch vendeth, data analytics, veed pattambi
 busy
septmbrlek patoll hus varanm",No
4941,4941,Untouched,,Sanju,205.0,No Information,,No Information,No
4942,4942,Call <4Hr,,Bridgeon Admin,67.0,No Information,,No Information,No
4943,4943,Call < 5 mins,2026-09-08,Najiya,29.0,No Information,2026-01-07,"jihan frnd ,visit hub today,interested julay batch",No
4944,4944,Call < 5 mins,2026-01-08,Najiya,0.0,No Information,2026-08-07,"inform later,irshad frnd cousin",Yes
4945,4945,Call < 5 mins,,Najiya,1.0,No Information,,No Information,No
4946,4946,Call < 5 mins,,Najiya,67.0,No Information,,No Information,No
4947,4947,Call < 5 mins,,Najiya,368.0,No Information,,No Information,No
4948,4948,Call < 5 mins,,Najiya,140.0,No Information,,No Information,No
4949,4949,Call < 5 mins,,Najiya,52.0,No Information,,No Information,No
4950,4950,Call < 5 mins,,Najiya,18.0,No Information,,No Information,No
4951,4951,Call < 5 mins,,Najiya,0.0,No Information,,No Information,Yes
4952,4952,Call < 5 mins,,Najiya,34.0,No Information,,No Information,No
4953,4953,Call <4Hr,2026-01-07,Rincy,9.0,No Information,,Aal vtl illa..bc aan msg itt//29n rnp////30n rnp,No
4954,4954,Call >24Hr,2026-11-07,Ambili,0.0,No Information,,"wayanad aan veed, sociology pdikkanan plan undayrnne, mothernodm samsarichu, e fieldne kurich idea illa, 
vtlnn sammadhikkunnilla dgree nokkanan parayunnedh",No
4955,4955,Untouched,,Unknown,0.0,No Information,,No Information,No
4956,4956,Call <4Hr,2026-04-07,Afees,111.0,No Information,,busy will connect later,No
4957,4957,Call <4Hr,,Ambili,0.0,No Information,,No Information,No
4958,4958,Call <4Hr,2026-07-07,Rincy,3.0,No Information,2026-07-07,Rnp//rnp//29n rnp//3n bc aanenn ////6n rnp////7n rnp,No
4959,4959,Call < 5 mins,,Sumayya,181.0,No Information,,No Information,No
4960,4960,Call <8Hr,2026-04-07,Sumayya,10.0,No Information,,No Information,No
4961,4961,Untouched,,Unknown,0.0,No Information,,No Information,No
4962,4962,Untouched,,Unknown,0.0,No Information,,No Information,No
4963,4963,Call <8Hr,2026-02-07,Ambili,9.0,No Information,2026-03-07,No Information,No
4964,4964,Call <24Hr,,Sanju,1063.0,No Information,,from catalyst academic advisor open aayt thane karyangal paranju njnm paranju koduthu details but fees high aan ennanu paranje,No
4965,4965,Call <24Hr,2026-04-07,Rincy,21.0,No Information,2026-04-07,Rnp..bc aan //29n rnp///3n rnp///4n nokunnilla,No
4966,4966,Untouched,,Unknown,0.0,No Information,,No Information,No
4967,4967,Unknown,,Bridgeon Admin,7.0,No Information,,"rnp contacted on wtsp //rnp wtsp no response
//same",No
4968,4968,Call <24Hr,2026-11-08,Ambili,8.0,No Information,2026-03-08,"ippo bsc paramedical dropeydh nikkaan tvm veed crse intro kodthind
rnp, ippo nokkunniilla",No
4969,4969,Call <24Hr,,Sanju,0.0,No Information,,details shared aan mother home nurse aan father illa ba ecnomics aan padichath,No
4970,4970,Call <24Hr,,Rincy,27.0,No Information,,Urangan pinne vilikan....rnp//29n rnp,No
4971,4971,Unknown,,Bridgeon Admin,52.0,No Information,,rnp contacted on wtsp//rnp wtsp no response//same,No
4972,4972,Untouched,,Unknown,0.0,No Information,,No Information,No
4973,4973,Call >24Hr,,Sumayya,8.0,No Information,,No Information,No
4974,4974,Call <24Hr,2026-04-07,Afees,0.0,No Information,2026-06-07,busy will connect later,No
4975,4975,Untouched,,nafi,0.0,No Information,,Wtsp connect// all data science ann nokkunne wtspill connect cheythittund//rnp// he repali in wtsp / / call rnp he only communicate through wtsp// rnp try to connect on wtsp//all mca alotment vanitt conform cheyyam enn ann paranjeh,No
4976,4976,Call <24Hr,,Sanju,59.0,No Information,,No Information,No
4977,4977,Call >24Hr,,Rincy,35.0,No Information,,No Information,No
4978,4978,Call < 15 mins,2026-01-07,Sumayya,131.0,No Information,,plus two introvert,No
4979,4979,Call <24Hr,,Ambili,49.0,No Information,,No Information,No
4980,4980,Untouched,,Unknown,0.0,No Information,,No Information,No
4981,4981,Untouched,,Bridgeon Admin,0.0,No Information,,rnp contacted on wtsp// no incoming wtsp connect// he was currently in abrod so we can oly connect hin in wtsp//wtsp no response // no response// rnp,No
4982,4982,Call >72Hr,,Ambili,0.0,No Information,2026-10-07,No Information,No
4983,4983,Untouched,,Unknown,0.0,No Information,,No Information,No
4984,4984,Call < 30 mins,,Bridgeon Admin,37.0,No Information,2026-03-07,"interested cloud computing,kochi hub prefered",No
4985,4985,Untouched,,Unknown,0.0,No Information,,No Information,No
4986,4986,Call >72Hr,,Sumayya,0.0,No Information,,Bc aanenn paranju msged//29n rnp//30n nokatte/////1n rnp////7n rnp,No
4987,4987,Untouched,,Unknown,0.0,No Information,,No Information,No
4988,4988,Untouched,,Unknown,0.0,No Information,,No Information,No
4989,4989,Call <8Hr,2026-01-07,Rincy,21.0,No Information,2026-01-07,Msged///27nn rnp///28n rnp//29n rnp//1n nokunnilla,No
4990,4990,Untouched,,Bridgeon Admin,0.0,No Information,,rnp contacted on wtsp// rnp// rnp wtsp no responeds//same situation repete,No
4991,4991,Call >72Hr,,Bridgeon Admin,25.0,No Information,,rnp contacted on wtsp,No
4992,4992,Call >72Hr,2026-11-08,Rincy,17.0,No Information,,No Information,No
4993,4993,Call >72Hr,,Bridgeon Admin,49.0,No Information,,swithched off contacted on wtsp,No
4994,4994,Call <24Hr,,Ambili,16.0,No Information,,No Information,No
4995,4995,Untouched,,Unknown,0.0,No Information,,No Information,No
4996,4996,Untouched,,Unknown,0.0,No Information,,No Information,No
4997,4997,Call < 5 mins,,Rincy,33.0,No Information,,Cheydhittills,No
4998,4998,Untouched,,Unknown,0.0,No Information,,No Information,No
4999,4999,Untouched,,Unknown,0.0,No Information,,No Information,No
5000,5000,Untouched,,Unknown,0.0,No Information,,No Information,No
5001,5001,Untouched,,Unknown,0.0,No Information,,No Information,No
5002,5002,Untouched,,Unknown,0.0,No Information,,No Information,No
5003,5003,Untouched,,Unknown,0.0,No Information,,No Information,No
5004,5004,Untouched,,Unknown,0.0,No Information,,No Information,No
5005,5005,Untouched,,Unknown,0.0,No Information,,No Information,No
5006,5006,Untouched,,Unknown,0.0,No Information,,No Information,No
5007,5007,Call <24Hr,,Rincy,6.0,No Information,,Msged///age 27 malappuram aan veed tyming 1030k kweeran patto enn orjayi samsaram..28n msged //29n msged//30n msged///3n time idkum//24n intrest illa,No
5008,5008,Call <24Hr,,Ambili,230.0,No Information,,No Information,No
5009,5009,Untouched,,Unknown,0.0,No Information,,No Information,No
5010,5010,Untouched,,Bridgeon Admin,9.0,No Information,,rnp contacted on wtsp// connect on wtsp\\ rnp wtsp no response//same situation repeat // same as before// rnp,No
5011,5011,Untouched,,Unknown,0.0,No Information,,No Information,No
5012,5012,Untouched,,Unknown,0.0,No Information,,No Information,No
5013,5013,Untouched,,Unknown,0.0,No Information,,No Information,No
5014,5014,Untouched,,Unknown,0.0,No Information,,No Information,No
5015,5015,Untouched,,Unknown,0.0,No Information,,No Information,No
5016,5016,Untouched,,Unknown,0.0,No Information,,No Information,No
5017,5017,Untouched,,Unknown,0.0,No Information,,No Information,No
5018,5018,Call <1Hr,2026-07-07,Ambili,0.0,No Information,2026-09-07,"kazhinja varsham plstwo kazhinju, one yr gap edthu dig mrktngaan nokkidh, kochilaan veed",No
5019,5019,Call < 5 mins,,Najiya,66.0,No Information,2026-04-08,"interested,Aiml interested,inform within 2days for next batch",No
5020,5020,Untouched,,Unknown,0.0,No Information,,No Information,No
5021,5021,Untouched,,Unknown,0.0,No Information,,No Information,No
5022,5022,Call < 30 mins,2026-03-07,Najiya,3.0,No Information,2026-03-07,"Bsc botany,Hr course enquiry ,details sending",No
5023,5023,Call < 5 mins,,Najiya,27.0,No Information,,"Btech aiml,interested  ,foundationilek nokkam ,kochi anu nokunnathu with frnd,now accident and rest",No
5024,5024,Untouched,,Unknown,0.0,No Information,,No Information,No
5025,5025,Call < 15 mins,,Bridgeon Admin,109.0,No Information,2026-09-07,Ramanattukaraaccounting course enquiry,No
5026,5026,Untouched,,Unknown,0.0,No Information,,No Information,No
5027,5027,Untouched,,Unknown,0.0,No Information,,No Information,No
5028,5028,Untouched,,Unknown,0.0,No Information,,No Information,No
5029,5029,Call >72Hr,,Bridgeon Admin,46.0,No Information,,No Information,No
5030,5030,Untouched,,Unknown,0.0,No Information,,No Information,No
5031,5031,Untouched,,Unknown,0.0,No Information,,No Information,No
5032,5032,Call <4Hr,2026-05-07,Afees,0.0,No Information,2026-06-07,ummayanu phone eduthath ingottu directly vsit cheyynan paranjittund +2 mark koravanu kottakkal ann place,No
5033,5033,Call < 5 mins,,Bridgeon Admin,33.0,No Information,,"data anaytics enquiry,working logistics in dubai ,interestedonline",No
5034,5034,Untouched,,Unknown,0.0,No Information,,No Information,No
5035,5035,Call < 5 mins,2026-02-07,Afees,0.0,No Information,,"plus two,next eath field select cheyyanam ennu oru idea illa basic details shared on wtsp",No
5036,5036,Call < 45 mins,,Najiya,0.0,No Information,,"Ai gen enquiry,working backend node js,now  notice period,review scheduled mondat 11.am",No
5037,5037,Call < 5 mins,,Najiya,0.0,No Information,2026-04-09,"interested ds ,may be visited hub,data anaytics anu intetested,meet staff inform later,timing issue",No
5038,5038,Call < 45 mins,,Najiya,61.0,No Information,,"interested data science ,inform later",No
5039,5039,Call < 15 mins,2026-12-08,Najiya,36.0,No Information,2026-12-08,"Data naytics ,data science or business anaytics Enquiry,duration prblm,shameel frnd ,visited hub",No
5040,5040,Untouched,,Unknown,0.0,No Information,,No Information,No
5041,5041,Call <8Hr,2026-04-07,Afees,0.0,No Information,2026-06-07,busy will connect later,No
5042,5042,Untouched,,Unknown,0.0,No Information,,No Information,No
5043,5043,Untouched,,Unknown,0.0,No Information,,No Information,No
5044,5044,Untouched,,Unknown,0.0,No Information,,No Information,No
5045,5045,Untouched,,Unknown,0.0,No Information,,No Information,No
5046,5046,Call < 30 mins,2026-08-08,Najiya,2.0,No Information,2026-11-08,"dtails sharing wtsap,kondotty,",No
5047,5047,Call < 30 mins,,Ambili,38.0,No Information,,"intrstd aan frndsm ind, mnglore aan veed, kochilekk aan nokkunnedh, python aan chodhichedh, nale hub visiteyyum",No
5048,5048,Untouched,,Unknown,0.0,No Information,,No Information,No
5049,5049,Call < 45 mins,,Bridgeon Admin,16.0,No Information,2026-03-07,"pg diploma data anaytics enquiry,inform later,she is kannur",No
5050,5050,Call >72Hr,2026-11-08,Rincy,41.0,No Information,,No Information,No
5051,5051,Untouched,,Unknown,0.0,No Information,,No Information,No
5052,5052,Untouched,,Unknown,0.0,No Information,,No Information,No
5053,5053,Call < 45 mins,,Najiya,0.0,No Information,,"Details sending ,interested",No
5054,5054,Untouched,,Unknown,0.0,No Information,,No Information,No
5055,5055,Untouched,,Unknown,0.0,No Information,,No Information,No
5056,5056,Call < 15 mins,,Bridgeon Admin,41.0,No Information,,"she is working medical cordinator ,interested online data anaytics",No
5057,5057,Call >72Hr,,Sumayya,0.0,No Information,,plus 2 science kayinju ...kannur thalasseri aan veed.............oru course nokunnund .....ee week kond parayam ...28n veyam varunnund Calicut appo kanam enn///1n bc aanu///3n rnp//4n anneeshiknd nokeett paaraym enn///10n rnp..14n cut aaki poyi,No
5058,5058,Call < 45 mins,,Sumayya,16.0,No Information,,coaching class povinndd/ba economics kayinjathaa/malappurmm aann///buzy ayond adhikm samsarichillaa//evening vilikanm//@evningg,No
5059,5059,Untouched,,Unknown,0.0,No Information,,No Information,No
5060,5060,Untouched,,Unknown,0.0,No Information,,No Information,No
5061,5061,Untouched,,Unknown,0.0,No Information,,No Information,No
5062,5062,Untouched,,Unknown,0.0,No Information,,No Information,No
5063,5063,Untouched,,Unknown,0.0,No Information,,No Information,No
5064,5064,Untouched,,Unknown,0.0,No Information,,No Information,No
5065,5065,Untouched,,Unknown,0.0,No Information,,No Information,No
5066,5066,Untouched,,Unknown,0.0,No Information,,No Information,No
5067,5067,Untouched,,Unknown,0.0,No Information,,No Information,No
5068,5068,Untouched,,Unknown,0.0,No Information,,No Information,No
5069,5069,Untouched,,Unknown,0.0,No Information,,No Information,No
5070,5070,Untouched,,Unknown,0.0,No Information,,No Information,No
5071,5071,Call <4Hr,,nafi,16.0,No Information,2026-09-07,"one ppr back in accounting, veed calicut, commerce stati 3 varshm kond job venmnnan parnj vilichedh aal samsarikkunnedhonnm clear alla
thirakkilaan",No
5072,5072,Untouched,,nafi,0.0,No Information,,"incoming call facility not available contacted on wtsp // switch off//rnp wtsp no response//his mother pickup the call and said he was busy
He cut the call // he cut the call no incoming",No
5073,5073,Call <24Hr,2026-04-07,Afees,0.0,No Information,2026-06-07,busy will connect later,No
5074,5074,Untouched,2026-02-07,Afees,151.0,No Information,,No Information,No
5075,5075,Call <24Hr,2026-05-07,Afees,0.0,No Information,2026-06-07,house wife mannarkkad bsc lab techintion ann padiche,No
5076,5076,Untouched,2026-04-07,Afees,0.0,No Information,,busy will connect later,No
5077,5077,Call >72Hr,2026-10-07,Sanju,0.0,No Information,2026-09-07,"plus two just passout,7th standard thottu coding tryout cheyyunnund.already experienced in coding,but he need a proper skill ernakulam ann place basic details shared on wtsp",No
5078,5078,Untouched,,Afees,0.0,No Information,,rnp contacted on wtsp,No
5079,5079,Unknown,,nafi,2.0,No Information,,rnp contacted on wtsp//rnp wtsp no response//same,No
5080,5080,Untouched,2026-11-08,Rincy,0.0,No Information,,No Information,No
5081,5081,Call >72Hr,,Najiya,69.0,No Information,2026-05-09,"he is enquiry to flutter course,review schedule Monday,time parayam",No
5082,5082,Untouched,,Unknown,0.0,No Information,,No Information,No
5083,5083,Untouched,,Unknown,0.0,No Information,,No Information,No
5084,5084,Untouched,,Unknown,0.0,No Information,,No Information,No
5085,5085,Untouched,,Unknown,0.0,No Information,,No Information,No
5086,5086,Call >72Hr,2026-07-07,Ambili,6.0,No Information,,No Information,No
5087,5087,Untouched,,Unknown,0.0,No Information,,No Information,No
5088,5088,Untouched,,Unknown,0.0,No Information,,No Information,No
5089,5089,Call <24Hr,,Rincy,156.0,No Information,,dgree bca kayinju kannur thalasseri aan veed,No
5090,5090,Untouched,,Unknown,0.0,No Information,,No Information,No
5091,5091,Call < 45 mins,,Bridgeon Admin,80.0,No Information,2026-08-07,"data anaytics enquiry  for sister,fully rough,vengara",No
5092,5092,Call < 30 mins,,Najiya,0.0,No Information,,"he is payyoli python enquiry,intetrsted",No
5093,5093,Call <4Hr,,Najiya,0.0,No Information,2026-02-09,"Pg economics doing ,pattambi ,exam and project in 1 month",No
5094,5094,Call <4Hr,2026-06-07,Najiya,0.0,No Information,,"he is already merns stack cmplt in kochi ,but not job,visit manjeri hub today",No
5095,5095,Untouched,,Unknown,0.0,No Information,,No Information,No
5096,5096,Call >72Hr,,Sumayya,0.0,No Information,,No Information,No
5097,5097,Call >72Hr,2026-06-07,Rincy,21.0,No Information,,No Information,No
5098,5098,Untouched,,Unknown,0.0,No Information,,No Information,No
5099,5099,Call < 5 mins,,Najiya,0.0,No Information,2026-06-07,"details sending,only wtsap",No
5100,5100,Call <4Hr,,Ambili,0.0,No Information,2026-10-08,"plstwo kazhinju karuvarakkund place bio science kazhinjedhnnokke parayunnedh, 
mothr samsarichu details nokkunnund
 at hospital",No
5101,5101,Call >72Hr,,nafi,44.0,No Information,,rnp contacted on wtsp,No
5102,5102,Call >72Hr,,Rincy,2.0,No Information,,plus 2 kayinj 1 year gap edth..veed malappuramm...bc aan ingotteekk vilikam enn...details shared//23n rnp..........ok aan//25n rnp..........27n samsarch brother sammayknilla///29n rnp///noknila enn,No
5103,5103,Call < 5 mins,,Rincy,24.0,No Information,,"makan vendittaan, veed mlprm, bio science aan padichedh,  details samsarichind, mootha makan btech pdich job nokkaan, aviationm nokkend....job set aayeella but mon sammayknilla enn///24n rnp",No
5104,5104,Call < 5 mins,,Bridgeon Admin,71.0,No Information,,"Ba english,wandoor aged   30,software testing enquiry, working bike showroom",No
5105,5105,Untouched,,Unknown,0.0,No Information,,No Information,No
5106,5106,Call < 30 mins,,Bridgeon Admin,33.0,No Information,,No Information,No
5107,5107,Untouched,,Unknown,0.0,No Information,,No Information,No
5108,5108,Call < 30 mins,,Bridgeon Admin,24.0,No Information,,"Data anaytics enquiry ,inform later,confusion to insstitute",No
5109,5109,Untouched,,Unknown,0.0,No Information,,No Information,No
5110,5110,Call <4Hr,,Afees,158.0,No Information,,No Information,No
5111,5111,Untouched,,Unknown,0.0,No Information,,No Information,No
5112,5112,Untouched,,Unknown,0.0,No Information,,No Information,No
5113,5113,Untouched,,Unknown,0.0,No Information,,No Information,No
5114,5114,Untouched,,Unknown,0.0,No Information,,No Information,No
5115,5115,Untouched,,Unknown,0.0,No Information,,No Information,No
5116,5116,Call <4Hr,2026-07-07,Ambili,0.0,No Information,2026-07-07,"veed thrissur, bba kazhinja yr compltd aan ippo onnum cheyyunilla,",No
5117,5117,Untouched,,Unknown,0.0,No Information,,No Information,No
5118,5118,Untouched,,Unknown,0.0,No Information,,No Information,No
5119,5119,Call < 45 mins,,Sanju,647.0,No Information,,ithu verte register chytha pole ind karyangal mathram choich pinne vilichamathyo ennanu choiche avshyam undengil,No
5120,5120,Call < 5 mins,,Rincy,19.0,No Information,,plus 2 kayinju acoounting course kayinju kuttyadi aan veed online aan nokunnee//26n intrest illa,No
5121,5121,Untouched,,Unknown,0.0,No Information,,No Information,No
5122,5122,Call < 45 mins,,Najiya,55.0,No Information,,"interested data science or cloud computing,palakkad,btech EC",No
5123,5123,Call >72Hr,,Bridgeon Admin,91.0,No Information,2026-06-08,"Bsc physics ,regional college,he is working  ,evening call only.data science ,aiml enquiry,place kondott y kizhissery",No
5124,5124,Untouched,,Unknown,0.0,No Information,,No Information,No
5125,5125,Untouched,,Unknown,0.0,No Information,,No Information,No
5126,5126,Untouched,,Unknown,0.0,No Information,,No Information,No
5127,5127,Untouched,,Unknown,0.0,No Information,,No Information,No
5128,5128,Untouched,,Unknown,0.0,No Information,,No Information,No
5129,5129,Untouched,,Unknown,0.0,No Information,,No Information,No
5130,5130,Untouched,,Unknown,0.0,No Information,,No Information,No
5131,5131,Untouched,,Unknown,0.0,No Information,,No Information,No
5132,5132,Untouched,,Unknown,0.0,No Information,,No Information,No
5133,5133,Call <4Hr,,Najiya,2.0,No Information,,No Information,No
5134,5134,Call <1Hr,,Najiya,0.0,No Information,,No Information,No
5135,5135,Call <4Hr,,Sumayya,7.0,No Information,,No Information,No
5136,5136,Untouched,,Unknown,0.0,No Information,,No Information,No
5137,5137,Untouched,,Unknown,0.0,No Information,,No Information,No
5138,5138,Call <4Hr,2026-04-07,Afees,29.0,No Information,,busy will connect later oru hospital issue ann,No
5139,5139,Call <24Hr,,Sumayya,55.0,No Information,,sister aan eduthe/purth aann ippoo vtl chebnnit bilikaa,No
5140,5140,Untouched,,Unknown,0.0,No Information,,No Information,No
5141,5141,Untouched,,Unknown,0.0,No Information,,No Information,No
5142,5142,Call <24Hr,2026-07-07,Ambili,109.0,No Information,2026-07-07,financially nalle dwn aan upakk sugella,No
5143,5143,Untouched,,Unknown,0.0,No Information,,No Information,No
5144,5144,Call <24Hr,,Ambili,101.0,No Information,2026-10-07,"plustwo 2025 kazhinju 2 ppr back und, veed mlprm, kore ingne samsarikka ivan oru accident patiyedhan thalayk injury aayedh, one yr rest edth parentsokke gulfil aayrnnu ippo oru restrauntil wrking aan
onnude nokknm",No
5145,5145,Untouched,,Unknown,0.0,No Information,2026-06-07,father took call makal register chythindavm ennan paranje,No
5146,5146,Call <24Hr,,Rincy,17.0,No Information,,call ponillaaa///26n ita kayinju  tvm aan veed..online aan nokunne 28n time veenam///3n onnum mindunnilla///4n rnp,No
5147,5147,Call <24Hr,,Sumayya,82.0,No Information,,No Information,No
5148,5148,Untouched,,Unknown,0.0,No Information,,No Information,No
5149,5149,Call <24Hr,,Afees,57.0,No Information,2026-03-09,"bcom distance padikkunnund,3rd year next it field nokkiyal kollam ennund basic details shared on wtsp",No
5150,5150,Untouched,,Unknown,0.0,No Information,,No Information,No
5151,5151,Untouched,,Unknown,0.0,No Information,,No Information,No
5152,5152,Call <24Hr,,Ambili,153.0,No Information,,"jst enquiry cheydhedhan ippo logistics padikkunnund, veed mannarkkad",No
5153,5153,Untouched,,Unknown,0.0,No Information,,No Information,No
5154,5154,Untouched,,Unknown,0.0,No Information,,No Information,No
5155,5155,Call <24Hr,,Ambili,16.0,No Information,,No Information,No
5156,5156,Call <24Hr,2026-01-07,Rincy,0.0,No Information,2026-01-07,rnp///26n rnp////27nn rnp28n rnp/////1n rnp,No
5157,5157,Untouched,,Sumayya,5.0,No Information,,"rnp/2/
26/6//rnp/3//rnp/4//",No
5158,5158,Untouched,,Unknown,0.0,No Information,,No Information,No
5159,5159,Call >72Hr,,Bridgeon Admin,0.0,No Information,,rnp contacted on wtsp,No
5160,5160,Untouched,,Unknown,0.0,No Information,,No Information,No
5161,5161,Untouched,,Unknown,0.0,No Information,,No Information,No
5162,5162,Call < 5 mins,2026-11-07,Najiya,0.0,No Information,2026-11-07,"Enquiry for wife and friend ,data anaytics enquiry,visit manjeri hub,perinthalmanna ,ba english",No
5163,5163,Call <24Hr,,Afees,0.0,No Information,2026-03-08,"mcom ann padiche,next acounting nokkan thalparyam illa basic details shared on wtsp",No
5164,5164,Call >72Hr,,Bridgeon Admin,0.0,No Information,,rnp wtsp msgd,No
5165,5165,Call >72Hr,,Sumayya,227.0,No Information,,"foundation pitched,interested,data anaytics enquiry,brother prajul take admission in bridgeon,internship  after inform",No
5166,5166,Call <24Hr,,Rincy,11.0,No Information,,bc//dgree 2024 pass out aan flutter full stack okke cheydhittund but intrest python full stackil aan 10 mnth intrest illa appo online pitcha aki ...2 year katharil poyeeni but onnum set aayeella...inn evening confirmation tharn nokam ..///28n bc aanenn///29n cut aaki,No
5167,5167,Call < 30 mins,,Najiya,72.0,No Information,,"Bsc chemistry,she is enquiry data anaytics ,saniya nandana frnd,vadakkara,interested,visit hub may be friday",No
5168,5168,Call < 5 mins,2026-07-07,Najiya,16.0,No Information,2026-07-07,"Kuttiyady,vismaya referal ,she is hospital now ,recover after inform",No
5169,5169,Call < 30 mins,,Bridgeon Admin,16.0,No Information,2026-08-07,"intersted data anytics ,perambra,inform later",No
5170,5170,Untouched,,Unknown,0.0,No Information,,No Information,No
5171,5171,Untouched,,Unknown,0.0,No Information,,No Information,No
5172,5172,Call >24Hr,2026-03-07,Najiya,9.0,No Information,2026-03-07,"Bvoc qualification,visited hub",No
5173,5173,Call < 5 mins,2026-11-08,Najiya,0.0,No Information,2026-11-08,"he is tirur,data science enquiry ,interested kochi hub,visit hub tmrw",No
5174,5174,Call < 15 mins,,Najiya,105.0,No Information,,"Vdakkara,intereted data anaytics enquiry,",No
5175,5175,Call < 15 mins,,Najiya,0.0,No Information,,"Btech mech,interested python ,golang,sending details",No
5176,5176,Call < 30 mins,,Bridgeon Admin,51.0,No Information,,"internship enquiry ,discuss parents",No
5177,5177,Call >72Hr,,Rincy,16.0,No Information,,.////11n rnp.////11n rnp//14n rnp,No
5178,5178,Call >72Hr,,Rincy,0.0,No Information,,"bsc cyber forensic,upac tryout cheythonu 2 years gap vananu,6 month software testing course cheythttund gap vannondu next enth cheyyanmnn ariyilla,but alkk ippo enquiry cheytha oru idea illa basic details shared on wtsp////30n rnp///4n rnp//8n rnp/14n rnp",No
5179,5179,Call < 30 mins,,Najiya,6.0,No Information,,"busy calling later , shahba husband,sociology",No
5180,5180,Call < 5 mins,,Najiya,0.0,No Information,2026-07-09,"BSC physics computer application,kollam ,Interested ,cloud computing enquiry,foundation after decide,discuss parents after inform",No
5181,5181,Untouched,,Unknown,0.0,No Information,,degree dropout aan mother aan course register chythekunne details shared aanu baki followup aanu,No
5182,5182,Call < 30 mins,,Bridgeon Admin,40.0,No Information,2026-07-07,"She is parappanagadi,interested,pg result waiting  july 6",No
5183,5183,Call <8Hr,,Afees,89.0,No Information,,just kandappo enquiry cheythathanu ennanu paranjath,No
5184,5184,Untouched,,nafi,41.0,No Information,,"rnp contacted on wtsp// all ippo accounts field work cheyyan, allk data analytics nokkanm enn ann so athintte details aych kodthind, details nokkitt parayam enn ann parnjitt ullath//rnp // rnp wtsp no response// rnp // rnp wtsp no response",No
5185,5185,Unknown,,Bridgeon Admin,0.0,No Information,,rnp watsapp connected//rnp wtsp noresponse//same,No
5186,5186,Call <8Hr,,Afees,0.0,No Information,,"trissur ann place next eath field padikkanmnn oru idea illa,already hotel management eduth drop akki 5 year gap after plus two,family onnum financially support cheyyilla basic details shared on wtsp",No
5187,5187,Call <4Hr,,Ambili,196.0,No Information,,"plstwo bio science aan e varsham kazhinjedh, veed pattambi",No
5188,5188,Untouched,,Unknown,0.0,No Information,,No Information,No
5189,5189,Untouched,,Unknown,0.0,No Information,,No Information,No
5190,5190,Untouched,,Unknown,0.0,No Information,,No Information,No
5191,5191,Untouched,,Unknown,0.0,No Information,,rnp whatsapp connected,No
5192,5192,Untouched,,Unknown,0.0,No Information,,No Information,No
5193,5193,Untouched,,Unknown,0.0,No Information,,No Information,No
5194,5194,Untouched,,Unknown,0.0,No Information,,No Information,No
5195,5195,Untouched,,Unknown,0.0,No Information,,No Information,No
5196,5196,Call <4Hr,,Sanju,67.0,No Information,,financial issue indu brthr suicide chythu 2 wks ayi nyz aayt karyangal paranjkoduthitundu baki followup aan,No
5197,5197,Call <8Hr,,Rincy,33.0,No Information,,Msged//bc aan vilikaam enn//25n next week kochi povnd aoppo nokam enn//29n rnp////30n rnp ////6n rnp//9n poyilla........sunday povollu.....ee week last aavoykaryam pova enn ///19n omanileekk povan oru plan nd///29n next month povum,No
5198,5198,Call <4Hr,,Rincy,9.0,No Information,,Hub visit verunnund //ok aan//25n decision eduthond nikuva//26n 2 divasam kond set aakam enn///27nn rnp ///28n rnp,No
5199,5199,Call <8Hr,2026-07-07,Ambili,0.0,No Information,2026-07-07,"plustwo nios aan veed mlprm ippo automobile wrkeyyunnu, online aan nokkunnedh",No
5200,5200,Call >72Hr,2026-06-07,Sanju,0.0,No Information,2026-09-07,no incoming watsapp only,No
5201,5201,Call <8Hr,,Rincy,22.0,No Information,,Msged//cut aaki poyi//25n rnp///26n  njn ippo noknilla enn paranju,No
5202,5202,Call <24Hr,,Sumayya,0.0,No Information,,contcted through watstpp//number nt validd//but watsapp availble but not 2 toick,No
5203,5203,Untouched,,Unknown,0.0,No Information,,"details shared aanu father business vehicle business aan vtil choichit parayam ennanu paranje

whatsap followup
no responce 
veetil father samadhikunilla ennan paranj",No
5204,5204,Call <24Hr,,Rincy,51.0,No Information,,Msged,No
5205,5205,Call <24Hr,2026-02-07,Ambili,146.0,No Information,,No Information,No
5206,5206,Call <24Hr,,Sumayya,0.0,No Information,,contacted through watsapp//for son//plus two humaniteis kayinju//iti copa(computer operating)course 1 month ill kazhiyummm/perumpvoorr aann place//makanumayigtt samsarichuuu//one month kondd avnte exms kaaryaghlll kazhiyummm,No
5207,5207,Call <24Hr,2026-02-07,Sumayya,0.0,No Information,,contacted through watsapp//btechh kayinjthaaa//2026 ill/allapuzhaa//kochi aann nokunne//evening paraynn paranju,No
5208,5208,Call <24Hr,2026-02-07,Sumayya,10.0,No Information,,"contacted thhrough watsapp//ariyilla,manasilyillaa,,kurch kayinj vilika//first paranju ayaalkk annenn,pinnee paranju mwonn vndiitt aanneennn",No
5209,5209,Unknown,,Bridgeon Admin,0.0,No Information,,"rnp/2//rnp/3/watsapp conncted
25/6/buzy aaann 26/6/rnp/2//watsapp also no reply//rnp wtsp no response//same",No
5210,5210,Untouched,,Unknown,0.0,No Information,,No Information,No
5211,5211,Untouched,,Unknown,0.0,No Information,,No Information,No
5212,5212,Unknown,,Bridgeon Admin,55.0,No Information,,rnp// wtsp no response//rnp and no response//same,No
5213,5213,Call < 5 mins,,Bridgeon Admin,42.0,No Information,2026-01-07,"Mavoor,data anaytics enquiryworking accountant,online course enquiry",No
5214,5214,Untouched,,Unknown,0.0,No Information,,No Information,No
5215,5215,Untouched,,Unknown,0.0,No Information,,No Information,No
5216,5216,Call <24Hr,,Sumayya,40.0,No Information,,"no incoming/rnp on watsappp
26/6/institutin anoonn doubt indd//avnte slang theeree manaslvnilllaaa//oru clarity illaaatha chekkanaa/+2 commerce aaa cheythee/mangloore aduth anenkii nokkumm...distance avvnn patillaaa//",No
5217,5217,Untouched,,Unknown,0.0,No Information,,No Information,No
5218,5218,Call <4Hr,2026-05-07,Afees,0.0,No Information,2026-06-07,calicut ann place bsc cs ann padiche next eath field edukkanamnn confusion ann basic details shared,No
5219,5219,Call >72Hr,,Rincy,0.0,No Information,2026-01-09,"he is maltta ,interested wtsap only,ba english,wife enquiry...al",No
5220,5220,Call < 30 mins,,Bridgeon Admin,31.0,No Information,2026-09-07,"she is chagarakulam,ba history, interested python or data anaytics,no idea  but interested",No
5221,5221,Untouched,,Unknown,0.0,No Information,,No Information,No
5222,5222,Call < 30 mins,,Bridgeon Admin,53.0,No Information,,No Information,No
5223,5223,Call < 15 mins,,Bridgeon Admin,29.0,No Information,,"she is 1 year gap ,working company ,python course enqury infor after discuss parents",No
5224,5224,Call < 45 mins,,Sanju,134.0,No Information,,pg 2nd yr classes till next year,No
5225,5225,Untouched,,Unknown,0.0,No Information,,No Information,No
5226,5226,Unknown,,Bridgeon Admin,0.0,No Information,,incoming call facility not available contacted on wtsp // rnp// wtsp rnp and no response//same,No
5227,5227,Call <4Hr,2026-07-07,Ambili,0.0,No Information,2026-08-07,"verdhe add kand kodthedhan, hotel mngmnt padich flop aayi this yr kazhinju at kannur travellingl aan so details not shared
 frnd marichu so angtt poyi adhinte situationlaan, vtl smsarichittlla",No
5228,5228,Call >72Hr,,Rincy,2.0,No Information,2026-05-09,"oru frnd number kodthadha//wayanad aan veed hub visit aakam cheyam intrest undenn//hub visit varam ..free aavumbo..28nn rnp//29n rnp//30n pani aan bc aan///3n rnp//7n aal kochi und ee week povam aenn///9n workin keeri saturday nokam///11n rnp//13n rnp/15n  rnp///18n rnp/,,/22n rnp//25n rnp///29n rnp//4n rnp.////11n rnp///24n rnp",No
5229,5229,Untouched,,Unknown,0.0,No Information,,No Information,No
5230,5230,Untouched,,nafi,0.0,No Information,,"all ippo pg final year ann , enni ore 1 month kudii ann illath so ath kayinjitt nokkan vendii ann . allk details okke aych kodthind so ath okke nokkitt all paraym enn ann parnjee// rnp
//rnp wtsp no response //rnp//rnp wtsp no response// same as before// all ithvare disishon edthitiila , so edtha shesam call back cheyam enn paranju",No
5231,5231,Untouched,,Unknown,0.0,No Information,,No Information,No
5232,5232,Untouched,,Unknown,0.0,No Information,,No Information,No
5233,5233,Untouched,,Unknown,0.0,No Information,,No Information,No
5234,5234,Call < 45 mins,2026-08-07,Sanju,49.0,No Information,2026-08-07,details shared aan father teacher aan vtil discus chythit parayam ennanu paranje,No
5235,5235,Untouched,,Unknown,0.0,No Information,,No Information,No
5236,5236,Untouched,,Unknown,0.0,No Information,,No Information,No
5237,5237,Unknown,2026-11-07,Rincy,22.0,No Information,2026-11-07,tvm aan veeed.. warehouse..kochi aan work cheyyunne...age 21.......hub visit  kochikk povam enn //26n monday povan nokatte enn....28n msged///29n ippo tvm aanu ....kochi vannitt kanam....3n  anandu vtl illa////6nn tvm aan 2 divasam kond povum ennitt hub visit aakam enn////8n rnp.....9n kochi ethi saturday povan niokam///ippo nokunnilla,No
5238,5238,Untouched,,Bridgeon Admin,59.0,No Information,,"rnp/2/all ippo teching feild maran vendii ann ai/ml ann nokkunne 27 age ind , all ippo korch busy ann . details wtsp cheyan parnjuu//rnp // wtsp no response",No
5239,5239,Untouched,,Unknown,0.0,No Information,,No Information,No
5240,5240,Call <4Hr,,Sanju,1051.0,No Information,,details shared aanu frnd koode ind nn aan paranje vtil discus chythit ariyikam ennanu paranjathu,No
5241,5241,Untouched,,Unknown,0.0,No Information,,No Information,No
5242,5242,Untouched,,Unknown,0.0,No Information,,No Information,No
5243,5243,Untouched,,Unknown,0.0,No Information,,No Information,No
5244,5244,Untouched,,Unknown,0.0,No Information,,No Information,No
5245,5245,Untouched,,Unknown,0.0,No Information,,No Information,No
5246,5246,Untouched,,Unknown,0.0,No Information,,No Information,No
5247,5247,Untouched,,Unknown,0.0,No Information,,No Information,No
5248,5248,Untouched,,Unknown,0.0,No Information,,No Information,No
5249,5249,Call < 5 mins,2026-11-06,Bridgeon Admin,0.0,No Information,,No Information,No
5250,5250,Call < 5 mins,2026-11-06,Bridgeon Admin,0.0,No Information,,No Information,No
5251,5251,Untouched,,Unknown,0.0,No Information,,No Information,No
5252,5252,Call < 5 mins,,Bridgeon Admin,37.0,No Information,,No Information,No
5253,5253,Call <1Hr,,Rincy,1.0,No Information,,plus 2 science .....thirur... aan veed..  dgree okkek choych...24n msged//25n msged intrest illa,No
5254,5254,Untouched,,Unknown,0.0,No Information,,No Information,No
5255,5255,Call >72Hr,,Rincy,4.0,No Information,,ummakk vich tta............//23n rnp///29n rnp,No
5256,5256,Call <4Hr,,Ambili,26.0,No Information,,No Information,No
5257,5257,Call <8Hr,,Bridgeon Admin,0.0,No Information,,oru collagil language lucture ayi work cheyyanu online interested,No
5258,5258,Call < 5 mins,,Najiya,157.0,No Information,,No Information,No
5259,5259,Call >24Hr,,Ambili,0.0,No Information,,No Information,No
5260,5260,Call <4Hr,,Rincy,0.0,No Information,,Msg///rnp//24n rnp//25n rnp///26n rnp///28n rnp,No
5261,5261,Untouched,,Unknown,0.0,No Information,,No Information,No
5262,5262,Untouched,,Unknown,0.0,No Information,,No Information,No
5263,5263,Call <4Hr,,Afees,0.0,No Information,,"speaking to someone elses
edukkmm cut akumm povumm",No
5264,5264,Untouched,,Unknown,0.0,No Information,,No Information,No
5265,5265,Untouched,,Unknown,0.0,No Information,,No Information,No
5266,5266,Untouched,,Unknown,0.0,No Information,,No Information,No
5267,5267,Call <24Hr,2026-08-07,Sanju,12.0,No Information,2026-08-07,"whatsapp messaged ma and bed complete chythu ipo tchr aayt wrk chyaanu 4 yrs aayt career switch aan nkune detail shared aanu baki followup aan
whatsapp followup",No
5268,5268,Call <24Hr,2026-07-07,Rincy,30.0,No Information,2026-06-07,dgree bsc cs..  tvm ...therakilan whats app ayakan paranju//24n vtl paranjilla time veenam/////28n rnp//29n rnp///3n rnp..//7n course noknilla trainee aayit keeri,No
5269,5269,Call <24Hr,2026-06-07,Ambili,37.0,No Information,2026-04-07,No Information,No
5270,5270,Untouched,,Unknown,0.0,No Information,,No Information,No
5271,5271,Untouched,,Unknown,0.0,No Information,,No Information,No
5272,5272,Untouched,,Unknown,0.0,No Information,,No Information,No
5273,5273,Call < 5 mins,,Najiya,0.0,No Information,,No Information,Yes
5274,5274,Call >72Hr,2026-07-07,Sumayya,0.0,No Information,,bsc ai and ml ann padiche next ai&ml thanne focus cheyyananu basic details shared on wtsp,No
5275,5275,Call <24Hr,,Najiya,0.0,No Information,,"kottakkal,commerce,",No
5276,5276,Call <24Hr,,Rincy,124.0,No Information,,rnp//bc aanu//24n bc aanenn paranju//dgree 3 year aan so dgree kayinjitte nokollu enn,No
5277,5277,Call <24Hr,,Sumayya,0.0,No Information,,manjeri thurakkall aann place//ellmm igne kett iripp ind//+2distant aayiitt aannn cheyunneee//next aprill exmm//it electronics padichittunndd//,No
5278,5278,Untouched,,Sanju,0.0,No Information,,rnp,No
5279,5279,Call <24Hr,2026-06-07,Ambili,40.0,No Information,2026-04-07,"bio sciencea aan, e varshm kazhinju veed kottakkal,  endha edkkndenn plan aayilla",No
5280,5280,Untouched,,Unknown,0.0,No Information,,No Information,No
5281,5281,Untouched,,Unknown,0.0,No Information,,No Information,No
5282,5282,Call <24Hr,,Ambili,0.0,No Information,,No Information,No
5283,5283,Call <24Hr,,Rincy,45.0,No Information,,incomming call illa///26n rnp///27nn rnp switched off,No
5284,5284,Call <24Hr,2026-03-07,Sanju,99.0,No Information,,"whatsapp connected details shared aan 
followup done",No
5285,5285,Untouched,,Unknown,0.0,No Information,,No Information,No
5286,5286,Call < 30 mins,,Najiya,39.0,No Information,,"inform later,fees issu ,now working sales",No
5287,5287,Call <24Hr,2026-03-07,Rincy,0.0,No Information,2026-02-07,rnp///23 n rnp///26n rnp//28n nrp///3n rnp,No
5288,5288,Call >72Hr,2026-06-08,Rincy,36.0,No Information,2026-06-08,"vere oru call ill aann//umma nte number aann//+2 kayinju commerce/kottakkal aann place//ummaa noode aanuu samsariche//onne viliknm,urakkathila//30n rnp///3n rnp",No
5289,5289,Untouched,,Unknown,0.0,No Information,,No Information,No
5290,5290,Call <24Hr,2026-08-07,Sanju,0.0,No Information,2026-08-07,rnp,No
5291,5291,Untouched,,Unknown,0.0,No Information,,No Information,No
5292,5292,Call <24Hr,,Rincy,0.0,No Information,,rnp./incomming call illa,No
5293,5293,Call < 5 mins,,Bridgeon Admin,100.0,No Information,,No Information,No
5294,5294,Untouched,,Rincy,0.0,No Information,,"switched off
26/6;/rnp/2/watsappp connected
8/8//rnp/2
11/8//nalla contacj aakn
12/8/rnp  14/8/rincy called rnp     19/8///rnp/2......24n ippo cheyyam enn//27n rnp switched off//sir vilich cheyynilla enn",No
5295,5295,Call <24Hr,,Sanju,4.0,No Information,,cut aayi call pine eduthilla ariyathe chytha pole ind,No
5296,5296,Call >72Hr,2026-11-07,Sumayya,0.0,No Information,,b tech 3 year aan.....online aan nokunne///23 n bc aan onnum nokeella aenn///26n rnp///28n rnp////30n rnp//8n rnp,No
5297,5297,Call < 30 mins,,Sumayya,0.0,No Information,,No Information,No
5298,5298,Call >72Hr,,Sumayya,80.0,No Information,,No Information,No
5299,5299,Call >72Hr,,Sumayya,23.0,No Information,,No Information,No
5300,5300,Call < 5 mins,2026-02-07,Najiya,0.0,No Information,2026-02-07,"Wandoor,ba english,interested it course visit hub immediately",No
5301,5301,Call >72Hr,,Sumayya,71.0,No Information,,No Information,No
5302,5302,Call < 45 mins,2026-04-07,Sanju,41.0,No Information,,details shared aan vtil onnu discus chythit paryam ennan paranje,No
5303,5303,Untouched,,Unknown,0.0,No Information,,ameeninte frnd 22n hub visit cheydhu//achan vilichu samsarichu achan book cheyyam enn parnaju mankav poyi noki//25n msged///25n msg ayakknd,No
5304,5304,Call <24Hr,,Rincy,0.0,No Information,,HUB VISIT VANNU ameeninte frnd aan ok aanu///incoming call illa//25n rnp///26n rnp//27n workshop keereekn brotol///10n nokatte enn /14n bc aanenn/15n  rnp,No
5305,5305,Call < 30 mins,,Rincy,20.0,No Information,,already ivdnn vilichittund sirod choych aaranenn nokanma///23 n rnp,No
5306,5306,Call <24Hr,,Ambili,0.0,No Information,,No Information,No
5307,5307,Call < 5 mins,,Bridgeon Admin,82.0,No Information,,No Information,No
5308,5308,Untouched,,Unknown,0.0,No Information,,No Information,No
5309,5309,Unknown,,Sumayya,44.0,No Information,,"Driving aannn///no rsponse after thatt
23/6/rnp/2/
24/6//same situation
26/6//rnp/2/watsappp alsoo no replyy",No
5310,5310,Call <4Hr,2026-01-07,Najiya,36.0,No Information,2026-02-07,"degree statics,enquiry to data anaytics,inform later",No
5311,5311,Call < 45 mins,2026-05-08,Najiya,18.0,No Information,2026-05-08,"interested data anaytics,sending details wtsap,interested 2 months",No
5312,5312,Call < 5 mins,,Bridgeon Admin,35.0,No Information,2026-08-07,"Aiml enquiry,luminar join,may be visit mankavu hub",No
5313,5313,Call < 5 mins,,Bridgeon Admin,34.0,No Information,2026-09-07,"He is working frontend developer ,dot net online  interested",No
5314,5314,Call >72Hr,,Sumayya,193.0,No Information,,No Information,No
5315,5315,Call >72Hr,,Sumayya,84.0,No Information,,No Information,No
5316,5316,Call <4Hr,2026-10-07,Sanju,0.0,No Information,2026-09-07,not intrested in accounts kooduthal samsarikan pateela avan entho program il aanu nale mng vilikam ennanu paranjathu,No
5317,5317,Call < 5 mins,,Sumayya,478.0,No Information,,refered by frndd//follow up throughh frnd//frnd ann followup aakunee,No
5318,5318,Untouched,,Rincy,5.0,No Information,,onnum keelknilla///cut aaki poyii,No
5319,5319,Call >72Hr,,Sumayya,0.0,No Information,,No Information,No
5320,5320,Call >72Hr,,Sumayya,58.0,No Information,,No Information,No
5321,5321,Call >72Hr,,Sumayya,38.0,No Information,,No Information,No
5322,5322,Call <24Hr,2026-06-08,Sumayya,44.0,No Information,,"Purthh aamnn vilikkaa
23/6/rnp/2//watsapp connctedd
24/6//ui ux aann nokunnee//thrissuer aann placee//pg koodi nookkunninndd",No
5323,5323,Call >72Hr,,Sumayya,42.0,No Information,,No Information,No
5324,5324,Call >72Hr,,Sumayya,14.0,No Information,,"details shared aanu father bakery business aan sister teacher aan oru cousin ivde enquiry chythitund avanum join chyan nikaanu ennan paranje

rnp
rnp",No
5325,5325,Call <4Hr,,Rincy,6.0,No Information,,"ba economics palakad aan veed
fee keettappo vallya oru mood illa//bc aanu//25n onnum keelknilAAA..28n call cut aaki",No
5326,5326,Call < 5 mins,,Bridgeon Admin,30.0,No Information,,"interested ,details sending,ba mass communication",No
5327,5327,Call >72Hr,,Sumayya,16.0,No Information,,No Information,No
5328,5328,Call >72Hr,,Sumayya,0.0,No Information,,No Information,No
5329,5329,Call >72Hr,,Sumayya,47.0,No Information,,No Information,No
5330,5330,Call < 5 mins,,arathi,92.0,No Information,,No Information,No
5331,5331,Call <4Hr,2026-03-07,Sanju,102.0,No Information,,details shared aan complete alla entho bc aayi half n hr kazhinj vilikam ennan paranje,No
5332,5332,Call >72Hr,,Sumayya,33.0,No Information,,No Information,No
5333,5333,Call < 5 mins,,Bridgeon Admin,31.0,No Information,2026-02-07,"2 varsham munp bca adh kazhinj dot net internship edth, veed edappa",No
5334,5334,Call < 45 mins,,Sumayya,0.0,No Information,,28 vayass aayii//kannur aann..ipppoo chennai ill aann//pani nokki poyathaa//plus two okkee ksahtapettaa paass aayyyeee//corse paranju koduthuu nokkaamm,No
5335,5335,Untouched,,Unknown,0.0,No Information,,No Information,No
5336,5336,Call < 5 mins,,Najiya,0.0,No Information,,"Rishal frnd ,interested,visit hub immediately,visited hub  with brothers m",Yes
5337,5337,Call >72Hr,,Sumayya,0.0,No Information,,No Information,No
5338,5338,Call < 5 mins,,arathi,86.0,No Information,,No Information,No
5339,5339,Call < 5 mins,,arathi,0.0,No Information,,No Information,No
5340,5340,Call < 5 mins,,Bridgeon Admin,36.0,No Information,2026-01-07,"tirur,interested developments course enquiry",No
5341,5341,Call >72Hr,2026-04-07,Afees,80.0,No Information,2026-06-07,"hsptll aann uchy sheshmm contcat aakmm//not attendinngg
26/6//buzy aamnn",No
5342,5342,Call <4Hr,,Najiya,0.0,No Information,,"he is tanur ,interested with frnd,foundation pitch,kochi anu prefer may br visit kinfra hub,visited hub ,python interested",No
5343,5343,Call <4Hr,,Najiya,0.0,No Information,2026-01-09,"Engineering institute rma working,ba hindi ,slightly interested",No
5344,5344,Call <4Hr,,Najiya,127.0,No Information,,No Information,No
5345,5345,Call <4Hr,,Najiya,0.0,No Information,,"interested,he is pandikkad",No
5346,5346,Call < 5 mins,,Bridgeon Admin,62.0,No Information,,"BA english,data anaytics enquiry  ,but not it background  and no idea inform later",No
5347,5347,Call < 5 mins,,Najiya,0.0,No Information,,"bed cmplt ,sending offline and online details ,interested online",No
5348,5348,Call < 5 mins,2026-10-07,Najiya,0.0,No Information,2026-10-07,Bed,No
5349,5349,Call >72Hr,,Bridgeon Admin,32.0,No Information,,incoming call facility not available contacted on wtsp\\she currently a lab tecnition,No
5350,5350,Call >72Hr,,Rincy,0.0,No Information,,"bcom drop out ann 19 years old,next entha cheyyandenn oru idea illa basic details shared on wtsp.....nokatte enn
1n oru divasam ingotteekk varam enn//3n next week povum////7n rnp//10n saturday or monday povam ernakulam aan pova///13n therakilan endhayalum varam/15n  rnp//17n rnp///19n rnp///23n rnp///29n rnp////2n rnp//5n rnp//14n rnp////25n rnp",No
5351,5351,Call >72Hr,,Rincy,103.0,No Information,,contcted through watsap//oonn panikk poyikkaann//nyt aavumm ethhaann//umma aann call eduthee...bangalore aanu 7560844723..msged........chekkante number kitty,No
5352,5352,Call <4Hr,,Afees,7.0,No Information,,No Information,No
5353,5353,Untouched,,nafi,10.0,No Information,,"he cut the call twice contacted on wtsp// rno// rnp send message on wtsp// he cut the call when he know the call is from bridgeon ,no response in wtsp also // rnp//rnp no response on wtsp",No
5354,5354,Call >72Hr,,Rincy,0.0,No Information,,"contcted through watsapp
he blocked me//ncoming kittillaa athond watsapp call chythu intrets indo choika/detils oonnm poyitillaa ithuvare//8n incoming call illa///11n rnp same//17n rnp same",No
5355,5355,Call >72Hr,,Bridgeon Admin,0.0,No Information,,rnp contacted on wtsp,No
5356,5356,Call >72Hr,,Rincy,45.0,No Information,,details whats cheyyan nokeett thirich vilikam enn//whats appil ayakan molk veendeeettanelo//26n veendum whats app ayakan..28n msged///inn nokeett vilikaam//29n time veenam////30n rnp//3n time veenam//23n rnp///29n veendum nokeett vilikam  enn,No
5357,5357,Untouched,,nafi,18.0,No Information,,"rnpo contacted on wtsp // busy//all ippo degreekk povann , farooq collgill ann padikanne allkk course nokanm enn ind , but korch kayinjitt nokkam enn ann parayanne , enthayllum details share cheyan paranju//rnp no response inwtsp//rnp// rnp //busy",No
5358,5358,Call <24Hr,,Najiya,0.0,No Information,,No Information,No
5359,5359,Call <24Hr,,Najiya,69.0,No Information,,interested,No
5360,5360,Untouched,,Unknown,0.0,No Information,,No Information,No
5361,5361,Untouched,,nafi,0.0,No Information,,"all ippo plus two kayinj nikkann . allk ore accident pattitt bed restill ann , ee month kayinjaa ok avum , vtl umma,uppa, ikkakka ann illath, so allk degree kudii edkanam enn ind so ayinnte detailds kudii aykkan paranjind \\rnp wtsp replying ind// rnp//all details nokkitt parayam enn ann paranjeth//rnp//still rnp and no response on wtsp//same as before// all clg povann enn okke paranj ind wtsp ill ann connect cheyinne",No
5362,5362,Call <24Hr,,Sumayya,0.0,No Information,,"Watsppp contacted//27 aayyii agee,kottakall ann placee
..accountant aann.careerr chnge ann nokunneee..wife numm oonum onnichh nokkaanaa

wife aayiittt aannn contct ookkee///11/8//contacting wife  14/8/ssame  20/8//sameee",No
5363,5363,Call <24Hr,,Ambili,43.0,No Information,,"kochilekkan nokkunnedh avde part tym job cheydhitt nokkanaan, veed kannur padichedh bcom e varsham kazhinjedhan, no idea about IT field",No
5364,5364,Call >72Hr,,Bridgeon Admin,0.0,No Information,,incoming call facility not available contacted on wtsp,No
5365,5365,Call < 45 mins,,Rincy,38.0,No Information,,digital marketing aan nokunne//saifun number kodthu,No
5366,5366,Call < 5 mins,,Bridgeon Admin,4.0,No Information,,tvm aan placee/avn engneeellmm job venmmm//online aannn chnce ulleee,No
5367,5367,Call <24Hr,,Rincy,16.0,No Information,,rnp///26n rnp,No
5368,5368,Untouched,,Unknown,0.0,No Information,,No Information,No
5369,5369,Unknown,,nafi,0.0,No Information,,incomming call illa//9n rnp same///11n rnp/15n  rnp same\\ wtsp no response and no incomming//same,No
5370,5370,Untouched,,Unknown,0.0,No Information,,No Information,No
5371,5371,Untouched,,Unknown,0.0,No Information,,No Information,No
5372,5372,Untouched,,Unknown,0.0,No Information,,No Information,No
5373,5373,Call < 30 mins,,Ambili,0.0,No Information,,No Information,No
5374,5374,Untouched,,Unknown,0.0,No Information,,No Information,No
5375,5375,Untouched,,Unknown,0.0,No Information,,No Information,No
5376,5376,Call <4Hr,,Ambili,0.0,No Information,,"plstwo commerce e varsham kazhinju ivan father illa financially nalle dwn aan kannur aan veed, e fieldne kurich oru ideam illa 66 percentage plstwo mrk laptoponnulla
msgn rply thannind nattil illa ippo nattilethy vilikkam",No
5377,5377,Untouched,,Unknown,0.0,No Information,,No Information,No
5378,5378,Untouched,,Unknown,0.0,No Information,,No Information,No
5379,5379,Call <8Hr,2026-09-07,Ambili,0.0,No Information,2026-11-07,"aalkk vellya idea illa endh edkknmnn , plustwo science aan padichedh veed thalassery, 
ippo oru spoken english clss und so e 1mnth kazhinje nokkoll btl prnjitt contact aakknm",No
5380,5380,Call <8Hr,,Ambili,40.0,No Information,,"9567450464 nishan, studentn vendittan enquiry, aale vilichpo bsy bcom kazhinjedhan veed nallalam, no response
 nale vilikkanan iyal parayunnedh",No
5381,5381,Untouched,,Unknown,0.0,No Information,,No Information,No
5382,5382,Call <24Hr,,Ambili,36.0,No Information,2026-09-07,"bca edkknonn confusionlaan veed edappal busy aan
kmct okke nokkunnund dgree bsy aan
bsy",No
5383,5383,Call >72Hr,2026-11-08,Rincy,16.0,No Information,,No Information,No
5384,5384,Call <24Hr,2026-04-07,Afees,19.0,No Information,2026-06-07,busy will connect later,No
5385,5385,Untouched,,Unknown,0.0,No Information,,No Information,No
5386,5386,Call >72Hr,2026-11-08,Rincy,41.0,No Information,,.////11n cheydhittiola,No
5387,5387,Call <24Hr,,Afees,95.0,No Information,,No Information,No
5388,5388,Call >72Hr,2026-11-08,Rincy,16.0,No Information,,ippo ill,No
5389,5389,Call <24Hr,,Afees,61.0,No Information,2026-10-08,no idea about it filed pattanamthitta ann place currently kottayath changanashhery work cheyyanu bankil fieldil ann work cheyyunne aa field maduthu ath kondu ippo vere field padikkan nokkanu currently busy rapport matre build ayittollu coursinte karyanghal onnum paranjittilla.,No
5390,5390,Untouched,,Unknown,0.0,No Information,,No Information,No
5391,5391,Untouched,,Unknown,0.0,No Information,,No Information,No
5392,5392,Call <24Hr,,Afees,0.0,No Information,,house wife ann trissur ann place next eath field padikkanamnn oru idea illa oru small baby und,No
5393,5393,Untouched,,Unknown,0.0,No Information,,No Information,No
5394,5394,Untouched,,Unknown,0.0,No Information,,No Information,No
5395,5395,Call <24Hr,2026-04-07,Rincy,12.0,No Information,2026-04-07,rnp//msged///ee month noknilla nokunnundeel contact cheyyam enn///26n rnp,No
5396,5396,Call <24Hr,,Rincy,21.0,No Information,,incomming call illa//22n rnp switched off//25n cheyyunnilla enn paranju,No
5397,5397,Call <24Hr,2026-03-07,Rincy,20.0,No Information,2026-02-07,"areecode aan veed plus 2 commerse aan uppa aan call eduthe ..///nokeett parayam...manjeri aan nokunne///23 n rnp///26n bc aanenn
///28n rnp//29n rnp///3n noknilla",No
5398,5398,Call <24Hr,,Rincy,26.0,No Information,,No Information,No
5399,5399,Untouched,,Unknown,0.0,No Information,,No Information,No
5400,5400,Call <24Hr,,Rincy,0.0,No Information,,rnp///21n rnp pinne vilikam enn paranju//22n rnp///23 n rnp//24n rnp///26n rnp///28n rnp,No
5401,5401,Call <24Hr,,Rincy,30.0,No Information,,plus 2 kayinj medical coding kayinju ippo oru nalla course nokuvan,No
5402,5402,Call >72Hr,,Sumayya,0.0,No Information,,rnp///21n rnp//22//25n msg ayach frndinte engagement aan so korch bc aan kayinjit varam///28n rnp/////1n rnp ////6n rnp//9n rnp///11n rnp,No
5403,5403,Untouched,,Unknown,0.0,No Information,,No Information,No
5404,5404,Untouched,,Unknown,0.0,No Information,,No Information,No
5405,5405,Untouched,,Unknown,0.0,No Information,,No Information,No
5406,5406,Untouched,,Unknown,0.0,No Information,,No Information,No
5407,5407,Call >72Hr,2026-02-09,Sumayya,14.0,No Information,,"rnp///21n rnp//9n rnp///10n rnp//13n rnp/14n rnp///6n rnp///8n rnp///11n rnp///15n rnp
20/8//plus two kayinj thirkk annnn//watsappp ayikuu   25/8//epppazhm ttgirakka  28/8///kalipikyaa ittt call eduthu helo paranju cut aakkm//watspp no reply",No
5408,5408,Call <24Hr,,Ambili,0.0,No Information,,"already a research holder data analytics online aan chodhicedh, verdhe kodthedhan veed kollam",No
5409,5409,Call <24Hr,2026-10-07,Rincy,26.0,No Information,2026-10-07,rnp///21n rnp//9n rnp///10n  nokkunnilla,No
5410,5410,Call < 5 mins,,Najiya,0.0,No Information,2026-05-09,"she is vadakkara ,plustwo 22025 passout 1 year entrance coaching ,it course Enquiry,discuss parents after inform,interested",No
5411,5411,Untouched,,Unknown,0.0,No Information,,No Information,No
5412,5412,Call < 5 mins,2026-10-07,Najiya,0.0,No Information,2026-10-07,"chelari,brother enquiry",No
5413,5413,Untouched,,Unknown,0.0,No Information,,No Information,No
5414,5414,Untouched,,Unknown,0.0,No Information,,No Information,No
5415,5415,Call <4Hr,2026-03-07,Sumayya,0.0,No Information,,"rnp/2/29 age/plus two kayinju/hospitl administartion,chythu but  no use/buzy aaayonndd adhikam samsarikn pateeellyyaa//",No
5416,5416,Call <24Hr,,Ambili,0.0,No Information,,No Information,No
5417,5417,Call <24Hr,2026-07-07,Ambili,0.0,No Information,2026-07-07,logistics digital mrktng bba idhokke aan nokkidh ivdthe crsesne kurich prnj kodthind veed kannur humanities aan padichedh,No
5418,5418,Call < 5 mins,,Najiya,0.0,No Information,,Roshan frnd,No
5419,5419,Call < 5 mins,2026-07-07,Najiya,2.0,No Information,2026-07-07,"roshan frnd,details sending,palakkad",No
5420,5420,Untouched,,Unknown,0.0,No Information,,No Information,No
5421,5421,Untouched,,nafi,0.0,No Information,,"rnp contacted on wtsp // this was his mother's number and he was not there//he was not ther//rnp ,//rnp//rnp// rno",No
5422,5422,Call >72Hr,2026-06-08,Sumayya,0.0,No Information,,diploma mechanical ann padiche kanninu oru alergy und so ath kondu oru white color job venam it field no idea basic details shared,No
5423,5423,Untouched,,Afees,38.0,No Information,,No Information,No
5424,5424,Call < 15 mins,,Ambili,75.0,No Information,2026-10-07,"pg data anlytics aan cheyyunnedh adh kahinj nokkan aan aftr july ippzhe anyeshich vekkan veed TVM, DATA ANALYTICS aan nokkunnedh, septmbr batch okke madhi
vtl parayanm",No
5425,5425,Untouched,,Unknown,0.0,No Information,,No Information,No
5426,5426,Call < 30 mins,2026-07-07,Najiya,0.0,No Information,2026-07-07,"interested business anaytics ,pattambi ,with frnds,inform monday",No
5427,5427,Call <4Hr,2026-03-07,Afees,18.0,No Information,,No Information,No
5428,5428,Call < 45 mins,,Najiya,0.0,No Information,,"Chelari,interested data anaytics,may be visit hub",No
5429,5429,Call <4Hr,,Afees,0.0,No Information,,ba economics ann padiche just kandappo enquiry cheythu ennanu paranjath no idea about it field and bridgeon,No
5430,5430,Unknown,,nafi,0.0,No Information,,rnp contacted on wtsp // rnp// no incomming wtsp no response//same,No
5431,5431,Untouched,,Unknown,0.0,No Information,,No Information,No
5432,5432,Untouched,,Afees,0.0,No Information,,rnp contacted on wtsp,No
5433,5433,Untouched,,Unknown,0.0,No Information,,No Information,No
5434,5434,Call <1Hr,2026-02-07,Sanju,0.0,No Information,2026-08-07,"czn brotherin vendittan, aal EEE edth one yr gap vannu umma marichu adhintokke preshnm ind, veed kochi, ivalkmm nokknmnn und bcs aal mlt aan cheyyne adh kazhinjitt edkkaan",No
5435,5435,Call < 5 mins,2026-12-08,Najiya,53.0,No Information,2026-12-08,"interested foundation ,inform immediately,monday infor cheyyum,passout 2025,bsc cs,monday visit hub and join or online join",No
5436,5436,Call >72Hr,,nafi,40.0,No Information,,incoming call facility not available contacted on wtsp,No
5437,5437,Call < 30 mins,2026-02-07,Sumayya,27.0,No Information,,oonn um uppaa kum degre aann intrest but ummaa course cheriya reethikk suoppoort aannn..nokkaannn evening vilikanmm///ummummaa vayyandd hsptl aayiii sooo onnmmmm communicate cheyn pateetillaa...,No
5438,5438,Call < 15 mins,,Sumayya,0.0,No Information,,buzyy on another call,No
5439,5439,Call < 30 mins,,Sanju,59.0,No Information,,for son kaakancheri aduth thanne aan veedu details shared aanu vannu kandit ok aakulu enn thonunu hub visit pitch chythind,No
5440,5440,Unknown,,Rincy,74.0,No Information,,bc aanun pinne vilikan//bc aanemnn///21n rnp//23n rnp///26n rnp ///28n rnp,No
5441,5441,Call <4Hr,,Ambili,0.0,No Information,,"2020 passout aan, ipo wrking aan bpo aayitt veed kalamassery, online aan nokkunned
intrstd aan",No
5442,5442,Call <4Hr,,Afees,89.0,No Information,,"intersted aan data anlytcsntoru crse edthind, one yr gap vannu, veed koyilandi, data science aan nokkunnedh
afeesnekkond cnnct cheyyippichu,",No
5443,5443,Call <4Hr,,Ambili,241.0,No Information,,dgree aan vendeth aal already dig mrktng crse edthind nyt vilikkam prnjitt samsarich nokktte,No
5444,5444,Untouched,,Unknown,0.0,No Information,,No Information,No
5445,5445,Unknown,,nafi,22.0,No Information,,call cut aakki he is sleeping,No
5446,5446,Untouched,,Unknown,0.0,No Information,,No Information,No
5447,5447,Call <24Hr,2026-08-07,Najiya,0.0,No Information,,"BCA kazhinjehdan e varsham banglre padichedh, veed nilambur flutter aan chodhichedh, 
24 or 25 hub visiteyyum
hub visited on 24, cybrosis interview attend cheydhind,",Yes
5448,5448,Call >72Hr,2026-11-07,Sumayya,60.0,No Information,,house wife 5 years gap after plus two no idea about it field just insta kandappo enquiry cheythu ennanu paranjath,No
5449,5449,Call <24Hr,,arathi,9.0,No Information,,No Information,No
5450,5450,Call <24Hr,,arathi,0.0,No Information,,No Information,No
5451,5451,Call <24Hr,,arathi,30.0,No Information,,No Information,No
5452,5452,Untouched,,Unknown,0.0,No Information,,No Information,No
5453,5453,Call < 5 mins,,Najiya,4.0,No Information,,No Information,No
5454,5454,Call < 5 mins,2026-05-08,Najiya,42.0,No Information,,No Information,No
5455,5455,Untouched,,Unknown,0.0,No Information,,No Information,No
5456,5456,Call <24Hr,,arathi,0.0,No Information,,No Information,No
5457,5457,Untouched,,Unknown,0.0,No Information,,No Information,No
5458,5458,Untouched,,Unknown,0.0,No Information,,No Information,No
5459,5459,Call <24Hr,,Safa,2.0,No Information,,No Information,No
5460,5460,Untouched,,Unknown,0.0,No Information,,No Information,No
5461,5461,Call < 5 mins,2026-02-07,Sumayya,0.0,No Information,,referd by frndd//ok aannn/direct verraann nikkaa annnn,No
5462,5462,Untouched,,Unknown,0.0,No Information,,No Information,No
5463,5463,Call <24Hr,,Safa,0.0,No Information,,No Information,No
5464,5464,Call <24Hr,,Safa,353.0,No Information,,No Information,No
5465,5465,Untouched,,Unknown,0.0,No Information,,No Information,No
5466,5466,Untouched,,Unknown,0.0,No Information,,No Information,No
5467,5467,Untouched,,Unknown,0.0,No Information,,No Information,No
5468,5468,Untouched,,Unknown,0.0,No Information,,No Information,No
5469,5469,Call <24Hr,2026-07-07,Najiya,0.0,No Information,,"interested data science,mukkom,she is brother frnd studying bridgeon,slightly interested",No
5470,5470,Untouched,,Unknown,0.0,No Information,,No Information,No
5471,5471,Untouched,,Unknown,0.0,No Information,,No Information,No
5472,5472,Call >24Hr,2026-09-07,Najiya,0.0,No Information,2026-09-07,Zainudheen frnd,No
5473,5473,Call >72Hr,,Ambili,290.0,No Information,,"AI ml engineering aan chodhichedh, robotics padichind veed gudallur, multimedia dgree aan cmpleted",No
5474,5474,Untouched,,Unknown,0.0,No Information,,No Information,No
5475,5475,Untouched,,Unknown,0.0,No Information,,No Information,No
5476,5476,Untouched,,Unknown,0.0,No Information,,No Information,No
5477,5477,Call <4Hr,,arathi,0.0,No Information,,No Information,No
5478,5478,Call <4Hr,,arathi,3.0,No Information,,No Information,No
5479,5479,Call <4Hr,,arathi,9.0,No Information,,No Information,No
5480,5480,Call < 15 mins,,arathi,0.0,No Information,,No Information,No
5481,5481,Call < 5 mins,,arathi,0.0,No Information,,No Information,No
5482,5482,Call < 5 mins,,arathi,0.0,No Information,,No Information,No
5483,5483,Untouched,,Unknown,0.0,No Information,,No Information,No
5484,5484,Call < 30 mins,,Bridgeon Admin,60.0,No Information,,"she is now learning kannur zaithoon,interested bridgeon ,parents visit hub and wednesday inform",No
5485,5485,Untouched,,Unknown,0.0,No Information,,rnp,No
5486,5486,Call <4Hr,,Ambili,0.0,No Information,,No Information,No
5487,5487,Unknown,,Rincy,13.0,No Information,,b tech kayinju ..... kozhikode medical collage .....avd eveed nokatte enn paranju details ayakan paranju.///21n onnoode nokeette ennn///23 n rnp call ponilla//25n onnoode nokanam28n nokunnilla,No
5488,5488,Call < 5 mins,,arathi,3.0,No Information,,No Information,No
5489,5489,Call < 5 mins,,Bridgeon Admin,42.0,No Information,,"kottakkal ,interested data anaytics ,innu night parayam",No
5490,5490,Call <24Hr,,arathi,52.0,No Information,,No Information,No
5491,5491,Untouched,,Unknown,0.0,No Information,,No Information,No
5492,5492,Call >72Hr,,nafi,25.0,No Information,,"all enquery cheythath orma illa , mabe sister ayirikum enn ann paranjeth ,all ippo customer supoter ayitt work cheyya , aniythai bcom kayinj nikkan , all ippo busy ann detals wtsp cheyan parnju",No
5493,5493,Call <24Hr,,Safa,0.0,No Information,,No Information,No
5494,5494,Call <24Hr,,arathi,363.0,No Information,,No Information,No
5495,5495,Untouched,,Unknown,0.0,No Information,,No Information,No
5496,5496,Call < 5 mins,,Najiya,0.0,No Information,,"Perinthalmanna,btech cmplt  kollam,frnd suggest",No
5497,5497,Call < 5 mins,,Bridgeon Admin,50.0,No Information,,"passout 2019 ,inform later,veettukar ippol course nokanda ennu paranju",No
5498,5498,Untouched,,Unknown,0.0,No Information,,No Information,No
5499,5499,Call <4Hr,,Ambili,67.0,No Information,,"institute aan thonnund, btech cs e yr kazhinj edh edkkm confused aan enna prnjedh veed kochi padichedh  cusat
vtl discss cheyynm",No
5500,5500,Untouched,,Unknown,0.0,No Information,,No Information,No
5501,5501,Call < 5 mins,,Ambili,29.0,No Information,,No Information,No
5502,5502,Call >24Hr,,Rincy,25.0,No Information,,ashrafinte frnd///20n rnp/////21n rnp//20n hub visit vannu....ashrafinod samsarich avan ok aan book aaka enn paranju ..// my old client ashraf aan details parayunne avane aan contact cheyyunnath,No
5503,5503,Untouched,,Unknown,0.0,No Information,,No Information,No
5504,5504,Call < 5 mins,,Najiya,0.0,No Information,2026-01-07,"plustwo commerce ,interested it course ,no idea just reel kandu enquiry cheythu,visit hub this week, ,father busy anu",No
5505,5505,Call < 45 mins,,arathi,0.0,No Information,,No Information,No
5506,5506,Untouched,,Unknown,0.0,No Information,2026-08-08,ajmal relative,No
5507,5507,Call < 15 mins,,Najiya,101.0,No Information,,No Information,No
5508,5508,Untouched,,Unknown,0.0,No Information,,No Information,No
5509,5509,Call < 15 mins,2026-03-07,Najiya,0.0,No Information,2026-03-07,"pg economics ,data science enquiry,but fully confusion edu course edukkanam ennu ,1st  foundation cmplty after descide",No
5510,5510,Call < 5 mins,,Bridgeon Admin,59.0,No Information,,"Edavanna,Shabana husband no,interested data science ,visit manjeri hub tuesday",No
5511,5511,Untouched,,Unknown,0.0,No Information,,No Information,No
5512,5512,Call <4Hr,,arathi,0.0,No Information,,No Information,No
5513,5513,Call <8Hr,,Ambili,0.0,No Information,,"mca kazhinjedhan, edha edkkndenn idea illa veed kottayam",No
5514,5514,Call < 5 mins,,Bridgeon Admin,34.0,No Information,,"he is 1 year gap,inform later ,not laptop",No
5515,5515,Call <8Hr,,Ambili,0.0,No Information,,"tvm aan veed, vellya intrstonnulla karyngalokke prnj kodthind",No
5516,5516,Untouched,,Bridgeon Admin,38.0,No Information,,"2023 plustwo pinne 1 yr bca dropped, crse edkkn thalparyand but distance oru scene und plkd pattambi veed,",No
5517,5517,Untouched,,Unknown,0.0,No Information,,No Information,No
5518,5518,Call < 5 mins,,Najiya,0.0,No Information,2026-03-07,"morayur,enquiry for brthr mubashir ,he is plustwo commerce ,interested discuss parents",No
5519,5519,Call < 5 mins,,Najiya,59.0,No Information,,No Information,No
5520,5520,Call < 5 mins,,Najiya,11.0,No Information,,No Information,No
5521,5521,Call < 5 mins,,Najiya,14.0,No Information,,No Information,No
5522,5522,Call < 5 mins,,Najiya,0.0,No Information,,No Information,No
5523,5523,Call < 5 mins,2026-07-07,Najiya,136.0,No Information,,No Information,No
5524,5524,Call < 5 mins,,Najiya,216.0,No Information,,No Information,No
5525,5525,Call < 5 mins,,Najiya,16.0,No Information,,No Information,No
5526,5526,Call < 5 mins,,Najiya,0.0,No Information,,No Information,No
5527,5527,Call < 5 mins,,Najiya,37.0,No Information,,No Information,No
5528,5528,Call < 5 mins,,Najiya,3.0,No Information,,No Information,No
5529,5529,Call < 5 mins,,Najiya,0.0,No Information,,No Information,No
5530,5530,Call <8Hr,,Ambili,61.0,No Information,,No Information,No
5531,5531,Call <8Hr,,Ambili,0.0,No Information,,"oru jain universty crse cheydh flop aayedhan tiss nte mlt with dgree 1 yr dropped, jain n kettpo aalk no intrst veed naduvannur,
jain unvrsty aayond no interest bt onnude nokkitt parayam",No
5532,5532,Call <8Hr,,Ambili,0.0,No Information,,"call kittunilla, wtsplm illa",No
5533,5533,Call <8Hr,2026-08-07,Ambili,29.0,No Information,,"idh mothernte number aan avark enquiryne kurich ariyula veed mahi, plstwo humanities",No
5534,5534,Call <8Hr,,Ambili,13.0,No Information,,No Information,No
5535,5535,Call <8Hr,,Ambili,15.0,No Information,,busy,No
5536,5536,Call <8Hr,,Ambili,0.0,No Information,,"wifen vendittan wifen 26 yrs dgree bcom accntsl wrkd veed mannur, travellingaan",No
5537,5537,Call <8Hr,,Ambili,2.0,No Information,,"btech aan padichedh, tvm aan veed aalkk vellya intrst illa no hope, ippo online aaytt padikkunnund",No
5538,5538,Call <8Hr,2026-11-08,Ambili,27.0,No Information,,this yr commerce plstwo kazhinj dgree wait aakki veed vadakara,No
5539,5539,Call <8Hr,2026-04-07,Sanju,12.0,No Information,,traveling aan pine vilikam ennan parfanj,No
5540,5540,Call >72Hr,,Najiya,17.0,No Information,,"interested anu fundationilek,placed aya anas friend",No
5541,5541,Untouched,,Unknown,0.0,No Information,,No Information,No
5542,5542,Untouched,,Unknown,0.0,No Information,,No Information,No
5543,5543,Untouched,,Unknown,0.0,No Information,,No Information,No
5544,5544,Untouched,,Unknown,0.0,No Information,,No Information,No
5545,5545,Untouched,,Unknown,0.0,No Information,2026-12-08,rnp,No
5546,5546,Untouched,,Unknown,0.0,No Information,,delivery kazhinj irikaanu online aan pitch chythekune nokit parayam ennanu paranje,No
5547,5547,Untouched,,Sanju,0.0,No Information,2026-06-07,plus two aan ivan it aan intrest father ac mechanic nokan aan paranje mother abroad aan day care wrk aanu details shared aanu,Yes
5548,5548,Call <24Hr,,Sanju,0.0,No Information,,rnp,No
5549,5549,Call <24Hr,,Sanju,0.0,No Information,,"9846397894 = mothers number
not at all details shared financially down aan +2 kazhinjit one ye aayi dream aan koduthitulle baki set aakanam",No
5550,5550,Call <24Hr,2026-02-07,Ambili,97.0,No Information,,"already BOT therapy crse edkkn fixeydhind, idh verdhe regstr aakkiyedhan, initial details mathram paranj koduthollu, science aan padichedh, veed vandur
endho udayipp indonn thonnunn, detailsokke paranj kodthind",No
5551,5551,Untouched,,Sanju,0.0,No Information,,rnp,No
5552,5552,Untouched,,Unknown,0.0,No Information,,No Information,No
5553,5553,Untouched,,Unknown,0.0,No Information,,No Information,No
5554,5554,Untouched,,Unknown,0.0,No Information,,No Information,No
5555,5555,Call <24Hr,,Afees,65.0,No Information,2026-11-07,he told just enquired basic details shared on wtsp,No
5556,5556,Call <24Hr,,Afees,0.0,No Information,,bsc botony ann padiche next it field nokkanam ennund basic details shared,No
5557,5557,Call <24Hr,2026-02-07,Najiya,0.0,No Information,2026-02-07,"Ponnani ,she is sister  mrg  sep interested,with frnds",No
5558,5558,Call <24Hr,2026-04-07,Afees,0.0,No Information,2026-07-07,busy will connect later,No
5559,5559,Untouched,,Afees,137.0,No Information,,No Information,No
5560,5560,Untouched,2026-01-07,Rincy,0.0,No Information,,dgree b com kayinu wayanad aan veed ...koimbathoor aan nokunne///20n  edak choychu ///21n rnp///23 n rnp///26n rnp///28n rnp////30n rnp,No
5561,5561,Call >72Hr,2026-08-07,Rincy,6.0,No Information,2026-08-07,cousinu vendiyanu enquiry cheythath alkk number share cheyth kodkkannu paranju alude number thannilla///6n vilikatto parayatto ennokke paranju........//8n cut aaki poyi,No
5562,5562,Call <24Hr,,Afees,137.0,No Information,,veruthe enquiry cheythu ennanu paranje no idea about it field and bridgeon,No
5563,5563,Call >72Hr,,Ambili,13.0,No Information,2026-10-07,No Information,No
5564,5564,Untouched,,Unknown,0.0,No Information,,No Information,No
5565,5565,Untouched,,Unknown,0.0,No Information,,No Information,No
5566,5566,Untouched,,Unknown,0.0,No Information,,No Information,No
5567,5567,Untouched,,Unknown,0.0,No Information,,No Information,No
5568,5568,Untouched,,Unknown,0.0,No Information,,No Information,No
5569,5569,Call < 5 mins,2026-10-07,Najiya,0.0,No Information,2026-10-07,No Information,No
5570,5570,Call >24Hr,2026-06-07,Najiya,0.0,No Information,2026-06-07,"she is degree cmplt now,kottappuram husband place ,she is nadappuram may be online not decide,muhammed sir arts clg mokeri recomanded",No
5571,5571,Unknown,,Rincy,0.0,No Information,,fidhante frnd/////19n np mankav hub visit aakeett payment cjeyyaam//msged//////24n msged///26n rnp msg ayachu//27n msg ayachu...28n nale hub visit varan plan nd//29n incommig call illa,No
5572,5572,Call < 5 mins,,arathi,56.0,No Information,,No Information,No
5573,5573,Call < 5 mins,,arathi,46.0,No Information,,No Information,No
5574,5574,Untouched,,Unknown,0.0,No Information,,No Information,No
5575,5575,Call < 5 mins,,arathi,31.0,No Information,,No Information,No
5576,5576,Call < 5 mins,,arathi,11.0,No Information,,No Information,No
5577,5577,Untouched,,Unknown,0.0,No Information,,No Information,No
5578,5578,Untouched,,Unknown,0.0,No Information,,No Information,No
5579,5579,Call <4Hr,,Sanju,51.0,No Information,2026-02-07,upsc prepare chyind plan b aayt nokan online aan nokunne warm aan lead nokit parayam ennanu paranje,No
5580,5580,Untouched,,Unknown,0.0,No Information,,No Information,No
5581,5581,Call < 5 mins,,Najiya,0.0,No Information,,"Vhse,interested discuss parents ,mankavu hub is convenient",No
5582,5582,Call <1Hr,,Rincy,13.0,No Information,2026-12-08,rnp//age 24 ..... kakkanjeri ummante veed...hus nte veed calicut aan veed online aan nokunne///////19n confirm cheydhilla....health issue ind ..nokatte //22n msged//24n rnp///26n rnp//29n 2 month kayinjitt///29n rnp,No
5583,5583,Untouched,,Afees,74.0,No Information,,No Information,No
5584,5584,Untouched,,Unknown,0.0,No Information,,No Information,No
5585,5585,Call >72Hr,,nafi,83.0,No Information,,rnp,No
5586,5586,Call <1Hr,,Rincy,17.0,No Information,,digital maarketing aanu nokiye mufeeda ennann peer aalalla call cheydhadh kondotty aann veed pantheerankav onnum vidoola nokatte ennitt paraym enn///21n rnp//22n rnp//25n choychittilla///26n nokunnilla enn,No
5587,5587,Call <24Hr,,Sumayya,22.0,No Information,,"call edyuthtah ammaa ann,office ill aann aval aduth choicchit parayya.cyt aki",No
5588,5588,Untouched,,Sanju,106.0,No Information,,No Information,No
5589,5589,Call <4Hr,2026-09-07,Rincy,0.0,No Information,2026-10-07,rnp///18n rnp//9n rnp msged nokkunnilla enn,No
5590,5590,Call <24Hr,,Sumayya,0.0,No Information,,buzty aann//maerketing ann nokunneee//ippoo graphic designing ayitt wrjk cheyyindd,No
5591,5591,Untouched,,Unknown,0.0,No Information,,No Information,No
5592,5592,Untouched,,Unknown,0.0,No Information,,No Information,No
5593,5593,Call >24Hr,,Bridgeon Admin,0.0,No Information,2026-07-08,"visited hub,nasheedka referal,plustwo vhse,he is sister marriage now busy july 29.tuesday varunnund",Yes
5594,5594,Call >24Hr,,arathi,110.0,No Information,,No Information,No
5595,5595,Call < 5 mins,2026-08-07,Sumayya,0.0,No Information,,"referdd by frnddd
20/6//contacted me through watsapp//avnte vtll kurch hosptl vcase indd so agnee buzy aarrnnu/nala verunnindd ennitt nokkaann annn parayunnee",No
5596,5596,Call <1Hr,,Sumayya,0.0,No Information,,No Information,No
5597,5597,Call < 5 mins,,Najiya,0.0,No Information,,"interested he is ksrkd,interested kochi,visit kochi hub today",No
5598,5598,Call < 5 mins,2026-06-07,Najiya,0.0,No Information,2026-04-07,"She is kottappuram,visit hub immediately,pap enquiry,discuss frnd after inform",No
5599,5599,Call <4Hr,,arathi,59.0,No Information,,calling later,No
5600,5600,Call <4Hr,,Najiya,0.0,No Information,,"intereste data anaytics,kochi hub prefered ,inform later",No
5601,5601,Call < 5 mins,,Najiya,0.0,No Information,2026-05-09,"Enquiry for brother,kondotty ,interested flutter course,she is doctore,visit hub",No
5602,5602,Call >72Hr,,nafi,68.0,No Information,,rnp msgd,No
5603,5603,Call < 45 mins,,Najiya,7.0,No Information,,"Edappal ,development course interested visit hub today",No
5604,5604,Call <4Hr,,Afees,90.0,No Information,2028-01-06,btech first year,No
5605,5605,Untouched,,nafi,107.0,No Information,,"rnp contacted on wtsp // umma ann call attend cheythee all palli poyitta ille enn paranju, pinne villicgappo rnp//rnp //rnp //no response // same as before// rnp",No
5606,5606,Call <8Hr,,Afees,0.0,No Information,,"working on maxwell finance ramanattukara,no idea about it field and bridgeon busy will connect evening",No
5607,5607,Call <8Hr,,Afees,0.0,No Information,,ma economics 4 years gap house wife online only possible no idea about bridgeon and it field it field anenn ariyillayirunnu enquiry cheythappo ennanu paranjath basic details shared,No
5608,5608,Call >72Hr,,Sumayya,0.0,No Information,,no incomingg//+2sceince nuresing dropeedd bcczz of marrigee//aaluva ernklmm//,No
5609,5609,Call <24Hr,2026-03-07,Afees,106.0,No Information,2026-04-07,rnp contacted on wtsp,No
5610,5610,Call <24Hr,,Ambili,0.0,No Information,,"pattambi, data analytics aan nokkunnedh, details prnj kodthu vtl discss aakknm, dstnce issue und",No
5611,5611,Call >72Hr,,Rincy,0.0,No Information,,4n clasiilan pinne  vilikam enn////7n rnp//8n rnp///10n rnp/15n  rnp//16n rnp,No
5612,5612,Call >48Hr,2026-06-07,Afees,15.0,No Information,2026-07-07,ba economics ann padiche next eath field nokkanam ennu oru idea illa basic details shared pattambi ann place,No
5613,5613,Call <24Hr,2026-04-07,Afees,0.0,No Information,2026-07-07,busy will connec t later,No
5614,5614,Call <24Hr,2026-03-07,Afees,68.0,No Information,,father ann call eduthe busy will connect later,No
5615,5615,Call <24Hr,2026-03-07,Afees,3.0,No Information,2026-04-08,"kunnamangalam ,27 vayassayi,bangokkil oru casinoyil work cheyyayirunnu,corrently nattil interlock business ann,next entha cheyyandenn oru idea illa aniyathjinte marriege ann basic details shared direct enquirykk konduvaranam...",No
5616,5616,Call <24Hr,,Sanju,0.0,No Information,,seems like other language,No
5617,5617,Untouched,,nafi,0.0,No Information,,"all vittill illa sister ann call edthe so wtsp message cheythind \\ all busy ann so korch kayinj villikam enn pranjuu //rnp// rnp//rnp// all degree alotment kitti nikann so allk enthatallum 4yr degree poyii kalayanm enn illa, vayanad ann vid varnnee , details nokkitt next week hub visit varam enn paranjuu// pallill ann // inn manjeri hub visit ann // rnp",No
5618,5618,Call <24Hr,,Sanju,64.0,No Information,,No Information,No
5619,5619,Call >72Hr,,Najiya,0.0,No Information,,"online course enquiry ,no backround ,psychology 2nd year doing",No
5620,5620,Call <24Hr,,Sanju,0.0,No Information,,seems like other language,No
5621,5621,Call <24Hr,,Sanju,0.0,No Information,,No Information,No
5622,5622,Call >72Hr,,nafi,0.0,No Information,,rnp wtsp messaged,No
5623,5623,Call >72Hr,,nafi,71.0,No Information,,rnp msgd,No
5624,5624,Call <24Hr,,Sanju,192.0,No Information,,b tech cs kayinju kondotty aan veed nokatte enn paranju,No
5625,5625,Call >72Hr,,nafi,70.0,No Information,,rnp msgd,No
5626,5626,Untouched,,nafi,0.0,No Information,,wtsp connected\\ she gave a single hi message in wtsp after that no reply and when its rnp\\same situation \\ no response in both// rnp,No
5627,5627,Call <24Hr,,Rincy,40.0,No Information,,bc aanenn paranju,No
5628,5628,Call <24Hr,,Sanju,0.0,No Information,,rnp,No
5629,5629,Call <24Hr,,Ambili,36.0,No Information,,No Information,No
5630,5630,Call <24Hr,,Ambili,0.0,No Information,2026-10-09,"bca kazhinjedhan, kakkanad veed python aan nokkunnedh, ippo vdo edtng cheyyunnund so adtha monthokke aayittan crse nokkunnedh
kochi hub visiteydhu avde ini next mnthaan btchulledhnn prnjind aa tym aavumbo confirm aakkam paranju",No
5631,5631,Call <24Hr,2026-10-08,Ambili,0.0,No Information,2026-11-08,"bsc electronics failed aan, one yr gap ini edh edkknmnn confusionlaan
rnp
vere nmbrilnn vilichu no response",No
5632,5632,Call <24Hr,,Ambili,38.0,No Information,,No Information,No
5633,5633,Call <24Hr,,Ambili,277.0,No Information,,No Information,No
5634,5634,Call < 5 mins,2026-03-07,Najiya,0.0,No Information,2026-03-07,"he is working accountant ippol leavinu vannathanu oru divasam hub visit cheyyum,34 years unne passout degree",No
5635,5635,Call < 5 mins,,Bridgeon Admin,33.0,No Information,,No Information,No
5636,5636,Untouched,,Rincy,7.0,No Information,,rnp contacted on wtsp//9n rnp///10n rnp call ponilla//13n rnp//16n rnp,No
5637,5637,Call <24Hr,2026-07-07,Ambili,55.0,No Information,,"34 vayassund, ippo job resign cheydhu accnting in dubai, IT lek switch cheyyanan paln, veed pattambi
rnp",No
5638,5638,Call <24Hr,,arathi,0.0,No Information,,No Information,No
5639,5639,Call >24Hr,,Rincy,0.0,No Information,,"nousinte frnd..///18n rnp///21n monday nokam///23 n  ee week varam hub visit//26n korch bc aan monday nokam..28n msged//29n rnp///3n rnp....2 divasam kond varam//8n rnp//9n rnp///10n rnp//13n rnp/15n  rnp//16n rnp///18n rnp/,,/22n rnp..29n hub visit vanneeni munne ok aan oru frnd koodind.............isr vilich ok ippo nokunnilla paranj.////11n rnp........13n hub visit aaki...14n rnp///15n rnp.........hospital case aan",No
5640,5640,Call < 30 mins,2026-07-07,Sumayya,0.0,No Information,,"+2 kayaijjthaaa,commerce aarrnnuuu,,vtll function ind soo thrik aann nyt calll aakkaaa
18/6//chemmadd ann  veed//koyppillaa nokkaa//uppaa gulf ill aanan",No
5641,5641,Call >72Hr,2026-03-07,Rincy,18.0,No Information,2026-02-07,"vallya intresst illaa,vallaathapole samsarikya,btech papers inndd,pathanmathitta aann place,...3n nokunnnilla",No
5642,5642,Call >72Hr,2026-03-09,Ambili,0.0,No Information,2026-04-09,mnjeryk aan nokkunnedh intrstd aan plustwo aan kazhinjedh,No
5643,5643,Call < 5 mins,,Najiya,23.0,No Information,,"visited manjeri hub,jaseel frnd",No
5644,5644,Call >72Hr,,Ambili,25.0,No Information,,"vadakkara,very interested data anaytics ,visit mangavu  hub tommarrow",No
5645,5645,Call >24Hr,,Afees,0.0,No Information,,"online only preffered,house wife 2023 ma economics passout,oru baby und tvm place",No
5646,5646,Unknown,,nafi,0.0,No Information,,rnp contacted on wtsp\\rnp wtsp no response//same,No
5647,5647,Call <4Hr,,Najiya,3.0,No Information,,"Flutter course Enquiry,valluvambram,manjeri hub convenient she is pukottoor,degree journalism",No
5648,5648,Call < 5 mins,,Najiya,27.0,No Information,,"Bca,inform later ,data anaytics enquiry",No
5649,5649,Call < 5 mins,,arathi,0.0,No Information,,No Information,No
5650,5650,Call < 15 mins,,Najiya,5.0,No Information,,"working graphic desigh,interested data anaytics online",No
5651,5651,Call < 15 mins,,Najiya,147.0,No Information,,"Bsc chemistry,data anaytics enquiry,vadakkara with frnd saniya",No
5652,5652,Call <1Hr,2026-09-07,Sumayya,75.0,No Information,,rnp/3//foundationn//bca banglr clg,No
5653,5653,Call <8Hr,,Sanju,22.0,No Information,,no idea about this watsap il msg chyan aan paranj,No
5654,5654,Call <4Hr,2026-10-07,Rincy,0.0,No Information,2026-10-07,incomming call illa whats app msg ayachu net off aanu //same//19n same..net off//9n rnp same///10n rnp same,No
5655,5655,Call <4Hr,2026-04-07,Rincy,29.0,No Information,,payyoli ann kozhikode plcce//btech cs kyinju//ok ann elllm but feee aann budhimuttt aavyukaa,No
5656,5656,Call <8Hr,,Sanju,941.0,No Information,,details shared aan wrked as a tchr ipo wrk chynila oru kutty ind 10 mnths,No
5657,5657,Untouched,,Unknown,0.0,No Information,,No Information,No
5658,5658,Untouched,,Unknown,0.0,No Information,,No Information,No
5659,5659,Untouched,,Unknown,0.0,No Information,,No Information,No
5660,5660,Untouched,,Unknown,0.0,No Information,,No Information,No
5661,5661,Call <4Hr,,Rincy,35.0,No Information,,plus 2 science aanu passed ..koduvalli veed aal ippo uranguvan korch kayinjit vilikam,No
5662,5662,Untouched,,Unknown,0.0,No Information,,No Information,No
5663,5663,Call < 5 mins,,Najiya,0.0,No Information,,"interested,inform within 2 days",No
5664,5664,Call >24Hr,,Sumayya,0.0,No Information,,rnp/2//  20/8//no responsee to calls or msgs  21/8//rnp/no response watsappp,No
5665,5665,Call >24Hr,2026-06-07,Rincy,21.0,No Information,2026-05-07,plus 2 science kayinju..kondotty aan veed...///18n rnp////19n np//22n hub visit vann frnds nd ok aan///23 n rnp///24n brotole exam eyudheettubd adh nokatte enn///26n rnp..28n workshop attend aakan brotol kitteelleel nokam....PAPkitty,No
5666,5666,Call >24Hr,,Ambili,0.0,No Information,,married aan so adthulledhan prefer cheyunnedh or online data analytics aan chodhichehd veed nilambur,No
5667,5667,Call < 5 mins,,Sanju,0.0,No Information,,rnp,No
5668,5668,Call >72Hr,2026-07-07,Sumayya,95.0,No Information,,rnp//b com kayinju thirur aan veed ............vandi odikkaan//21n onnum mindand cut aaki///23 n rnp mindunnilla///26n rnp,No
5669,5669,Call >24Hr,,Ambili,46.0,No Information,,No Information,No
5670,5670,Call < 5 mins,,Sanju,3.0,No Information,,No Information,No
5671,5671,Call < 15 mins,,arathi,0.0,No Information,,No Information,No
5672,5672,Untouched,,Unknown,0.0,No Information,,No Information,No
5673,5673,Call <8Hr,,Sanju,22.0,No Information,,rnp contacted on wtsp,No
5674,5674,Call <8Hr,,Afees,70.0,No Information,2026-02-12,she want data analytics,No
5675,5675,Call >72Hr,,Ambili,0.0,No Information,,rnp contacted on wtsp,No
5676,5676,Call >72Hr,2026-08-07,Ambili,37.0,No Information,,No Information,No
5677,5677,Call <24Hr,,Najiya,57.0,No Information,,"visit bridgeon interview bde ,bca qualification,doing java full stack in chennai",No
5678,5678,Call >72Hr,2026-08-07,Ambili,63.0,No Information,,No Information,No
5679,5679,Unknown,,nafi,110.0,No Information,,"ba administration/all online degree cheynind so athinttte kudee course cheyann vendii ann , aldde frdum course cheyan nokknind , so details onn nokitt parayam enn ann paranjee \\rnp//rnp",No
5680,5680,Call <24Hr,2026-01-07,Afees,54.0,No Information,,"perambra,bba completed,next field nokkanamnn  ind but oru clarity illa,basic details shared,uppa gulfil cafteria job ivan ann elder son",No
5681,5681,Call >72Hr,,nafi,139.0,No Information,,she was looking for accounting intership,No
5682,5682,Untouched,,Afees,71.0,No Information,,No Information,No
5683,5683,Untouched,,Sanju,0.0,No Information,,"trissur ann place,btech cs padich oru course eduthu mern stack pakshe ath set allathondu stop cheythu,pinne two years gap,ini oru course edukkunnath atrem crutial ann basic details only shared want to connect",No
5684,5684,Call < 5 mins,,Bridgeon Admin,0.0,No Information,,rnp contacted on wtsp,No
5685,5685,Call < 5 mins,2026-07-07,Najiya,0.0,No Information,2026-07-07,"online course enqury,working bank ,now not working ,data anaytics enquiry",No
5686,5686,Call < 45 mins,2026-04-08,Najiya,111.0,No Information,,"nandana vadakkara frnd,interested,data anaytics enquiry,visited mankavu hub tomarrow",No
5687,5687,Call <1Hr,,arathi,0.0,No Information,,No Information,No
5688,5688,Call <24Hr,,arathi,345.0,No Information,,No Information,No
5689,5689,Call <24Hr,2026-05-07,Afees,31.0,No Information,,rnp contacted on wtsp,No
5690,5690,Call < 30 mins,,arathi,0.0,No Information,,No Information,No
5691,5691,Call < 45 mins,,arathi,0.0,No Information,,No Information,No
5692,5692,Call >72Hr,,Sumayya,0.0,No Information,,No Information,No
5693,5693,Call < 5 mins,,Sumayya,4.0,No Information,,No Information,No
5694,5694,Call < 5 mins,2026-07-07,Najiya,0.0,No Information,2026-07-07,"interested data anaytics ,python learn self,inform later",No
5695,5695,Call >72Hr,,Rincy,49.0,No Information,,No Information,No
5696,5696,Call >72Hr,,Sumayya,12.0,No Information,,No Information,No
5697,5697,Unknown,,nafi,0.0,No Information,,rnp contacted on wtsp \\ rnp\\rnp,No
5698,5698,Call >24Hr,,Ambili,0.0,No Information,,rnp contacted on wtsp,No
5699,5699,Call <4Hr,,Afees,104.0,No Information,2026-10-07,"ba economics ann padiche,acan policil ayirunu alu marichu next police avan psc try cheyyunnund,vtl ivananu elder son,basic details shared",No
5700,5700,Untouched,2026-08-07,Ambili,0.0,No Information,,No Information,No
5701,5701,Call <4Hr,,Afees,207.0,No Information,,No Information,No
5702,5702,Call <4Hr,2026-03-07,Afees,0.0,No Information,2026-06-07,busy will connect later,No
5703,5703,Call < 15 mins,2026-04-07,Afees,29.0,No Information,,No Information,No
5704,5704,Call >24Hr,,Ambili,0.0,No Information,,"rnp contacted on wtsp, call edthu clear alla",No
5705,5705,Call < 5 mins,2026-11-06,Afees,203.0,No Information,,No Information,No
5706,5706,Unknown,2026-08-07,Rincy,0.0,No Information,2026-08-07,"chemmadu ann place oru dress shopil work cheyyanu,next eath field nokkanamnn oru idea illa uppa auto driver basic details shared uppanem ummanem close cheyyanam/////28n rnp//29n rnp///3n rnp//8n rnp",No
5707,5707,Call < 30 mins,,Najiya,30.0,No Information,,"BVOC  maths ai,data science  interested,kochi hub prefered",No
5708,5708,Call <8Hr,,Afees,0.0,No Information,,No Information,No
5709,5709,Untouched,,Ambili,102.0,No Information,2026-06-07,rnp contacted on wtsp,No
5710,5710,Call <4Hr,,Sumayya,490.0,No Information,,"ba phsycology ann padiche,thamarasherry place accounting course anenn vijarich ann enquiry cheythe basic details shared on wtsp",No
5711,5711,Call <4Hr,,Sanju,0.0,No Information,,rnp,No
5712,5712,Call <4Hr,,Ambili,0.0,No Information,,"kannur aan veed, bsc cs kazhinju next data analytcs edkkanan plan vtl samsarikknm",No
5713,5713,Call <4Hr,,Sumayya,14.0,No Information,,frnd refer aakiyth aann,No
5714,5714,Call < 15 mins,,Najiya,26.0,No Information,,"please contact whatsapp,call attend her mother,mother no,she is working evening call",No
5715,5715,Untouched,2026-08-07,Ambili,0.0,No Information,,No Information,No
5716,5716,Call < 5 mins,,Najiya,23.0,No Information,,"She is interested data anaytics ,may be kinfra or manjeri inform later",No
5717,5717,Call >24Hr,2026-02-07,Najiya,23.0,No Information,2026-02-07,"9946751708 mother no,wtsap only,interested data anaytics,inform later",No
5718,5718,Call < 45 mins,,Najiya,30.0,No Information,,"he is degeree 2 sem back pappers,interested data anaytics ,inform later",No
5719,5719,Call <4Hr,,Najiya,0.0,No Information,,Inform later,No
5720,5720,Call >24Hr,,Ambili,0.0,No Information,,"dgree kazhinja yr 1st yr dropped aan, edh crse edkknmnn confused aan plstwol computer comerce aan veed nilgri, achanilla amma wrking
 rnp wtsp msgd",No
5721,5721,Call <24Hr,,Najiya,63.0,No Information,,"cloud computing interested,join ipsr",No
5722,5722,Untouched,2026-02-07,Afees,44.0,No Information,,No Information,No
5723,5723,Call >24Hr,,Ambili,2.0,No Information,,rnp contacted on wtsp,No
5724,5724,Call < 5 mins,,Bridgeon Admin,0.0,No Information,,"interested july batch,she is already join kannur zaithoon institute,distance prblm,karad",No
5725,5725,Call >24Hr,2026-05-07,Afees,69.0,No Information,2026-06-07,busy will connect later,No
5726,5726,Call >72Hr,,Bridgeon Admin,57.0,No Information,,"msc physics ann padiche no idea about it field and bridgeon oru friend paranju arinjathanu,basic details shared",No
5727,5727,Call >24Hr,,Afees,66.0,No Information,,"last year plus two passout,manjeri,next eath field nokkanamnn oru idea illa bba degrre distance nokkanam ennund,callil valiya response illa,basic details shared on wtsp want to followup,valiya rapport build ayittilla...",No
5728,5728,Call <24Hr,,Bridgeon Admin,44.0,No Information,,"nilaboor ann place plus two kazhinjittu one year ayi next entha cheyyandenn oru idea illathe nikkanu brototypil nokkett indayirnnu,cousin ivde padikkunnund,uppa abroad restaurant worker,brother uk mba study want to connect with mother",No
5729,5729,Untouched,2026-04-07,Afees,0.0,No Information,,No Information,No
5730,5730,Call >24Hr,,Afees,0.0,No Information,,rnp contacted on wtsp,No
5731,5731,Call < 5 mins,,Najiya,14.0,No Information,,No Information,No
5732,5732,Call < 5 mins,,Najiya,0.0,No Information,,wtsap chat only,No
5733,5733,Call >48Hr,,Najiya,25.0,No Information,2026-04-09,"supply more,interested course,wtsap chat only",No
5734,5734,Call >72Hr,2026-06-07,Rincy,38.0,No Information,,ippo nokunnills avan vere join cheydhun enn oaranj,No
5735,5735,Call <24Hr,2026-02-07,Afees,14.0,No Information,,ammente number ann ammayanu phone eduthe alu workingil ann 6 manikku shesham connect cheyyanam...,No
5736,5736,Call >24Hr,,Afees,58.0,No Information,,No Information,No
5737,5737,Call <4Hr,,Najiya,0.0,No Information,,No Information,No
5738,5738,Call < 5 mins,,Najiya,0.0,No Information,,"interested anaytics ,julay last  batch  interested,doing   excel course",No
5739,5739,Call <4Hr,2026-07-07,Sumayya,0.0,No Information,,"parent nte number in dalreaduy,athill aann contact kooduthll cheyunnee",No
5740,5740,Call < 45 mins,,arathi,577.0,No Information,,No Information,No
5741,5741,Call < 45 mins,,arathi,0.0,No Information,,No Information,No
5742,5742,Call >72Hr,2026-07-08,Sumayya,0.0,No Information,2026-03-11,"referd by frndd
follow upp trhoufghh frndd


29/7//no response",No
5743,5743,Call <1Hr,2026-10-07,Najiya,0.0,No Information,2026-10-07,"interested full stack course , inform tmrw",No
5744,5744,Call < 5 mins,2026-06-07,Najiya,0.0,No Information,2026-10-07,"data anaytics course enquiry ,makkara paramb ,no idea  ,visit manjeri hub tmrw",No
5745,5745,Untouched,,Unknown,0.0,No Information,,No Information,No
5746,5746,Untouched,,Unknown,0.0,No Information,,No Information,No
5747,5747,Call < 5 mins,,Sumayya,301.0,No Information,,switchesddd off,No
5748,5748,Call < 5 mins,,Najiya,44.0,No Information,2026-01-07,"enquiry for son ,kalikkavu ,btech cmplt ,interested visit hub",No
5749,5749,Call <4Hr,,Sumayya,268.0,No Information,,btech kayinjathha//koduvalliii calicut aan place//details paranjittunnddd/nokit paryaum,No
5750,5750,Untouched,,Unknown,0.0,No Information,,No Information,No
5751,5751,Call <4Hr,,arathi,0.0,No Information,,No Information,No
5752,5752,Call <4Hr,2026-03-07,Najiya,0.0,No Information,2026-03-07,wtsap only,No
5753,5753,Call < 5 mins,,Bridgeon Admin,29.0,No Information,,"interested foundation batch,discuss parents inform tmrrw",No
5754,5754,Call < 5 mins,2026-08-07,Najiya,0.0,No Information,2026-08-07,Already contact hudaif,No
5755,5755,Unknown,,Rincy,33.0,No Information,,aslaminte frnd///manjeri poyittund//ok aanu 22n uppa vernd///ok aan ummakk onnn ivde kananam///ummmakk msg ayachu//21n inn evening ullil nokaam enn//fund set aayeella enn///ummakk kananam ennitt cheyyam enn//2 divasam kond set aakam enn///26n umma scn,No
5756,5756,Call <4Hr,,Safa,0.0,No Information,,No Information,No
5757,5757,Call >72Hr,,arathi,0.0,No Information,,No Information,No
5758,5758,Call <24Hr,,arathi,0.0,No Information,,No Information,No
5759,5759,Call <24Hr,,arathi,0.0,No Information,,No Information,No
5760,5760,Call <24Hr,,arathi,3.0,No Information,,No Information,No
5761,5761,Call <24Hr,,Rincy,23.0,No Information,,ivar cheydheella kutty nd nokatte enn vannitT VILIKAM///17n rnp,No
5762,5762,Call >72Hr,,Rincy,22.0,No Information,,19n rnp,No
5763,5763,Call <24Hr,,Rincy,0.0,No Information,2026-12-08,"DGREE B COM.... CAREER SUPPORT AAYIT WORK CHEYDHITTUND RESIGHN THRISSUR AAN VEED AGE 27/////17n rnp...msged ee month last///23 n msged//25n cash set aakan ///26n msged///28n rnp//29n msged///30n msged emi korch over aan nokatte enn///10n rnp/,,/22n rnp///29n rnp///13n rnp",No
5764,5764,Untouched,,Unknown,0.0,No Information,,No Information,No
5765,5765,Call >24Hr,,arathi,402.0,No Information,,No Information,No
5766,5766,Call >24Hr,,arathi,29.0,No Information,,No Information,No
5767,5767,Call <24Hr,,Rincy,0.0,No Information,,RNP///17n rnp///18n rnp///21n rnp,No
5768,5768,Call >24Hr,,Bridgeon Admin,0.0,No Information,,rnp/3//,No
5769,5769,Call >24Hr,,Ambili,9.0,No Information,,"dgree economics kazhinja varsham padichitt ippo ssc padikkunnu,tvm aan veed so aduthaan nokkunnedh",No
5770,5770,Call >24Hr,,arathi,41.0,No Information,,No Information,No
5771,5771,Call >24Hr,,arathi,0.0,No Information,,No Information,No
5772,5772,Call >24Hr,,Rincy,37.0,No Information,,aalalla call idthe  vtl illa//veendum same avastha,No
5773,5773,Call >24Hr,,Ambili,72.0,No Information,,"ielts padikkunnu, skill based padikknm plan cheyyunnu, veed pantheerankav, pg english aan padichedh, rnp",No
5774,5774,Call >24Hr,,Sanju,724.0,No Information,,degre 2nd yr student aanu but karyangal paranitund onlin e pitch chythindu waiting for rply,No
5775,5775,Call >24Hr,,arathi,0.0,No Information,,No Information,No
5776,5776,Call >24Hr,,Sumayya,144.0,No Information,,thamil,No
5777,5777,Unknown,,nafi,32.0,No Information,,rnp wtsp meesaged // rnp// rnp wtsp no reply//rnp,No
5778,5778,Call >24Hr,,Ambili,0.0,No Information,,"e varsham plustwo kazhinjedh, veed kondotty dgreek apply aakki nikken 88 percntge mrk und, waiting allotmnt
she i very confused",No
5779,5779,Call < 5 mins,,Najiya,35.0,No Information,,"Visit manjeri hub monday ,enquiry for sister ,flutter course enquiry",No
5780,5780,Call >72Hr,2026-09-07,Rincy,4.0,No Information,2026-10-07,"bca kayoinjath aann//nadakkav nu adyth anan//
28/6/rnp/2///8n bc aan msg ayakan paranu///cut aaki poyi///intrest illa enn",No
5781,5781,Call >72Hr,,Rincy,0.0,No Information,,invalid number//9n rnp///10n rnp/14n rnp/14n rnp,No
5782,5782,Call >72Hr,,arathi,0.0,No Information,,complete aakan pateetila detail share kazhinjapo call vannu enn paranj cut aakaanu chythe,No
5783,5783,Untouched,,Unknown,0.0,No Information,,No Information,No
5784,5784,Call < 45 mins,2026-03-07,Rincy,37.0,No Information,2026-04-07,rnp/////3n rnp///veenda,No
5785,5785,Call >24Hr,,Safa,5.0,No Information,,No Information,No
5786,5786,Untouched,,Unknown,0.0,No Information,,No Information,No
5787,5787,Call < 30 mins,,Rincy,21.0,No Information,,palayi aan veed...aviation drop cheydhuu///17n rnp///18n nokkunnilla,No
5788,5788,Call >24Hr,,Ambili,84.0,No Information,,No Information,No
5789,5789,Untouched,,Unknown,0.0,No Information,,No Information,No
5790,5790,Call <4Hr,,Najiya,0.0,No Information,,rnp,No
5791,5791,Call <4Hr,,Najiya,0.0,No Information,,"data anaytics enquiry,busy now ,sending details",No
5792,5792,Call <1Hr,2026-04-09,Rincy,1.0,No Information,2026-02-09,"...rnp//rnp///18n ippo cheyyunnilla// online aauitt idkana nokne collage start cheydhitt////2n nokatte.////11n rnp///18n rnp 
///24n rnp//28n rnp///4n rnp",No
5793,5793,Call <4Hr,2026-01-07,Najiya,2.0,No Information,2026-03-07,"data anaytics course enquiry,wtsap only",No
5794,5794,Call <4Hr,,Najiya,143.0,No Information,,"data anaytics enquiry interested with frnds,manjeri or calicut hub prefered,discuss frnds after inform ,1 year gap",No
5795,5795,Call <4Hr,,Bridgeon Admin,29.0,No Information,,"interested mern or python,inform monday",No
5796,5796,Untouched,,Unknown,0.0,No Information,,No Information,No
5797,5797,Call >48Hr,,Safa,70.0,No Information,,No Information,No
5798,5798,Call <4Hr,,Rincy,0.0,No Information,,thirur aan veed ba sociology padich nokatte enn///17n rnp///18n rnp///21n rnp,No
5799,5799,Call >48Hr,,Safa,333.0,No Information,,No Information,No
5800,5800,Untouched,,Safa,0.0,No Information,,No Information,No
5801,5801,Call >48Hr,,Safa,0.0,No Information,,No Information,No
5802,5802,Call <4Hr,,Rincy,0.0,No Information,,rnp//9n rnp///10n rnp//13n rnp//16n rnp,No
5803,5803,Untouched,2026-05-07,Sanju,1332.0,No Information,,"details shared aan father driver aanu bca completed aan ellam detailed aayt paranjitund baki followup aan
fees issue",No
5804,5804,Call <4Hr,,Bridgeon Admin,0.0,No Information,,institute aanu edtech academic counsilor ayt wrk chyan nn paranj pitch kitan vendi call chythathan scripted questions from her,No
5805,5805,Call >48Hr,,arathi,0.0,No Information,,No Information,No
5806,5806,Call >72Hr,2026-07-07,Najiya,0.0,No Information,2026-07-07,visited hub today,No
5807,5807,Call <4Hr,,Rincy,0.0,No Information,,call connect aavunnilla///4n rnp//9n rnp///11n rnp/15n  rnp msged//17n rnp,No
5808,5808,Call < 45 mins,,Najiya,21.0,No Information,,No Information,No
5809,5809,Call <8Hr,,Sumayya,0.0,No Information,,"ba economics kayinjtah aann//vengara aann sthalmm//wife nu vndittt husband nokkiyathaa
15/6//caledd but rnpp//",No
5810,5810,Call <8Hr,,Sumayya,0.0,No Information,,rnp/3//fulll doubt aannn//ec ann padichheee//instituite anoooonn thonnann,No
5811,5811,Call <24Hr,,Rincy,20.0,No Information,,bc//nokunilkla wnn,No
5812,5812,Untouched,,Unknown,0.0,No Information,,No Information,No
5813,5813,Call <24Hr,2026-08-07,Sanju,0.0,No Information,,"plus two aan trivandrum aann place detailed shared father life guard aan mother wrk chyunilla brthr ind bcom kazhinju ival zoology 1st yr aan drop chyan aan plan ennanu paranje
rnp 
rnp
call edukunilla but whatsapp connected msg chyind",No
5814,5814,Untouched,,Unknown,0.0,No Information,,No Information,No
5815,5815,Call < 5 mins,,Najiya,0.0,No Information,,"distance degree doing 2nd year ignou univercity,inform later,data anaytics enquiry",No
5816,5816,Call < 5 mins,,Najiya,10.0,No Information,,"interested full stack course,may be visit hub,rishal frnd,may be join next foundation discuss parents.visited hub and admission take with parents monday may be varum",No
5817,5817,Untouched,,Unknown,0.0,No Information,,No Information,No
5818,5818,Call >24Hr,,Rincy,25.0,No Information,,No Information,No
5819,5819,Call <4Hr,,Sanju,38.0,No Information,,kooduthal samsarikan pateela travelling aan watsapp chythitund,No
5820,5820,Call <4Hr,2026-08-07,Rincy,24.0,No Information,2026-08-07,PLUS 2 COMUTER COMMERSE AAYIRUNNU MALAPPURAM AREECODE AAN VEED NOKATTE ENN///17n rnp///18n rnp///21n msged///23 n rnp //////25n rnp///28n rnp//29n rnp///3n rnp//7n msged//8n clg kitty adhond idhin vernilla,No
5821,5821,Call < 5 mins,,Rincy,20.0,No Information,,aruninte frnd///17n rnp///18n rnp///21n rnp///23n dgre drop cheyyan plan nd nokate ennitt vilikam enn,No
5822,5822,Call <1Hr,,Najiya,0.0,No Information,,"interested ,with frnd nived ,",No
5823,5823,Unknown,2026-06-07,Rincy,0.0,No Information,2026-05-07,dgree b com cheydh kond nikkan .....palakad veed...aruninte frnd nokatte enn///17n rnp///18n rnp///21n rnp//22n rnp//25n ndho paranju...arunin msg ayachittund ////6n rnp arun adh nadkoola enn paranjiknu,No
5824,5824,Call >24Hr,2026-10-07,Rincy,0.0,No Information,2026-10-07,i phone call ponilla//9n rnp incomming illa///10n rnp incomming call illa,No
5825,5825,Call <24Hr,,arathi,0.0,No Information,,No Information,No
5826,5826,Call <4Hr,2026-07-07,Rincy,7.0,No Information,2026-06-07,"NALE VILIKAN INN BC AANU//plus 2 commerse kayinju ,,oru sub potteekn vengara aan veed........///18n rnp////19n np cut  aaki poyi///next month exam nd adh kayinjit//7n call cut aaki poyi bridgeon enn keettappo",No
5827,5827,Call >72Hr,,Sumayya,142.0,No Information,,"allk 30  vayass ind all register cheythe orma illa , vtl plus two kayinja rand all ind , so oree inganee course noknind , allde brother austrilill work cheyan it feild ann work cheyanne so allk details onn aych kodkkan ind so ath kayinitt nalle parayam enn paranju , so whtspill detals aych kodthind // all brother nattill varnind so allod samsarichitt parayam enn ann pranjeth",No
5828,5828,Call <4Hr,2026-12-06,Bridgeon Admin,59.0,No Information,,"interested uiux ,but  foundation attend after choose course",No
5829,5829,Call >48Hr,,arathi,0.0,No Information,,No Information,No
5830,5830,Untouched,,Unknown,0.0,No Information,,No Information,No
5831,5831,Untouched,,Unknown,0.0,No Information,,No Information,No
5832,5832,Untouched,,Rincy,22.0,No Information,,MORNING 10N SHEESHAM VILIKAN//details whats app cheyyan paranju,No
5833,5833,Call >24Hr,,Sanju,44.0,No Information,,father took the call,No
5834,5834,Call <4Hr,,Najiya,0.0,No Information,,"interested,she is palakkad ,brototype foundation ,pap  waiting",No
5835,5835,Call <4Hr,,Najiya,0.0,No Information,,he is interested,No
5836,5836,Call <4Hr,,Najiya,36.0,No Information,,"she  is enquiry to data anaytics ,business anaytics and  digital marketing enquiry",No
5837,5837,Call <4Hr,2026-07-08,Najiya,13.0,No Information,2026-07-08,data anaytics enquiry,No
5838,5838,Call < 30 mins,2026-12-06,Najiya,57.0,No Information,,No Information,No
5839,5839,Call <24Hr,,arathi,163.0,No Information,,No Information,No
5840,5840,Call >72Hr,,arathi,0.0,No Information,,No Information,No
5841,5841,Call >48Hr,,arathi,151.0,No Information,,No Information,No
5842,5842,Call <24Hr,2026-12-06,arathi,0.0,No Information,,No Information,No
5843,5843,Call >24Hr,,Sanju,0.0,No Information,,No Information,Yes
5844,5844,Call <24Hr,,arathi,42.0,No Information,,No Information,No
5845,5845,Call < 5 mins,2026-11-06,Muhammed,5.0,No Information,,No Information,No
5846,5846,Call >72Hr,,nafi,79.0,No Information,,rnp wtsp messaged \\rnp,No
5847,5847,Unknown,,nafi,29.0,No Information,,rnp\\rnp\\rnp\\same,No
5848,5848,Call <24Hr,2026-03-07,Najiya,37.0,No Information,,"visited hub ,now busy  calling later,Already doing accounting course 8 month course ,balance 4 month ,now fund prblm",No
5849,5849,Call <24Hr,,Sanju,0.0,No Information,,ipo vilikam ennan paranje,No
5850,5850,Call <24Hr,2026-10-07,Sanju,32.0,No Information,2026-08-07,"working at bank pg completed aan data analyst aan nokune online aaytu
innu evng aan nvilikan paranje",No
5851,5851,Call <4Hr,,Sanju,35.0,No Information,,details shared aan married aanu oru baby ind +2 aan padichath,No
5852,5852,Call >72Hr,,nafi,95.0,No Information,,rnp,No
5853,5853,Call >24Hr,,Rincy,0.0,No Information,,kannur aan veed bca kayinju merstack self studyb cheyyunnund nokatte enn//frnd koode ..........nd avanoode set aakaam enn////19n np,No
5854,5854,Untouched,2026-12-06,Sanju,0.0,No Information,,rnp,No
5855,5855,Untouched,,Unknown,0.0,No Information,,No Information,No
5856,5856,Untouched,,Unknown,0.0,No Information,,No Information,No
5857,5857,Untouched,,Unknown,0.0,No Information,,No Information,No
5858,5858,Call >24Hr,,Sanju,67.0,No Information,,"aalu degree dropout chythu oru course nokaanu father business aanu 2 younger siblings aan details shared aanu intrrested aanumaybe hub visit or direct payment
hub visit",No
5859,5859,Untouched,,nafi,0.0,No Information,2026-03-08,"call edthitt cut cheythu ,wtsp message cheythind \\ wtsp details shre cheyyan pranju\\ call edkkall illa wtsp mathram ann connect cheynne\\wtsp no reply now and call was rnpf\\all the details was shared // wtsp connected// alle plus two result ann nalle so ath kayinjitt prayaam enn pranju// rnp// rnp wtsp no response//rnp",No
5860,5860,Call >24Hr,,Sanju,0.0,No Information,,"father illa sister and mother aan ullath course nokan vendiyanu details shared aanu baki followup
rnp 
fees issue
rnp
rnp",No
5861,5861,Call < 45 mins,2026-11-06,Rincy,431.0,No Information,,b tech kayinju cs alleeni .........,No
5862,5862,Call >24Hr,,Najiya,10.0,No Information,,"Working  lulu hypermarket kochi,interested",No
5863,5863,Call < 5 mins,2026-11-06,Bridgeon Admin,34.0,No Information,,No Information,No
5864,5864,Call >24Hr,2026-12-06,Sanju,0.0,No Information,,No Information,No
5865,5865,Untouched,,nafi,2.0,No Information,,"rnp \\rnp \\rnp\\ he not that much intrest in any course, anyway I just send the details to him // rnp//rnp wtsp no response// rnp",No
5866,5866,Call >48Hr,,Sanju,0.0,No Information,,rnp,No
5867,5867,Call >24Hr,2026-12-06,arathi,0.0,No Information,,No Information,No
5868,5868,Call <24Hr,2026-06-07,Ambili,1.0,No Information,,"plustwo humanities aan padichedh,  veed pattambi vtl brothernod paraynm, data analytics aan nokkunnedh, brthr vilikkum",No
5869,5869,Call < 5 mins,2026-06-07,Ambili,0.0,No Information,,"plustwo humanities failed, one yr gap aan veed kunnampuram,vtl hospital issues aaitt irikken",No
5870,5870,Call <4Hr,,Rincy,122.0,No Information,,bc////12n rnp///17n rnp///18n rnp///21n rnp,No
5871,5871,Untouched,,Unknown,0.0,No Information,,No Information,No
5872,5872,Untouched,,Unknown,0.0,No Information,,No Information,No
5873,5873,Untouched,,Unknown,0.0,No Information,,No Information,No
5874,5874,Untouched,,Unknown,0.0,No Information,,No Information,No
5875,5875,Untouched,,Unknown,0.0,No Information,,No Information,No
5876,5876,Call <4Hr,2026-12-06,Rincy,17.0,No Information,2026-12-06,rnp////12n call cut aaki poyi,No
5877,5877,Call < 5 mins,,Najiya,0.0,No Information,,"he is valluvambram,interested  data analyst, degree sociology  ,back pappers,inform later",No
5878,5878,Call < 5 mins,2026-11-06,Bridgeon Admin,200.0,No Information,,"plustwo computer science, parentan vilichedh aalk skill oriented program aan thalparyam, veed calicut, with dgree aan chodhichedh, korch tough aaittan samsarikkunnedh, maan vtlilla vannedhin shesham parayam",No
5879,5879,Call <4Hr,,Najiya,0.0,No Information,,"interested,kochi interested,with frnd,btech ec,visit kochi hub july month,saturday may be visit kochi hub",Yes
5880,5880,Call < 15 mins,2026-11-06,Bridgeon Admin,51.0,No Information,,"interested data anaytics course,she is near thamarassery ,bca with ai ,devops but nit learn",No
5881,5881,Call <8Hr,,Najiya,0.0,No Information,,"uae,wtsap only,diploma automobile,cyber security intersted",No
5882,5882,Call >24Hr,,arathi,37.0,No Information,,No Information,No
5883,5883,Unknown,,Rincy,14.0,No Information,,in drive watsapp connected//17n rnp/plus 2 kayinju dgree drop cheydhu..kasargod//nokate enn////21n rnp///23 n rnp///26n rnp28n not intrested,No
5884,5884,Call <24Hr,,Sanju,0.0,No Information,2026-10-07,details shared aanu father kallu cheth aanu mother house wife sister +2 bca complete aanu 4.5 laks aaytind edu loan aanu whatsapp connected aanu waiting for the replay,No
5885,5885,Call <24Hr,2026-11-06,Sanju,0.0,No Information,,No Information,No
5886,5886,Call <24Hr,2026-06-07,Sanju,41.0,No Information,2026-12-06,rnp,No
5887,5887,Call <24Hr,2026-11-06,Sanju,0.0,No Information,2026-12-06,rnp,No
5888,5888,Call >72Hr,,nafi,29.0,No Information,,"all ippo ore bank dsa ayitt work cheyann , kude pg distance ayittum cheynind , all ippo hospital ann illath so wtsp connect cheyam enn paranju \\ sister cheythath anno enn dout ind enn ann pranjeth so sisterood choyichitt prayam enn pranju//rnp",No
5889,5889,Call >48Hr,,Sanju,0.0,No Information,,No Information,No
5890,5890,Call >24Hr,,arathi,36.0,No Information,,No Information,No
5891,5891,Call >72Hr,,Najiya,0.0,No Information,,interested,No
5892,5892,Untouched,,Unknown,0.0,No Information,,dilwjith frnd,No
5893,5893,Call >24Hr,,Sanju,0.0,No Information,,details shared aanu valparai aanu veed bsc IT aan complete aakiyath vtil father mother aniyan aan father oru cotage il aanu mother oru watch shop il aan brthr ipo +2 intrested aanu baki followup aan,No
5894,5894,Call <24Hr,2026-11-06,Sanju,128.0,No Information,,No Information,No
5895,5895,Call < 30 mins,2026-07-08,Najiya,9.0,No Information,2026-07-08,"online course enquiry,",No
5896,5896,Call <24Hr,,Najiya,0.0,No Information,,"intrerested ,visited hub",No
5897,5897,Call >24Hr,,Sanju,498.0,No Information,,19 yrs online aan nokunne details shared aan madhapadanam aan 2 yrs ind chance koravaanu,No
5898,5898,Call >72Hr,,nafi,21.0,No Information,,rnp,No
5899,5899,Call <1Hr,,Najiya,21.0,No Information,,"Data anaytics course enquiry,visit saturday manjeri hub",No
5900,5900,Call >24Hr,2026-02-07,Sanju,0.0,No Information,,details sahred aanu 26 yrs old aanu 2 yrs wrk chyhindu insurance il ipo IT leku career shift aan nokunathu vtil choichit parayam ennanu paranje,Yes
5901,5901,Call <4Hr,2026-04-07,Sanju,106.0,No Information,,working in bank online aayt aan nokune pine contact chyam ennanu paranje,No
5902,5902,Call <4Hr,,Najiya,0.0,No Information,2026-02-07,interested,No
5903,5903,Call >24Hr,2026-12-06,Sanju,0.0,No Information,,rnp,No
5904,5904,Call <4Hr,2026-02-07,Najiya,0.0,No Information,2026-02-07,"kuttiyadi,inform later,not labtop,data science enquiry",No
5905,5905,Call < 45 mins,2026-04-07,Rincy,14.0,No Information,,rnp///11n msged//12n rnp,No
5906,5906,Call <24Hr,,Ambili,47.0,No Information,,"bsc cs coimbatore aan kazhinjedh, now crse nokkunnu plkd aan veed, avodha nokkunnu",No
5907,5907,Call < 5 mins,2026-10-06,Najiya,0.0,No Information,,No Information,No
5908,5908,Call < 45 mins,,Najiya,0.0,No Information,2026-08-09,"interested ,nilambur,bsc other",No
5909,5909,Call >72Hr,,Sumayya,0.0,No Information,,no incominfg..rnp on watsppp,No
5910,5910,Call <4Hr,,Rincy,2.0,No Information,,plus 2 commerse kuttyadi//bc aanu//12n  onnum mindunnilla////18n rnp///21n rnp,No
5911,5911,Call >72Hr,,nafi,29.0,No Information,,rnp\\ siter ann call edthee,No
5912,5912,Call >72Hr,,Sumayya,26.0,No Information,,No Information,No
5913,5913,Call >72Hr,,Sanju,0.0,No Information,,No Information,No
5914,5914,Call <4Hr,2026-10-06,Bridgeon Admin,45.0,No Information,,"digital marketing cmplt,enquiry it course",No
5915,5915,Call <8Hr,2026-06-08,Rincy,0.0,No Information,2026-06-08,"bc  aan//12n rnp/////15n rnp call ponilla///17n rnp
muttichira aan veed frndum ind ippo digital marketing course padikan aug okke avumbo vde join cheyyan aan plan/////18n rnp///21n rnp///23 n rnp//25n rnp///28n rnp//29n rnp/////1n rnp//10n call ponilla///18n rnp//,,/22n rnp//30n sir vilichu////2n rnp///6n rnp",No
5916,5916,Call >72Hr,,Sanju,0.0,No Information,,switch off,No
5917,5917,Call >72Hr,,nafi,69.0,No Information,,all btec nn join cheythu mes collegeill ann join cheytheee,No
5918,5918,Call >72Hr,,Sanju,0.0,No Information,,call back aan phone il charge illa porathan ullath,No
5919,5919,Call >72Hr,,Ambili,1.0,No Information,,"bca e varsham with data science complete cheydhu, veed callicut, data science aan nokkunnedh,  vtl discss cheyynm, 
rnp",No
5920,5920,Call >72Hr,,Sanju,0.0,No Information,,No Information,No
5921,5921,Call <8Hr,,Rincy,22.0,No Information,,oru sugallya pg economics nokeett paraym//12n rnp///17n ippo nokunnilla,No
5922,5922,Call <4Hr,2026-10-06,Bridgeon Admin,42.0,No Information,,details shared aanu father timber business aan contractor brother 10 th il aanu mother house wife aan puratheku povan ulla plan ind and also hr aayt kityathaanu poyila IT thane nokanam ennanu paranje (But i feels like an institute from her questions),No
5923,5923,Call <8Hr,2026-06-07,Ambili,38.0,No Information,,"brotol 3 weeks foundation attnd cheyyunnu, veed wayanad, foundation kazhinju ini result PAP indonn ariyan wait cheyyunnu, vtl discuss cheyynm",No
5924,5924,Call >72Hr,2026-05-07,Sanju,0.0,No Information,,rnp,No
5925,5925,Call <24Hr,2026-11-07,Rincy,0.0,No Information,2026-11-07,rnp//4n incoming illa ////6n rnp same//9n rnp///11n rnpsame,No
5926,5926,Call >72Hr,,Sanju,20.0,No Information,,No Information,No
5927,5927,Call <24Hr,2026-10-06,Sanju,0.0,No Information,2026-12-06,feels like institute course details arayan vendi chythathaanu wrking on infopark,No
5928,5928,Call >72Hr,,Rincy,0.0,No Information,,"drivinng/vilikaa/2023 illl//ba economics kayinju//competteive exmss attend aaki but no use soo starting courses for jobb////7n rnp10n rnp//13n rnp///18n rnp///19n rnp/,,/22n rnp",No
5929,5929,Call <24Hr,,Rincy,11.0,No Information,,rnp//call ponilla///11n rnp//9n bc aan korch kayinj thirich vilikam///10n call cut aaki poyi/15n  intrest illa,No
5930,5930,Call >72Hr,2026-06-08,Sumayya,0.0,No Information,,buzyyy//20/6/rnp//,No
5931,5931,Call <24Hr,2026-10-06,Sanju,299.0,No Information,,No Information,No
5932,5932,Call >72Hr,,Sumayya,52.0,No Information,,rnp/2/,No
5933,5933,Call <24Hr,,Rincy,0.0,No Information,,call ponilla///11n rnp call ponilla....age..29 family business kke nd nokatte fee over aan ////7n rnp///10n rnp/14n rnp///19n rnp,No
5934,5934,Untouched,,Unknown,0.0,No Information,,No Information,No
5935,5935,Call >72Hr,,Rincy,27.0,No Information,,rnp//9n rnp..10n parayam enn online fee choych/15n  rnp,No
5936,5936,Call >72Hr,,nafi,48.0,No Information,,rnp,No
5937,5937,Call >72Hr,2026-03-09,Rincy,0.0,No Information,2026-07-09,idh achan aanu bca banglore...final exam nadannond nikkan .....next month exam kayyum......ennitt hub visit cheyyam ennit nokattee cheyyam ///3n avante exam ee month last aanu adh kayinjitte avan verollu//////29n rnp///30n onnum keelknilla////2n rnp///8n rnp///13n rnp////25n rnp incomming illa//3N RNP,No
5938,5938,Call <24Hr,2026-10-06,Bridgeon Admin,47.0,No Information,,b tech kayinju....tgi....aan ///11n rnp//12n rnp///17n rnp///18n rnp////19n np//sumayya vilichu fee ok alla enn paranju,No
5939,5939,Untouched,,Rincy,23.0,No Information,,"rnp//bc  online aan nokkunnedh, bca e varsham complete cheydhehd aan, veed edppal data science aan nokkunnedh...........nale parayam ennn///13n rnp//14n nokunnilla",No
5940,5940,Call < 5 mins,2026-10-06,Najiya,19.0,No Information,2026-10-06,"interested lashin frnd,visit hub tommorrow",No
5941,5941,Call >72Hr,,Rincy,0.0,No Information,,rnp//9n rnp///10n rnp//13n rnp/15n  rnp,No
5942,5942,Call >72Hr,,Safa,0.0,No Information,,No Information,No
5943,5943,Call >72Hr,,Safa,45.0,No Information,,No Information,No
5944,5944,Call >72Hr,,Safa,48.0,No Information,,No Information,No
5945,5945,Call >72Hr,,Safa,32.0,No Information,,No Information,No
5946,5946,Call >72Hr,,Safa,0.0,No Information,,No Information,No
5947,5947,Call >72Hr,,Safa,0.0,No Information,,No Information,No
5948,5948,Call >72Hr,,Safa,0.0,No Information,,No Information,No
5949,5949,Call >72Hr,,Safa,109.0,No Information,,No Information,No
5950,5950,Call >72Hr,,Safa,0.0,No Information,,No Information,No
5951,5951,Call >72Hr,,Safa,0.0,No Information,,No Information,No
5952,5952,Call >72Hr,,Safa,0.0,No Information,,No Information,No
5953,5953,Call >72Hr,,Safa,81.0,No Information,,No Information,No
5954,5954,Call >72Hr,,Safa,27.0,No Information,,No Information,No
5955,5955,Call >72Hr,,Safa,0.0,No Information,,No Information,No
5956,5956,Call >72Hr,,Safa,0.0,No Information,,No Information,No
5957,5957,Call >72Hr,,Safa,34.0,No Information,,No Information,No
5958,5958,Call >72Hr,,Safa,0.0,No Information,,No Information,No
5959,5959,Call >72Hr,,Safa,0.0,No Information,,No Information,No
5960,5960,Call >72Hr,,Safa,27.0,No Information,,No Information,No
5961,5961,Call >72Hr,,Safa,0.0,No Information,,No Information,No
5962,5962,Call >72Hr,,Safa,43.0,No Information,,No Information,No
5963,5963,Call >72Hr,,Safa,36.0,No Information,,No Information,No
5964,5964,Call >72Hr,,Safa,61.0,No Information,,No Information,No
5965,5965,Call >72Hr,,Safa,0.0,No Information,,No Information,No
5966,5966,Call >72Hr,,Safa,35.0,No Information,,No Information,No
5967,5967,Call >72Hr,,Safa,4.0,No Information,,No Information,No
5968,5968,Call >72Hr,,Safa,34.0,No Information,,No Information,No
5969,5969,Call >72Hr,,Safa,0.0,No Information,,No Information,No
5970,5970,Call >72Hr,,Safa,0.0,No Information,,No Information,No
5971,5971,Call >72Hr,,Safa,27.0,No Information,,No Information,No
5972,5972,Call >72Hr,,Safa,33.0,No Information,,No Information,No
5973,5973,Call >72Hr,,Safa,0.0,No Information,,No Information,No
5974,5974,Call >72Hr,,Safa,53.0,No Information,,No Information,No
5975,5975,Call >72Hr,,Safa,0.0,No Information,,No Information,No
5976,5976,Call >72Hr,,Safa,0.0,No Information,,No Information,Yes
5977,5977,Call >72Hr,,Safa,30.0,No Information,,No Information,No
5978,5978,Call >72Hr,,Safa,37.0,No Information,,No Information,No
5979,5979,Call >72Hr,,Safa,0.0,No Information,,No Information,No
5980,5980,Call >72Hr,,Safa,0.0,No Information,,No Information,No
5981,5981,Call >72Hr,,Safa,53.0,No Information,,No Information,No
5982,5982,Call >72Hr,,Safa,0.0,No Information,,No Information,No
5983,5983,Call >72Hr,,Safa,57.0,No Information,,No Information,No
5984,5984,Call >72Hr,,Safa,44.0,No Information,,No Information,No
5985,5985,Call >72Hr,,Safa,0.0,No Information,,No Information,No
5986,5986,Call >72Hr,,Safa,13.0,No Information,,No Information,No
5987,5987,Call >72Hr,,Safa,0.0,No Information,,No Information,No
5988,5988,Call >72Hr,,Safa,35.0,No Information,,No Information,No
5989,5989,Call >72Hr,,Safa,36.0,No Information,,No Information,No
5990,5990,Call >72Hr,,Safa,29.0,No Information,,No Information,No
5991,5991,Call >72Hr,,Safa,89.0,No Information,,No Information,No
5992,5992,Untouched,,Unknown,0.0,No Information,,No Information,No
5993,5993,Untouched,,Unknown,0.0,No Information,,No Information,No
5994,5994,Call >72Hr,,Safa,55.0,No Information,,No Information,No
5995,5995,Call >72Hr,,Safa,31.0,No Information,,No Information,No
5996,5996,Call >72Hr,,Safa,65.0,No Information,,No Information,No
5997,5997,Call >72Hr,,Safa,32.0,No Information,,No Information,No
5998,5998,Call >72Hr,,Safa,0.0,No Information,,No Information,No
5999,5999,Call >72Hr,,Safa,49.0,No Information,,No Information,No
6000,6000,Call >72Hr,,Safa,68.0,No Information,,No Information,No
6001,6001,Call >72Hr,,Safa,0.0,No Information,,No Information,No
6002,6002,Call >72Hr,,Safa,28.0,No Information,,No Information,No
6003,6003,Call >72Hr,,Safa,89.0,No Information,,No Information,No
6004,6004,Call >72Hr,,Safa,137.0,No Information,,No Information,No
6005,6005,Call >72Hr,,Safa,0.0,No Information,,No Information,No
6006,6006,Call >72Hr,,Safa,127.0,No Information,,No Information,No
6007,6007,Call >72Hr,,Safa,21.0,No Information,,No Information,No
6008,6008,Call >72Hr,,Safa,0.0,No Information,,No Information,No
6009,6009,Call >72Hr,,Safa,0.0,No Information,,No Information,No
6010,6010,Call >72Hr,,Safa,0.0,No Information,,No Information,No
6011,6011,Call >72Hr,,Safa,28.0,No Information,,No Information,No
6012,6012,Call >72Hr,,Safa,0.0,No Information,,No Information,No
6013,6013,Call >72Hr,,Safa,0.0,No Information,,No Information,No
6014,6014,Call >72Hr,,Safa,0.0,No Information,,No Information,No
6015,6015,Call >72Hr,,Safa,28.0,No Information,,No Information,No
6016,6016,Call >72Hr,,Safa,70.0,No Information,,No Information,No
6017,6017,Call >72Hr,,Safa,0.0,No Information,,No Information,No
6018,6018,Untouched,,Unknown,0.0,No Information,,No Information,No
6019,6019,Untouched,,Unknown,0.0,No Information,,No Information,No
6020,6020,Untouched,,Unknown,0.0,No Information,,No Information,No
6021,6021,Untouched,,Unknown,0.0,No Information,,No Information,No
6022,6022,Untouched,,Unknown,0.0,No Information,,No Information,No
6023,6023,Untouched,,Unknown,0.0,No Information,,No Information,No
6024,6024,Untouched,,Unknown,0.0,No Information,,No Information,No
6025,6025,Untouched,,Unknown,0.0,No Information,,No Information,No
6026,6026,Untouched,,Unknown,0.0,No Information,,No Information,No
6027,6027,Untouched,,Unknown,0.0,No Information,,No Information,No
6028,6028,Untouched,,Unknown,0.0,No Information,,No Information,No
6029,6029,Untouched,,Unknown,0.0,No Information,,No Information,No
6030,6030,Untouched,,Unknown,0.0,No Information,,No Information,No
6031,6031,Untouched,,Unknown,0.0,No Information,,No Information,No
6032,6032,Untouched,,Unknown,0.0,No Information,,No Information,No
6033,6033,Untouched,,Unknown,0.0,No Information,,No Information,No
6034,6034,Untouched,,Unknown,0.0,No Information,,No Information,No
6035,6035,Untouched,,Unknown,0.0,No Information,,No Information,No
6036,6036,Untouched,,Unknown,0.0,No Information,,No Information,No
6037,6037,Untouched,,Unknown,0.0,No Information,,No Information,No
6038,6038,Call >72Hr,,Safa,0.0,No Information,,No Information,No
6039,6039,Call >72Hr,,Safa,0.0,No Information,,No Information,No
6040,6040,Call >72Hr,,Safa,0.0,No Information,,No Information,No
6041,6041,Untouched,,Unknown,0.0,No Information,,No Information,No
6042,6042,Call >72Hr,,Safa,0.0,No Information,,No Information,No
6043,6043,Call >72Hr,,Safa,38.0,No Information,,No Information,No
6044,6044,Call >72Hr,,Safa,2.0,No Information,,No Information,No
6045,6045,Call >72Hr,,Safa,0.0,No Information,,No Information,No
6046,6046,Call >72Hr,,Safa,50.0,No Information,,No Information,No
6047,6047,Call >72Hr,,Safa,0.0,No Information,,No Information,No
6048,6048,Call >72Hr,,Safa,0.0,No Information,,No Information,No
6049,6049,Call >72Hr,,Safa,68.0,No Information,,No Information,No
6050,6050,Call >72Hr,,Safa,23.0,No Information,,No Information,No
6051,6051,Call >72Hr,,Safa,0.0,No Information,,No Information,No
6052,6052,Call >72Hr,,Safa,0.0,No Information,,No Information,No
6053,6053,Call >72Hr,,Safa,182.0,No Information,,No Information,No
6054,6054,Call >72Hr,,Safa,25.0,No Information,,No Information,No
6055,6055,Call >72Hr,,Safa,2.0,No Information,,No Information,No
6056,6056,Call >72Hr,,Safa,0.0,No Information,,No Information,No
6057,6057,Call >72Hr,,Safa,83.0,No Information,,No Information,No
6058,6058,Call >72Hr,,Safa,40.0,No Information,,No Information,No
6059,6059,Call >72Hr,,Safa,21.0,No Information,,No Information,No
6060,6060,Call >72Hr,,Safa,0.0,No Information,,No Information,No
6061,6061,Untouched,,Unknown,0.0,No Information,,No Information,No
6062,6062,Untouched,,Unknown,0.0,No Information,,No Information,No
6063,6063,Untouched,,Unknown,0.0,No Information,,No Information,No
6064,6064,Untouched,,Unknown,0.0,No Information,,No Information,No
6065,6065,Untouched,,Unknown,0.0,No Information,,No Information,No
6066,6066,Untouched,,Unknown,0.0,No Information,,No Information,No
6067,6067,Untouched,,Unknown,0.0,No Information,,No Information,No
6068,6068,Untouched,,Unknown,0.0,No Information,,No Information,No
6069,6069,Untouched,,Unknown,0.0,No Information,,No Information,No
6070,6070,Untouched,,Unknown,0.0,No Information,,No Information,No
6071,6071,Untouched,,Unknown,0.0,No Information,,No Information,No
6072,6072,Untouched,,Unknown,0.0,No Information,,No Information,No
6073,6073,Untouched,,Unknown,0.0,No Information,,No Information,No
6074,6074,Untouched,,Unknown,0.0,No Information,,No Information,No
6075,6075,Untouched,,Unknown,0.0,No Information,,No Information,No
6076,6076,Untouched,,Unknown,0.0,No Information,,No Information,No
6077,6077,Call >72Hr,,Safa,145.0,No Information,,No Information,No
6078,6078,Call >72Hr,,Safa,96.0,No Information,,No Information,No
6079,6079,Call >72Hr,,Safa,0.0,No Information,,No Information,No
6080,6080,Call >72Hr,,Safa,67.0,No Information,,No Information,No
6081,6081,Call >72Hr,,Safa,26.0,No Information,,No Information,No
6082,6082,Call >72Hr,,Safa,43.0,No Information,,No Information,No
6083,6083,Call >72Hr,,Safa,0.0,No Information,,No Information,No
6084,6084,Call >72Hr,,Safa,0.0,No Information,,No Information,No
6085,6085,Call >72Hr,,Safa,0.0,No Information,,No Information,No
6086,6086,Call >72Hr,,Safa,0.0,No Information,,No Information,No
6087,6087,Call >72Hr,,Safa,16.0,No Information,,No Information,No
6088,6088,Call >72Hr,,Safa,0.0,No Information,,No Information,No
6089,6089,Call >72Hr,,Safa,46.0,No Information,,No Information,No
6090,6090,Call >72Hr,,Safa,64.0,No Information,,No Information,No
6091,6091,Call >72Hr,,Safa,0.0,No Information,,No Information,No
6092,6092,Call >72Hr,,Safa,0.0,No Information,,No Information,No
6093,6093,Call >72Hr,,Safa,51.0,No Information,,No Information,No
6094,6094,Call >72Hr,,Safa,0.0,No Information,,No Information,No
6095,6095,Call >72Hr,,Safa,29.0,No Information,,No Information,No
6096,6096,Call >72Hr,,Safa,4.0,No Information,,No Information,No
6097,6097,Call >72Hr,,Safa,112.0,No Information,,No Information,No
6098,6098,Call >72Hr,,Safa,42.0,No Information,,No Information,No
6099,6099,Call >72Hr,,Safa,57.0,No Information,,No Information,No
6100,6100,Call >72Hr,,Safa,0.0,No Information,,No Information,No
6101,6101,Untouched,,Unknown,0.0,No Information,,No Information,No
6102,6102,Untouched,,Unknown,0.0,No Information,,No Information,No
6103,6103,Untouched,,Unknown,0.0,No Information,,No Information,No
6104,6104,Untouched,,Unknown,0.0,No Information,,No Information,No
6105,6105,Call >72Hr,,Safa,0.0,No Information,,No Information,No
6106,6106,Call >72Hr,,Safa,115.0,No Information,,No Information,No
6107,6107,Call >72Hr,,Safa,21.0,No Information,,No Information,No
6108,6108,Call >72Hr,,Safa,0.0,No Information,,No Information,No
6109,6109,Call >72Hr,,Safa,0.0,No Information,,No Information,No
6110,6110,Call >72Hr,,Safa,0.0,No Information,,No Information,No
6111,6111,Call >72Hr,,Safa,54.0,No Information,,No Information,No
6112,6112,Call >72Hr,,Safa,48.0,No Information,,No Information,No
6113,6113,Call >72Hr,,Safa,159.0,No Information,,No Information,No
6114,6114,Call >72Hr,,Safa,44.0,No Information,,No Information,No
6115,6115,Call >72Hr,,Safa,0.0,No Information,,No Information,No
6116,6116,Call >72Hr,,Safa,0.0,No Information,,No Information,No
6117,6117,Call >72Hr,,Safa,27.0,No Information,,No Information,No
6118,6118,Call >72Hr,,Safa,0.0,No Information,,No Information,No
6119,6119,Call >72Hr,,Safa,0.0,No Information,,No Information,No
6120,6120,Call >72Hr,,Safa,0.0,No Information,,No Information,No
6121,6121,Call >72Hr,,Safa,194.0,No Information,,No Information,No
6122,6122,Call >72Hr,,Safa,12.0,No Information,,No Information,No
6123,6123,Call >72Hr,,Safa,41.0,No Information,,No Information,No
6124,6124,Untouched,,Unknown,0.0,No Information,,No Information,No
6125,6125,Call >72Hr,,Safa,3.0,No Information,,No Information,No
6126,6126,Call >72Hr,,Safa,23.0,No Information,,No Information,No
6127,6127,Call >72Hr,,Safa,0.0,No Information,,No Information,No
6128,6128,Call >72Hr,,Safa,0.0,No Information,,No Information,No
6129,6129,Call >72Hr,,Safa,36.0,No Information,,No Information,No
6130,6130,Untouched,,Unknown,0.0,No Information,,No Information,No
6131,6131,Untouched,,Unknown,0.0,No Information,,No Information,No
6132,6132,Untouched,,Unknown,0.0,No Information,,No Information,No
6133,6133,Untouched,,Unknown,0.0,No Information,,No Information,No
6134,6134,Untouched,,Unknown,0.0,No Information,,No Information,No
6135,6135,Untouched,,Unknown,0.0,No Information,,No Information,No
6136,6136,Untouched,,Unknown,0.0,No Information,,No Information,No
6137,6137,Untouched,,Unknown,0.0,No Information,,No Information,No
6138,6138,Untouched,,Unknown,0.0,No Information,,No Information,No
6139,6139,Untouched,,Unknown,0.0,No Information,,No Information,No
6140,6140,Untouched,,Unknown,0.0,No Information,,No Information,No
6141,6141,Untouched,,Unknown,0.0,No Information,,No Information,No
6142,6142,Untouched,,Unknown,0.0,No Information,,No Information,No
6143,6143,Untouched,,Unknown,0.0,No Information,,No Information,No
6144,6144,Untouched,,Unknown,0.0,No Information,,No Information,No
6145,6145,Untouched,,Unknown,0.0,No Information,,No Information,No
6146,6146,Untouched,,Unknown,0.0,No Information,,No Information,No
6147,6147,Untouched,,Unknown,0.0,No Information,,No Information,No
6148,6148,Untouched,,Unknown,0.0,No Information,,No Information,No
6149,6149,Untouched,,Unknown,0.0,No Information,,No Information,No
6150,6150,Untouched,,Unknown,0.0,No Information,,No Information,No
6151,6151,Untouched,,Unknown,0.0,No Information,,No Information,No
6152,6152,Untouched,,Unknown,0.0,No Information,,No Information,No
6153,6153,Untouched,,Unknown,0.0,No Information,,No Information,No
6154,6154,Untouched,,Unknown,0.0,No Information,,No Information,No
6155,6155,Untouched,,Unknown,0.0,No Information,,No Information,No
6156,6156,Untouched,,Unknown,0.0,No Information,,No Information,No
6157,6157,Untouched,,Unknown,0.0,No Information,,No Information,No
6158,6158,Untouched,,Unknown,0.0,No Information,,No Information,No
6159,6159,Untouched,,Unknown,0.0,No Information,,No Information,No
6160,6160,Untouched,,Unknown,0.0,No Information,,No Information,No
6161,6161,Untouched,,Unknown,0.0,No Information,,No Information,No
6162,6162,Untouched,,Unknown,0.0,No Information,,No Information,No
6163,6163,Untouched,,Unknown,0.0,No Information,,No Information,No
6164,6164,Untouched,,Unknown,0.0,No Information,,No Information,No
6165,6165,Untouched,,Unknown,0.0,No Information,,No Information,No
6166,6166,Untouched,,Unknown,0.0,No Information,,No Information,No
6167,6167,Untouched,,Unknown,0.0,No Information,,No Information,No
6168,6168,Untouched,,Unknown,0.0,No Information,,No Information,No
6169,6169,Untouched,,Unknown,0.0,No Information,,No Information,No
6170,6170,Untouched,,Unknown,0.0,No Information,,No Information,No
6171,6171,Untouched,,Unknown,0.0,No Information,,No Information,No
6172,6172,Untouched,,Unknown,0.0,No Information,,No Information,No
6173,6173,Untouched,,Unknown,0.0,No Information,,No Information,No
6174,6174,Untouched,,Unknown,0.0,No Information,,No Information,No
6175,6175,Untouched,,Unknown,0.0,No Information,,No Information,No
6176,6176,Untouched,,Unknown,0.0,No Information,,No Information,No
6177,6177,Untouched,,Unknown,0.0,No Information,,No Information,No
6178,6178,Untouched,,Unknown,0.0,No Information,,No Information,No
6179,6179,Untouched,,Unknown,0.0,No Information,,No Information,No
6180,6180,Untouched,,Unknown,0.0,No Information,,No Information,No
6181,6181,Untouched,,Unknown,0.0,No Information,,No Information,No
6182,6182,Untouched,,Unknown,0.0,No Information,,No Information,No
6183,6183,Untouched,,Unknown,0.0,No Information,,No Information,No
6184,6184,Untouched,,Unknown,0.0,No Information,,No Information,No
6185,6185,Untouched,,Unknown,0.0,No Information,,No Information,No
6186,6186,Untouched,,Unknown,0.0,No Information,,No Information,No
6187,6187,Untouched,,Unknown,0.0,No Information,,No Information,No
6188,6188,Untouched,,Unknown,0.0,No Information,,No Information,No
6189,6189,Untouched,,Unknown,0.0,No Information,,No Information,No
6190,6190,Untouched,,Unknown,0.0,No Information,,No Information,No
6191,6191,Untouched,,Unknown,0.0,No Information,,No Information,No
6192,6192,Untouched,,Unknown,0.0,No Information,,No Information,No
6193,6193,Untouched,,Unknown,0.0,No Information,,No Information,No
6194,6194,Untouched,,Unknown,0.0,No Information,,No Information,No
6195,6195,Untouched,,Unknown,0.0,No Information,,No Information,No
6196,6196,Untouched,,Unknown,0.0,No Information,,No Information,No
6197,6197,Untouched,,Unknown,0.0,No Information,,No Information,No
6198,6198,Untouched,,Unknown,0.0,No Information,,No Information,No
6199,6199,Untouched,,Unknown,0.0,No Information,,No Information,No
6200,6200,Untouched,,Unknown,0.0,No Information,,No Information,No
6201,6201,Untouched,,Unknown,0.0,No Information,,No Information,No
6202,6202,Untouched,,Unknown,0.0,No Information,,No Information,No
6203,6203,Untouched,,Unknown,0.0,No Information,,No Information,No
6204,6204,Untouched,,Unknown,0.0,No Information,,No Information,No
6205,6205,Untouched,,Unknown,0.0,No Information,,No Information,No
6206,6206,Untouched,,Unknown,0.0,No Information,,No Information,No
6207,6207,Untouched,,Unknown,0.0,No Information,,No Information,No
6208,6208,Untouched,,Unknown,0.0,No Information,,No Information,No
6209,6209,Untouched,,Unknown,0.0,No Information,,No Information,No
6210,6210,Untouched,,Unknown,0.0,No Information,,No Information,No
6211,6211,Untouched,,Unknown,0.0,No Information,,No Information,No
6212,6212,Untouched,,Unknown,0.0,No Information,,No Information,No
6213,6213,Untouched,,Unknown,0.0,No Information,,No Information,No
6214,6214,Untouched,,Unknown,0.0,No Information,,No Information,No
6215,6215,Untouched,,Unknown,0.0,No Information,,No Information,No
6216,6216,Untouched,,Unknown,0.0,No Information,,No Information,No
6217,6217,Untouched,,Unknown,0.0,No Information,,No Information,No
6218,6218,Untouched,,Unknown,0.0,No Information,,No Information,No
6219,6219,Untouched,,Unknown,0.0,No Information,,No Information,No
6220,6220,Untouched,,Unknown,0.0,No Information,,No Information,No
6221,6221,Untouched,,Unknown,0.0,No Information,,No Information,No
6222,6222,Untouched,,Unknown,0.0,No Information,,No Information,No
6223,6223,Untouched,,Unknown,0.0,No Information,,No Information,No
6224,6224,Untouched,,Unknown,0.0,No Information,,No Information,No
6225,6225,Untouched,,Unknown,0.0,No Information,,No Information,No
6226,6226,Untouched,,Unknown,0.0,No Information,,No Information,No
6227,6227,Untouched,,Unknown,0.0,No Information,,No Information,No
6228,6228,Untouched,,Unknown,0.0,No Information,,No Information,No
6229,6229,Untouched,,Unknown,0.0,No Information,,No Information,No
6230,6230,Untouched,,Unknown,0.0,No Information,,No Information,No
6231,6231,Untouched,,Unknown,0.0,No Information,,No Information,No
6232,6232,Untouched,,Unknown,0.0,No Information,,No Information,No
6233,6233,Untouched,,Unknown,0.0,No Information,,No Information,No
6234,6234,Untouched,,Unknown,0.0,No Information,,No Information,No
6235,6235,Untouched,,Unknown,0.0,No Information,,No Information,No
6236,6236,Untouched,,Unknown,0.0,No Information,,No Information,No
6237,6237,Untouched,,Unknown,0.0,No Information,,No Information,No
6238,6238,Untouched,,Unknown,0.0,No Information,,No Information,No
6239,6239,Untouched,,Unknown,0.0,No Information,,No Information,No
6240,6240,Untouched,,Unknown,0.0,No Information,,No Information,No
6241,6241,Untouched,,Unknown,0.0,No Information,,No Information,No
6242,6242,Untouched,,Unknown,0.0,No Information,,No Information,No
6243,6243,Untouched,,Unknown,0.0,No Information,,No Information,No
6244,6244,Untouched,,Unknown,0.0,No Information,,No Information,No
6245,6245,Untouched,,Unknown,0.0,No Information,,No Information,No
6246,6246,Untouched,,Unknown,0.0,No Information,,No Information,No
6247,6247,Untouched,,Unknown,0.0,No Information,,No Information,No
6248,6248,Untouched,,Unknown,0.0,No Information,,No Information,No
6249,6249,Untouched,,Unknown,0.0,No Information,,No Information,No
6250,6250,Untouched,,Unknown,0.0,No Information,,No Information,No
6251,6251,Untouched,,Unknown,0.0,No Information,,No Information,No
6252,6252,Untouched,,Unknown,0.0,No Information,,No Information,No
6253,6253,Untouched,,Unknown,0.0,No Information,,No Information,No
6254,6254,Untouched,,Unknown,0.0,No Information,,No Information,No
6255,6255,Untouched,,Unknown,0.0,No Information,,No Information,No
6256,6256,Untouched,,Unknown,0.0,No Information,,No Information,No
6257,6257,Untouched,,Unknown,0.0,No Information,,No Information,No
6258,6258,Untouched,,Unknown,0.0,No Information,,No Information,No
6259,6259,Untouched,,Unknown,0.0,No Information,,No Information,No
6260,6260,Untouched,,Unknown,0.0,No Information,,No Information,No
6261,6261,Untouched,,Unknown,0.0,No Information,,No Information,No
6262,6262,Untouched,,Unknown,0.0,No Information,,No Information,No
6263,6263,Untouched,,Unknown,0.0,No Information,,No Information,No
6264,6264,Untouched,,Unknown,0.0,No Information,,No Information,No
6265,6265,Untouched,,Unknown,0.0,No Information,,No Information,No
6266,6266,Untouched,,Unknown,0.0,No Information,,No Information,No
6267,6267,Untouched,,Unknown,0.0,No Information,,No Information,No
6268,6268,Untouched,,Unknown,0.0,No Information,,No Information,No
6269,6269,Untouched,,Unknown,0.0,No Information,,No Information,No
6270,6270,Untouched,,Unknown,0.0,No Information,,No Information,No
6271,6271,Untouched,,Unknown,0.0,No Information,,No Information,No
6272,6272,Untouched,,Unknown,0.0,No Information,,No Information,No
6273,6273,Untouched,,Unknown,0.0,No Information,,No Information,No
6274,6274,Untouched,,Unknown,0.0,No Information,,No Information,No
6275,6275,Call >72Hr,,Safa,0.0,No Information,,No Information,No
6276,6276,Untouched,,Unknown,0.0,No Information,,No Information,No
6277,6277,Untouched,,Unknown,0.0,No Information,,No Information,No
6278,6278,Untouched,,Unknown,0.0,No Information,,No Information,No
6279,6279,Call >72Hr,,Safa,27.0,No Information,,No Information,No
6280,6280,Call >72Hr,,Safa,127.0,No Information,,No Information,No
6281,6281,Call >72Hr,,Safa,24.0,No Information,,No Information,No
6282,6282,Call >72Hr,,Safa,0.0,No Information,,No Information,No
6283,6283,Call >72Hr,,Safa,50.0,No Information,,No Information,No
6284,6284,Call >72Hr,,Safa,0.0,No Information,,No Information,No
6285,6285,Call >72Hr,,Safa,30.0,No Information,,No Information,No
6286,6286,Call >72Hr,,Safa,20.0,No Information,,No Information,No
6287,6287,Call >72Hr,,Safa,35.0,No Information,,No Information,No
6288,6288,Call >72Hr,,Safa,0.0,No Information,,No Information,No
6289,6289,Call >72Hr,,Safa,45.0,No Information,,No Information,No
6290,6290,Call >72Hr,,Safa,235.0,No Information,,No Information,No
6291,6291,Call >72Hr,,Safa,4.0,No Information,,No Information,No
6292,6292,Call >72Hr,,Safa,0.0,No Information,,No Information,No
6293,6293,Call >72Hr,,Safa,25.0,No Information,,No Information,No
6294,6294,Call >72Hr,,Safa,0.0,No Information,,No Information,No
6295,6295,Call >72Hr,,Safa,93.0,No Information,,No Information,No
6296,6296,Call >72Hr,,Safa,45.0,No Information,,No Information,No
6297,6297,Call >72Hr,,Safa,35.0,No Information,,No Information,No
6298,6298,Call >72Hr,,Safa,171.0,No Information,,No Information,No
6299,6299,Call >72Hr,,Safa,25.0,No Information,,No Information,No
6300,6300,Call >72Hr,,Safa,0.0,No Information,,No Information,No
6301,6301,Call >72Hr,,Safa,23.0,No Information,,No Information,No
6302,6302,Call >72Hr,,Safa,88.0,No Information,,No Information,No
6303,6303,Call >72Hr,,Safa,20.0,No Information,,No Information,No
6304,6304,Call >72Hr,,Safa,18.0,No Information,,No Information,No
6305,6305,Call >72Hr,,Safa,0.0,No Information,,No Information,No
6306,6306,Call >72Hr,,Safa,48.0,No Information,,No Information,No
6307,6307,Call >72Hr,,Safa,0.0,No Information,,No Information,No
6308,6308,Untouched,,Unknown,0.0,No Information,,No Information,No
6309,6309,Call >72Hr,,Safa,98.0,No Information,,No Information,No
6310,6310,Call >72Hr,,Safa,25.0,No Information,,No Information,No
6311,6311,Call >72Hr,,Safa,9.0,No Information,,No Information,No
6312,6312,Untouched,,Unknown,0.0,No Information,,No Information,No
6313,6313,Untouched,,Unknown,0.0,No Information,,No Information,No
6314,6314,Untouched,,Unknown,0.0,No Information,,No Information,No
6315,6315,Untouched,,Unknown,0.0,No Information,,No Information,No
6316,6316,Untouched,,Unknown,0.0,No Information,,No Information,No
6317,6317,Untouched,,Unknown,0.0,No Information,,No Information,No
6318,6318,Untouched,,Unknown,0.0,No Information,,No Information,No
6319,6319,Untouched,,Unknown,0.0,No Information,,No Information,No
6320,6320,Untouched,,Unknown,0.0,No Information,,No Information,No
6321,6321,Untouched,,Unknown,0.0,No Information,,No Information,No
6322,6322,Untouched,,Unknown,0.0,No Information,,No Information,No
6323,6323,Untouched,,Unknown,0.0,No Information,,No Information,No
6324,6324,Untouched,,Unknown,0.0,No Information,,No Information,No
6325,6325,Untouched,,Unknown,0.0,No Information,,No Information,No
6326,6326,Untouched,,Unknown,0.0,No Information,,No Information,No
6327,6327,Untouched,,Unknown,0.0,No Information,,No Information,No
6328,6328,Untouched,,Unknown,0.0,No Information,,No Information,No
6329,6329,Untouched,,Unknown,0.0,No Information,,No Information,No
6330,6330,Untouched,,Unknown,0.0,No Information,,No Information,No
6331,6331,Untouched,,Unknown,0.0,No Information,,No Information,No
6332,6332,Untouched,,Unknown,0.0,No Information,,No Information,No
6333,6333,Untouched,,Unknown,0.0,No Information,,No Information,No
6334,6334,Untouched,,Unknown,0.0,No Information,,No Information,No
6335,6335,Untouched,,Unknown,0.0,No Information,,No Information,No
6336,6336,Untouched,,Unknown,0.0,No Information,,No Information,No
6337,6337,Untouched,,Unknown,0.0,No Information,,No Information,No
6338,6338,Untouched,,Unknown,0.0,No Information,,No Information,No
6339,6339,Untouched,,Unknown,0.0,No Information,,No Information,No
6340,6340,Call >72Hr,,arathi,39.0,No Information,,No Information,No
6341,6341,Untouched,,Unknown,0.0,No Information,,No Information,No
6342,6342,Untouched,,Unknown,0.0,No Information,,No Information,No
6343,6343,Untouched,,Unknown,0.0,No Information,,No Information,No
6344,6344,Untouched,,Unknown,0.0,No Information,,No Information,No
6345,6345,Untouched,,Unknown,0.0,No Information,,No Information,No
6346,6346,Untouched,,Unknown,0.0,No Information,,No Information,No
6347,6347,Untouched,,Unknown,0.0,No Information,,No Information,No
6348,6348,Call >72Hr,,arathi,74.0,No Information,,No Information,No
6349,6349,Call >72Hr,,arathi,36.0,No Information,,No Information,No
6350,6350,Call >72Hr,,arathi,32.0,No Information,,No Information,No
6351,6351,Untouched,,Unknown,0.0,No Information,,No Information,No
6352,6352,Untouched,,Unknown,0.0,No Information,,No Information,No
6353,6353,Untouched,,Unknown,0.0,No Information,,No Information,No
6354,6354,Untouched,,Unknown,0.0,No Information,,No Information,No
6355,6355,Untouched,,Unknown,0.0,No Information,,No Information,No
6356,6356,Untouched,,Unknown,0.0,No Information,,No Information,No
6357,6357,Untouched,,Unknown,0.0,No Information,,No Information,No
6358,6358,Untouched,,Unknown,0.0,No Information,,No Information,No
6359,6359,Untouched,,Unknown,0.0,No Information,,No Information,No
6360,6360,Untouched,,Unknown,0.0,No Information,,No Information,No
6361,6361,Untouched,,Unknown,0.0,No Information,,No Information,No
6362,6362,Untouched,,Unknown,0.0,No Information,,No Information,No
6363,6363,Untouched,,Unknown,0.0,No Information,,No Information,No
6364,6364,Untouched,,Unknown,0.0,No Information,,No Information,No
6365,6365,Untouched,,Unknown,0.0,No Information,,No Information,No
6366,6366,Untouched,,Unknown,0.0,No Information,,No Information,No
6367,6367,Untouched,,Unknown,0.0,No Information,,No Information,No
6368,6368,Untouched,,Unknown,0.0,No Information,,No Information,No
6369,6369,Untouched,,Unknown,0.0,No Information,,No Information,No
6370,6370,Untouched,,Unknown,0.0,No Information,,No Information,No
6371,6371,Untouched,,Unknown,0.0,No Information,,No Information,No
6372,6372,Untouched,,Unknown,0.0,No Information,,No Information,No
6373,6373,Untouched,,Unknown,0.0,No Information,,No Information,No
6374,6374,Untouched,,Unknown,0.0,No Information,,No Information,No
6375,6375,Call >72Hr,,arathi,0.0,No Information,,No Information,No
6376,6376,Call >72Hr,,arathi,143.0,No Information,,No Information,No
6377,6377,Call >72Hr,,arathi,0.0,No Information,,No Information,No
6378,6378,Untouched,,Unknown,0.0,No Information,,No Information,No
6379,6379,Untouched,,Unknown,0.0,No Information,,No Information,No
6380,6380,Call >72Hr,,arathi,49.0,No Information,,No Information,No
6381,6381,Call >72Hr,,arathi,0.0,No Information,,No Information,No
6382,6382,Call >72Hr,,arathi,39.0,No Information,,No Information,No
6383,6383,Call >72Hr,,arathi,36.0,No Information,,No Information,No
6384,6384,Call >72Hr,,arathi,93.0,No Information,,No Information,No
6385,6385,Call >72Hr,,arathi,0.0,No Information,,No Information,No
6386,6386,Call >72Hr,,arathi,42.0,No Information,,No Information,No
6387,6387,Call >72Hr,,arathi,66.0,No Information,,No Information,No
6388,6388,Call >72Hr,,arathi,50.0,No Information,,No Information,No
6389,6389,Call >72Hr,,arathi,56.0,No Information,,No Information,No
6390,6390,Call >72Hr,,arathi,41.0,No Information,,No Information,No
6391,6391,Call >72Hr,,arathi,160.0,No Information,,No Information,No
6392,6392,Call >72Hr,,arathi,0.0,No Information,,No Information,No
6393,6393,Call >72Hr,,arathi,0.0,No Information,,No Information,No
6394,6394,Call >72Hr,,arathi,54.0,No Information,,No Information,No
6395,6395,Call >72Hr,,arathi,18.0,No Information,,No Information,No
6396,6396,Call >72Hr,,arathi,0.0,No Information,,No Information,No
6397,6397,Call >72Hr,,arathi,66.0,No Information,,No Information,No
6398,6398,Call >72Hr,,arathi,49.0,No Information,,No Information,No
6399,6399,Call >72Hr,,arathi,42.0,No Information,,No Information,No
6400,6400,Untouched,,Unknown,0.0,No Information,,No Information,No
6401,6401,Untouched,,Unknown,0.0,No Information,,No Information,No
6402,6402,Untouched,,Unknown,0.0,No Information,,No Information,No
6403,6403,Call >72Hr,,arathi,0.0,No Information,,No Information,No
6404,6404,Call >72Hr,,arathi,0.0,No Information,,No Information,No
6405,6405,Untouched,,Unknown,0.0,No Information,,No Information,No
6406,6406,Untouched,,Unknown,0.0,No Information,,No Information,No
6407,6407,Untouched,,Unknown,0.0,No Information,,No Information,No
6408,6408,Untouched,,Unknown,0.0,No Information,,No Information,No
6409,6409,Untouched,,Unknown,0.0,No Information,,No Information,No
6410,6410,Untouched,,Unknown,0.0,No Information,,No Information,No
6411,6411,Untouched,,Unknown,0.0,No Information,,No Information,No
6412,6412,Untouched,,Unknown,0.0,No Information,,No Information,No
6413,6413,Untouched,,Unknown,0.0,No Information,,No Information,No
6414,6414,Untouched,,Unknown,0.0,No Information,,No Information,No
6415,6415,Untouched,,Unknown,0.0,No Information,,No Information,No
6416,6416,Untouched,,Unknown,0.0,No Information,,No Information,No
6417,6417,Untouched,,Unknown,0.0,No Information,,No Information,No
6418,6418,Untouched,,Unknown,0.0,No Information,,No Information,No
6419,6419,Untouched,,Unknown,0.0,No Information,,No Information,No
6420,6420,Untouched,,Unknown,0.0,No Information,,No Information,No
6421,6421,Untouched,,Unknown,0.0,No Information,,No Information,No
6422,6422,Untouched,,Unknown,0.0,No Information,,No Information,No
6423,6423,Untouched,,Unknown,0.0,No Information,,No Information,No
6424,6424,Untouched,,Unknown,0.0,No Information,,No Information,No
6425,6425,Untouched,,Unknown,0.0,No Information,,No Information,No
6426,6426,Untouched,,Unknown,0.0,No Information,,No Information,No
6427,6427,Untouched,,Unknown,0.0,No Information,,No Information,No
6428,6428,Untouched,,Unknown,0.0,No Information,,No Information,No
6429,6429,Untouched,,Unknown,0.0,No Information,,No Information,No
6430,6430,Untouched,,Unknown,0.0,No Information,,No Information,No
6431,6431,Untouched,,Unknown,0.0,No Information,,No Information,No
6432,6432,Untouched,,Unknown,0.0,No Information,,No Information,No
6433,6433,Untouched,,Unknown,0.0,No Information,,No Information,No
6434,6434,Untouched,,Unknown,0.0,No Information,,No Information,No
6435,6435,Untouched,,Unknown,0.0,No Information,,No Information,No
6436,6436,Untouched,,Unknown,0.0,No Information,,No Information,No
6437,6437,Untouched,,Unknown,0.0,No Information,,No Information,No
6438,6438,Untouched,,Unknown,0.0,No Information,,No Information,No
6439,6439,Untouched,,Unknown,0.0,No Information,,No Information,No
6440,6440,Untouched,,Unknown,0.0,No Information,,No Information,No
6441,6441,Untouched,,Unknown,0.0,No Information,,No Information,No
6442,6442,Untouched,,Unknown,0.0,No Information,,No Information,No
6443,6443,Untouched,,Unknown,0.0,No Information,,No Information,No
6444,6444,Untouched,,Unknown,0.0,No Information,,No Information,No
6445,6445,Untouched,,Unknown,0.0,No Information,,No Information,No
6446,6446,Untouched,,Unknown,0.0,No Information,,No Information,No
6447,6447,Untouched,,Unknown,0.0,No Information,,No Information,No
6448,6448,Untouched,,Unknown,0.0,No Information,,No Information,No
6449,6449,Untouched,,Unknown,0.0,No Information,,No Information,No
6450,6450,Untouched,,Unknown,0.0,No Information,,No Information,No
6451,6451,Untouched,,Unknown,0.0,No Information,,No Information,No
6452,6452,Untouched,,Unknown,0.0,No Information,,No Information,No
6453,6453,Untouched,,Unknown,0.0,No Information,,No Information,No
6454,6454,Untouched,,Unknown,0.0,No Information,,No Information,No
6455,6455,Untouched,,Unknown,0.0,No Information,,No Information,No
6456,6456,Untouched,,Unknown,0.0,No Information,,No Information,No
6457,6457,Untouched,,Unknown,0.0,No Information,,No Information,No
6458,6458,Untouched,,Unknown,0.0,No Information,,No Information,No
6459,6459,Untouched,,Unknown,0.0,No Information,,No Information,No
6460,6460,Untouched,,Unknown,0.0,No Information,,No Information,No
6461,6461,Untouched,,Unknown,0.0,No Information,,No Information,No
6462,6462,Untouched,,Unknown,0.0,No Information,,No Information,No
6463,6463,Untouched,,Unknown,0.0,No Information,,No Information,No
6464,6464,Untouched,,Unknown,0.0,No Information,,No Information,No
6465,6465,Untouched,,Unknown,0.0,No Information,,No Information,No
6466,6466,Untouched,,Unknown,0.0,No Information,,No Information,No
6467,6467,Untouched,,Unknown,0.0,No Information,,No Information,No
6468,6468,Untouched,,Unknown,0.0,No Information,,No Information,No
6469,6469,Untouched,,Unknown,0.0,No Information,,No Information,No
6470,6470,Untouched,,Unknown,0.0,No Information,,No Information,No
6471,6471,Untouched,,Unknown,0.0,No Information,,No Information,No
6472,6472,Untouched,,Unknown,0.0,No Information,,No Information,No
6473,6473,Untouched,,Unknown,0.0,No Information,,No Information,No
6474,6474,Untouched,,Unknown,0.0,No Information,,No Information,No
6475,6475,Untouched,,Unknown,0.0,No Information,,No Information,No
6476,6476,Untouched,,Unknown,0.0,No Information,,No Information,No
6477,6477,Untouched,,Unknown,0.0,No Information,,No Information,No
6478,6478,Untouched,,Unknown,0.0,No Information,,No Information,No
6479,6479,Call >72Hr,2026-06-07,Bridgeon Admin,75.0,No Information,,No Information,No
6480,6480,Untouched,,Unknown,0.0,No Information,,No Information,No
6481,6481,Untouched,,Unknown,0.0,No Information,,No Information,No
6482,6482,Untouched,,Unknown,0.0,No Information,,No Information,No
6483,6483,Untouched,,Unknown,0.0,No Information,,No Information,No
6484,6484,Untouched,,Unknown,0.0,No Information,,No Information,No
6485,6485,Untouched,,Unknown,0.0,No Information,,No Information,No
6486,6486,Untouched,,Unknown,0.0,No Information,,No Information,No
6487,6487,Untouched,,Unknown,0.0,No Information,,No Information,No
6488,6488,Untouched,,Unknown,0.0,No Information,,No Information,No
6489,6489,Untouched,,Unknown,0.0,No Information,,No Information,No
6490,6490,Untouched,,Unknown,0.0,No Information,,No Information,No
6491,6491,Untouched,,Unknown,0.0,No Information,,No Information,No
6492,6492,Untouched,,Unknown,0.0,No Information,,No Information,No
6493,6493,Untouched,,Unknown,0.0,No Information,,No Information,No
6494,6494,Untouched,,Unknown,0.0,No Information,,No Information,No
6495,6495,Untouched,,Unknown,0.0,No Information,,No Information,No
6496,6496,Untouched,,Unknown,0.0,No Information,,No Information,No
6497,6497,Untouched,,Unknown,0.0,No Information,,No Information,No
6498,6498,Untouched,,Unknown,0.0,No Information,,No Information,No
6499,6499,Untouched,,Unknown,0.0,No Information,,No Information,No
6500,6500,Untouched,,Unknown,0.0,No Information,,No Information,No
6501,6501,Untouched,,Unknown,0.0,No Information,,No Information,No
6502,6502,Untouched,,Unknown,0.0,No Information,,No Information,No
6503,6503,Untouched,,Unknown,0.0,No Information,,No Information,No
6504,6504,Untouched,,Unknown,0.0,No Information,,No Information,No
6505,6505,Untouched,,Unknown,0.0,No Information,,No Information,No
6506,6506,Untouched,,Unknown,0.0,No Information,,No Information,No
6507,6507,Untouched,,Unknown,0.0,No Information,,No Information,No
6508,6508,Untouched,,Unknown,0.0,No Information,,No Information,No
6509,6509,Untouched,,Unknown,0.0,No Information,,No Information,No
6510,6510,Untouched,,Unknown,0.0,No Information,,No Information,No
6511,6511,Untouched,,Unknown,0.0,No Information,,No Information,No
6512,6512,Untouched,,Unknown,0.0,No Information,,No Information,No
6513,6513,Untouched,,Unknown,0.0,No Information,,No Information,No
6514,6514,Untouched,,Unknown,0.0,No Information,,No Information,No
6515,6515,Untouched,,Unknown,0.0,No Information,,No Information,No
6516,6516,Untouched,,Unknown,0.0,No Information,,No Information,No
6517,6517,Untouched,,Unknown,0.0,No Information,,No Information,No
6518,6518,Untouched,,Unknown,0.0,No Information,,No Information,No
6519,6519,Untouched,,Unknown,0.0,No Information,,No Information,No
6520,6520,Untouched,,Unknown,0.0,No Information,,No Information,No
6521,6521,Untouched,,Unknown,0.0,No Information,,No Information,No
6522,6522,Untouched,,Unknown,0.0,No Information,,No Information,No
6523,6523,Untouched,,Unknown,0.0,No Information,,No Information,No
6524,6524,Untouched,,Unknown,0.0,No Information,,No Information,No
6525,6525,Untouched,,Unknown,0.0,No Information,,No Information,No
6526,6526,Untouched,,Unknown,0.0,No Information,,No Information,No
6527,6527,Untouched,,Unknown,0.0,No Information,,No Information,No
6528,6528,Untouched,,Unknown,0.0,No Information,,No Information,No
6529,6529,Untouched,,Unknown,0.0,No Information,,No Information,No
6530,6530,Untouched,,Unknown,0.0,No Information,,No Information,No
6531,6531,Untouched,,Unknown,0.0,No Information,,No Information,No
6532,6532,Untouched,,Unknown,0.0,No Information,,No Information,No
6533,6533,Untouched,,Unknown,0.0,No Information,,No Information,No
6534,6534,Untouched,,Unknown,0.0,No Information,,No Information,No
6535,6535,Untouched,,Unknown,0.0,No Information,,No Information,No
6536,6536,Untouched,,Unknown,0.0,No Information,,No Information,No
6537,6537,Untouched,,Unknown,0.0,No Information,,No Information,No
6538,6538,Untouched,,Unknown,0.0,No Information,,No Information,No
6539,6539,Untouched,,Unknown,0.0,No Information,,No Information,No
6540,6540,Untouched,,Unknown,0.0,No Information,,No Information,No
6541,6541,Untouched,,Unknown,0.0,No Information,,No Information,No
6542,6542,Untouched,,Unknown,0.0,No Information,,No Information,No
6543,6543,Untouched,,Unknown,0.0,No Information,,No Information,No
6544,6544,Untouched,,Unknown,0.0,No Information,,No Information,No
6545,6545,Call >72Hr,,arathi,14.0,No Information,,No Information,No
6546,6546,Call >72Hr,,arathi,0.0,No Information,,No Information,No
6547,6547,Untouched,,Unknown,0.0,No Information,,No Information,No
6548,6548,Untouched,,Unknown,0.0,No Information,,No Information,No
6549,6549,Untouched,,Unknown,0.0,No Information,,No Information,No
6550,6550,Untouched,,Unknown,0.0,No Information,,No Information,No
6551,6551,Call >72Hr,,arathi,0.0,No Information,,No Information,No
6552,6552,Call >72Hr,,arathi,109.0,No Information,,No Information,No
6553,6553,Call >72Hr,,arathi,0.0,No Information,,No Information,No
6554,6554,Call >72Hr,,arathi,0.0,No Information,,No Information,No
6555,6555,Call >72Hr,,arathi,34.0,No Information,,No Information,No
6556,6556,Call >72Hr,,arathi,44.0,No Information,,No Information,No
6557,6557,Call >72Hr,,arathi,34.0,No Information,,No Information,No
6558,6558,Untouched,,Unknown,0.0,No Information,,No Information,No
6559,6559,Call >72Hr,,arathi,143.0,No Information,,No Information,No
6560,6560,Call >72Hr,,arathi,48.0,No Information,,No Information,No
6561,6561,Call >72Hr,,arathi,16.0,No Information,,No Information,No
6562,6562,Call >72Hr,,arathi,28.0,No Information,,No Information,No
6563,6563,Call >72Hr,,arathi,102.0,No Information,,No Information,No
6564,6564,Call >72Hr,,arathi,55.0,No Information,,No Information,No
6565,6565,Call >72Hr,,arathi,59.0,No Information,,No Information,No
6566,6566,Call >72Hr,,arathi,0.0,No Information,,No Information,No
6567,6567,Call >72Hr,,arathi,45.0,No Information,,No Information,No
6568,6568,Call >72Hr,,arathi,31.0,No Information,,No Information,No
6569,6569,Call >72Hr,,arathi,30.0,No Information,,No Information,No
6570,6570,Untouched,,Unknown,0.0,No Information,,No Information,No
6571,6571,Untouched,,Unknown,0.0,No Information,,No Information,No
6572,6572,Call >72Hr,,arathi,22.0,No Information,,No Information,No
6573,6573,Call >72Hr,,arathi,180.0,No Information,,No Information,No
6574,6574,Call >72Hr,,arathi,0.0,No Information,,No Information,No
6575,6575,Untouched,,Unknown,0.0,No Information,,No Information,No
6576,6576,Untouched,,Unknown,0.0,No Information,,No Information,No
6577,6577,Untouched,,Unknown,0.0,No Information,,No Information,No
6578,6578,Untouched,,Unknown,0.0,No Information,,No Information,No
6579,6579,Untouched,,Unknown,0.0,No Information,,No Information,No
6580,6580,Untouched,,Unknown,0.0,No Information,,No Information,No
6581,6581,Untouched,,Unknown,0.0,No Information,,No Information,No
6582,6582,Untouched,,Unknown,0.0,No Information,,No Information,No
6583,6583,Untouched,,Unknown,0.0,No Information,,No Information,No
6584,6584,Untouched,,Unknown,0.0,No Information,,No Information,No
6585,6585,Untouched,,Unknown,0.0,No Information,,No Information,No
6586,6586,Untouched,,Unknown,0.0,No Information,,No Information,No
6587,6587,Untouched,,Unknown,0.0,No Information,,No Information,No
6588,6588,Untouched,,Unknown,0.0,No Information,,No Information,No
6589,6589,Untouched,,Unknown,0.0,No Information,,No Information,No
6590,6590,Call >72Hr,,arathi,81.0,No Information,,No Information,No
6591,6591,Call >72Hr,,arathi,40.0,No Information,,No Information,No
6592,6592,Call >72Hr,,arathi,0.0,No Information,,No Information,No
6593,6593,Untouched,,Unknown,0.0,No Information,,No Information,No
6594,6594,Call >72Hr,,arathi,35.0,No Information,,No Information,No
6595,6595,Call >72Hr,,arathi,45.0,No Information,,No Information,No
6596,6596,Call >72Hr,,arathi,65.0,No Information,,No Information,No
6597,6597,Call >72Hr,,arathi,66.0,No Information,,No Information,No
6598,6598,Call >72Hr,,arathi,37.0,No Information,,No Information,No
6599,6599,Call >72Hr,,arathi,60.0,No Information,,No Information,No
6600,6600,Call >72Hr,,arathi,100.0,No Information,,No Information,No
6601,6601,Untouched,,Unknown,0.0,No Information,,No Information,No
6602,6602,Call >72Hr,,arathi,72.0,No Information,,No Information,No
6603,6603,Call >72Hr,,arathi,0.0,No Information,,No Information,No
6604,6604,Untouched,,Unknown,0.0,No Information,,No Information,No
6605,6605,Untouched,,Unknown,0.0,No Information,,No Information,No
6606,6606,Untouched,,Unknown,0.0,No Information,,No Information,No
6607,6607,Untouched,,Unknown,0.0,No Information,,No Information,No
6608,6608,Untouched,,Unknown,0.0,No Information,,No Information,No
6609,6609,Untouched,,Unknown,0.0,No Information,,No Information,No
6610,6610,Untouched,,Unknown,0.0,No Information,,No Information,No
6611,6611,Untouched,,Unknown,0.0,No Information,,No Information,No
6612,6612,Untouched,,Unknown,0.0,No Information,,No Information,No
6613,6613,Untouched,,Unknown,0.0,No Information,,No Information,No
6614,6614,Untouched,,Unknown,0.0,No Information,,No Information,No
6615,6615,Untouched,,Unknown,0.0,No Information,,No Information,No
6616,6616,Untouched,,Unknown,0.0,No Information,,No Information,No
6617,6617,Untouched,,Unknown,0.0,No Information,,No Information,No
6618,6618,Untouched,,Unknown,0.0,No Information,,No Information,No
6619,6619,Untouched,,Unknown,0.0,No Information,,No Information,No
6620,6620,Untouched,,Unknown,0.0,No Information,,No Information,No
6621,6621,Untouched,,Unknown,0.0,No Information,,No Information,No
6622,6622,Untouched,,Unknown,0.0,No Information,,No Information,No
6623,6623,Untouched,,Unknown,0.0,No Information,,No Information,No
6624,6624,Untouched,,Unknown,0.0,No Information,,No Information,No
6625,6625,Untouched,,Unknown,0.0,No Information,,No Information,No
6626,6626,Untouched,,Unknown,0.0,No Information,,No Information,No
6627,6627,Untouched,,Unknown,0.0,No Information,,No Information,No
6628,6628,Untouched,,Unknown,0.0,No Information,,No Information,No
6629,6629,Untouched,,Unknown,0.0,No Information,,No Information,No
6630,6630,Untouched,,Unknown,0.0,No Information,,No Information,No
6631,6631,Untouched,,Unknown,0.0,No Information,,No Information,No
6632,6632,Untouched,,Unknown,0.0,No Information,,No Information,No
6633,6633,Untouched,,Unknown,0.0,No Information,,No Information,No
6634,6634,Untouched,,Unknown,0.0,No Information,,No Information,No
6635,6635,Untouched,,Unknown,0.0,No Information,,No Information,No
6636,6636,Untouched,,Unknown,0.0,No Information,,No Information,No
6637,6637,Untouched,,Unknown,0.0,No Information,,No Information,No
6638,6638,Untouched,,Unknown,0.0,No Information,,No Information,No
6639,6639,Untouched,,Unknown,0.0,No Information,,No Information,No
6640,6640,Untouched,,Unknown,0.0,No Information,,No Information,No
6641,6641,Untouched,,Unknown,0.0,No Information,,No Information,No
6642,6642,Untouched,,Unknown,0.0,No Information,,No Information,No
6643,6643,Untouched,,Unknown,0.0,No Information,,No Information,No
6644,6644,Untouched,,Unknown,0.0,No Information,,No Information,No
6645,6645,Untouched,,Unknown,0.0,No Information,,No Information,No
6646,6646,Untouched,,Unknown,0.0,No Information,,No Information,No
6647,6647,Untouched,,Unknown,0.0,No Information,,No Information,No
6648,6648,Untouched,,Unknown,0.0,No Information,,No Information,No
6649,6649,Untouched,,Unknown,0.0,No Information,,No Information,No
6650,6650,Untouched,,Unknown,0.0,No Information,,No Information,No
6651,6651,Untouched,,Unknown,0.0,No Information,,No Information,No
6652,6652,Untouched,,Unknown,0.0,No Information,,No Information,No
6653,6653,Untouched,,Unknown,0.0,No Information,,No Information,No
6654,6654,Untouched,,Unknown,0.0,No Information,,No Information,No
6655,6655,Untouched,,Unknown,0.0,No Information,,No Information,No
6656,6656,Untouched,,Unknown,0.0,No Information,,No Information,No
6657,6657,Untouched,,Unknown,0.0,No Information,,No Information,No
6658,6658,Untouched,,Unknown,0.0,No Information,,No Information,No
6659,6659,Untouched,,Unknown,0.0,No Information,,No Information,No
6660,6660,Untouched,,Unknown,0.0,No Information,,No Information,No
6661,6661,Untouched,,Unknown,0.0,No Information,,No Information,No
6662,6662,Untouched,,Unknown,0.0,No Information,,No Information,No
6663,6663,Untouched,,Unknown,0.0,No Information,,No Information,No
6664,6664,Untouched,,Unknown,0.0,No Information,,No Information,No
6665,6665,Untouched,,Unknown,0.0,No Information,,No Information,No
6666,6666,Untouched,,Unknown,0.0,No Information,,No Information,No
6667,6667,Untouched,,Unknown,0.0,No Information,,No Information,No
6668,6668,Untouched,,Unknown,0.0,No Information,,No Information,No
6669,6669,Untouched,,Unknown,0.0,No Information,,No Information,No
6670,6670,Untouched,,Unknown,0.0,No Information,,No Information,No
6671,6671,Untouched,,Unknown,0.0,No Information,,No Information,No
6672,6672,Untouched,,Unknown,0.0,No Information,,No Information,No
6673,6673,Untouched,,Unknown,0.0,No Information,,No Information,No
6674,6674,Untouched,,Unknown,0.0,No Information,,No Information,No
6675,6675,Untouched,,Unknown,0.0,No Information,,No Information,No
6676,6676,Untouched,,Unknown,0.0,No Information,,No Information,No
6677,6677,Call >72Hr,,Najiya,11.0,No Information,,jaishal frnd,No
6678,6678,Untouched,,Unknown,0.0,No Information,,No Information,No
6679,6679,Call >72Hr,,Safa,23.0,No Information,,No Information,No
6680,6680,Untouched,,Unknown,0.0,No Information,,No Information,No
6681,6681,Untouched,,Unknown,0.0,No Information,,No Information,No
6682,6682,Untouched,,Unknown,0.0,No Information,,No Information,No
6683,6683,Untouched,,Unknown,0.0,No Information,,No Information,No
6684,6684,Untouched,,Unknown,0.0,No Information,,No Information,No
6685,6685,Untouched,,Unknown,0.0,No Information,,No Information,No
6686,6686,Untouched,,Unknown,0.0,No Information,,No Information,No
6687,6687,Untouched,,Unknown,0.0,No Information,,No Information,No
6688,6688,Call >72Hr,,Safa,0.0,No Information,,No Information,No
6689,6689,Call >72Hr,,Safa,100.0,No Information,,No Information,No
6690,6690,Call >72Hr,,Safa,36.0,No Information,,No Information,No
6691,6691,Untouched,,Unknown,0.0,No Information,,No Information,No
6692,6692,Untouched,,Unknown,0.0,No Information,,No Information,No
6693,6693,Call >72Hr,,Safa,129.0,No Information,,No Information,No
6694,6694,Call >72Hr,,Safa,0.0,No Information,,No Information,No
6695,6695,Call >72Hr,,Safa,0.0,No Information,,No Information,No
6696,6696,Call >72Hr,,Safa,0.0,No Information,,No Information,No
6697,6697,Call >72Hr,,Safa,16.0,No Information,,No Information,No
6698,6698,Call >72Hr,,Safa,129.0,No Information,,No Information,No
6699,6699,Call >72Hr,,Safa,29.0,No Information,,No Information,No
6700,6700,Call >72Hr,,Safa,1.0,No Information,,No Information,No
6701,6701,Call >72Hr,,Safa,8.0,No Information,,No Information,No
6702,6702,Call >72Hr,,Safa,130.0,No Information,,No Information,No
6703,6703,Call >72Hr,,Safa,36.0,No Information,,No Information,No
6704,6704,Call >72Hr,,Safa,49.0,No Information,,No Information,No
6705,6705,Call >72Hr,,Safa,0.0,No Information,,No Information,No
6706,6706,Call >72Hr,,Safa,34.0,No Information,,No Information,No
6707,6707,Call >72Hr,,Safa,0.0,No Information,,No Information,Yes
6708,6708,Call >72Hr,,Safa,0.0,No Information,,No Information,No
6709,6709,Call >72Hr,,Safa,49.0,No Information,,No Information,No
6710,6710,Call >72Hr,,Safa,0.0,No Information,,No Information,No
6711,6711,Call >72Hr,,Safa,53.0,No Information,,No Information,No
6712,6712,Call >72Hr,,Safa,0.0,No Information,,No Information,No
6713,6713,Untouched,,Unknown,0.0,No Information,,No Information,No
6714,6714,Untouched,,Unknown,0.0,No Information,,No Information,No
6715,6715,Untouched,,Unknown,0.0,No Information,,No Information,No
6716,6716,Untouched,,Unknown,0.0,No Information,,No Information,No
6717,6717,Call >72Hr,,Safa,685.0,No Information,,No Information,No
6718,6718,Untouched,,Unknown,0.0,No Information,,No Information,No
6719,6719,Untouched,,Unknown,0.0,No Information,,No Information,No
6720,6720,Untouched,,Unknown,0.0,No Information,,No Information,No
6721,6721,Untouched,,Unknown,0.0,No Information,,No Information,No
6722,6722,Untouched,,Unknown,0.0,No Information,,No Information,No
6723,6723,Untouched,,Unknown,0.0,No Information,,No Information,No
6724,6724,Untouched,,Unknown,0.0,No Information,,No Information,No
6725,6725,Untouched,,Unknown,0.0,No Information,,No Information,No
6726,6726,Untouched,,Unknown,0.0,No Information,,No Information,No
6727,6727,Untouched,,Unknown,0.0,No Information,,No Information,No
6728,6728,Untouched,,Unknown,0.0,No Information,,No Information,No
6729,6729,Untouched,,Unknown,0.0,No Information,,No Information,No
6730,6730,Untouched,,Unknown,0.0,No Information,,No Information,No
6731,6731,Untouched,,Unknown,0.0,No Information,,No Information,No
6732,6732,Untouched,,Unknown,0.0,No Information,,No Information,No
6733,6733,Untouched,,Unknown,0.0,No Information,,No Information,No
6734,6734,Untouched,,Unknown,0.0,No Information,,No Information,No
6735,6735,Untouched,,Unknown,0.0,No Information,,No Information,No
6736,6736,Untouched,,Unknown,0.0,No Information,,No Information,No
6737,6737,Untouched,,Unknown,0.0,No Information,,No Information,No
6738,6738,Untouched,,Unknown,0.0,No Information,,No Information,No
6739,6739,Untouched,,Unknown,0.0,No Information,,No Information,No
6740,6740,Untouched,,Unknown,0.0,No Information,,No Information,No
6741,6741,Untouched,,Unknown,0.0,No Information,,No Information,No
6742,6742,Untouched,,Unknown,0.0,No Information,,No Information,No
6743,6743,Untouched,,Unknown,0.0,No Information,,No Information,No
6744,6744,Untouched,,Unknown,0.0,No Information,,No Information,No
6745,6745,Untouched,,Unknown,0.0,No Information,,No Information,No
6746,6746,Untouched,,Unknown,0.0,No Information,,No Information,No
6747,6747,Untouched,,Unknown,0.0,No Information,,No Information,No
6748,6748,Untouched,,Unknown,0.0,No Information,,No Information,No
6749,6749,Untouched,,Unknown,0.0,No Information,,No Information,No
6750,6750,Untouched,,Unknown,0.0,No Information,,No Information,No
6751,6751,Untouched,,Unknown,0.0,No Information,,No Information,No
6752,6752,Untouched,,Unknown,0.0,No Information,,No Information,No
6753,6753,Untouched,,Unknown,0.0,No Information,,No Information,No
6754,6754,Untouched,,Unknown,0.0,No Information,,No Information,No
6755,6755,Untouched,,Unknown,0.0,No Information,,No Information,No
6756,6756,Untouched,,Unknown,0.0,No Information,,No Information,No
6757,6757,Untouched,,Unknown,0.0,No Information,,No Information,No
6758,6758,Untouched,,Unknown,0.0,No Information,,No Information,No
6759,6759,Untouched,,Unknown,0.0,No Information,,No Information,No
6760,6760,Untouched,,Unknown,0.0,No Information,,No Information,No
6761,6761,Untouched,,Unknown,0.0,No Information,,No Information,No
6762,6762,Untouched,,Unknown,0.0,No Information,,No Information,No
6763,6763,Untouched,,Unknown,0.0,No Information,,No Information,No
6764,6764,Untouched,,Unknown,0.0,No Information,,No Information,No
6765,6765,Untouched,,Unknown,0.0,No Information,,No Information,No
6766,6766,Untouched,,Unknown,0.0,No Information,,No Information,No
6767,6767,Untouched,,Unknown,0.0,No Information,,No Information,No
6768,6768,Untouched,,Unknown,0.0,No Information,,No Information,No
6769,6769,Untouched,,Unknown,0.0,No Information,,No Information,No
6770,6770,Untouched,,Unknown,0.0,No Information,,No Information,No
6771,6771,Untouched,,Unknown,0.0,No Information,,No Information,No
6772,6772,Untouched,,Unknown,0.0,No Information,,No Information,No
6773,6773,Untouched,,Unknown,0.0,No Information,,No Information,No
6774,6774,Untouched,,Unknown,0.0,No Information,,No Information,No
6775,6775,Untouched,,Unknown,0.0,No Information,,No Information,No
6776,6776,Untouched,,Unknown,0.0,No Information,,No Information,No
6777,6777,Untouched,,Unknown,0.0,No Information,,No Information,No
6778,6778,Untouched,,Unknown,0.0,No Information,,No Information,No
6779,6779,Untouched,,Unknown,0.0,No Information,,No Information,No
6780,6780,Untouched,,Unknown,0.0,No Information,,No Information,No
6781,6781,Untouched,,Unknown,0.0,No Information,,No Information,No
6782,6782,Untouched,,Unknown,0.0,No Information,,No Information,No
6783,6783,Untouched,,Unknown,0.0,No Information,,No Information,No
6784,6784,Untouched,,Unknown,0.0,No Information,,No Information,No
6785,6785,Untouched,,Unknown,0.0,No Information,,No Information,No
6786,6786,Untouched,,Unknown,0.0,No Information,,No Information,No
6787,6787,Untouched,,Unknown,0.0,No Information,,No Information,No
6788,6788,Untouched,,Unknown,0.0,No Information,,No Information,No
6789,6789,Untouched,,Unknown,0.0,No Information,,No Information,No
6790,6790,Untouched,,Unknown,0.0,No Information,,No Information,No
6791,6791,Untouched,,Unknown,0.0,No Information,,No Information,No
6792,6792,Untouched,,Unknown,0.0,No Information,,No Information,No
6793,6793,Untouched,,Unknown,0.0,No Information,,No Information,No
6794,6794,Untouched,,Unknown,0.0,No Information,,No Information,No
6795,6795,Untouched,,Unknown,0.0,No Information,,No Information,No
6796,6796,Untouched,,Unknown,0.0,No Information,,No Information,No
6797,6797,Untouched,,Unknown,0.0,No Information,,No Information,No
6798,6798,Untouched,,Unknown,0.0,No Information,,No Information,No
6799,6799,Untouched,,Unknown,0.0,No Information,,No Information,No
6800,6800,Untouched,,Unknown,0.0,No Information,,No Information,No
6801,6801,Untouched,,Unknown,0.0,No Information,,No Information,No
6802,6802,Untouched,,Unknown,0.0,No Information,,No Information,No
6803,6803,Untouched,,Unknown,0.0,No Information,,No Information,No
6804,6804,Untouched,,Unknown,0.0,No Information,,No Information,No
6805,6805,Untouched,,Unknown,0.0,No Information,,No Information,No
6806,6806,Call >72Hr,,Safa,0.0,No Information,,No Information,No
6807,6807,Untouched,,Unknown,0.0,No Information,,No Information,No
6808,6808,Untouched,,Unknown,0.0,No Information,,No Information,No
6809,6809,Untouched,,Unknown,0.0,No Information,,No Information,No
6810,6810,Untouched,,Unknown,0.0,No Information,,No Information,No
6811,6811,Call >72Hr,,Safa,0.0,No Information,,No Information,No
6812,6812,Call >72Hr,,Safa,42.0,No Information,,No Information,No
6813,6813,Call >72Hr,,Safa,72.0,No Information,,No Information,No
6814,6814,Call >72Hr,,Safa,21.0,No Information,,No Information,No
6815,6815,Call >72Hr,,Safa,0.0,No Information,,No Information,No
6816,6816,Call >72Hr,,Safa,0.0,No Information,,No Information,No
6817,6817,Call >72Hr,,Safa,0.0,No Information,,No Information,No
6818,6818,Call >72Hr,,Safa,0.0,No Information,,No Information,No
6819,6819,Call >72Hr,,Safa,21.0,No Information,,No Information,No
6820,6820,Call >72Hr,,Safa,0.0,No Information,,No Information,No
6821,6821,Call >72Hr,,Safa,24.0,No Information,,No Information,No
6822,6822,Call >72Hr,,Safa,82.0,No Information,,No Information,No
6823,6823,Call >72Hr,,Safa,37.0,No Information,,No Information,No
6824,6824,Call >72Hr,,Safa,0.0,No Information,,No Information,No
6825,6825,Call >72Hr,,Safa,0.0,No Information,,No Information,No
6826,6826,Call >72Hr,,Safa,49.0,No Information,,No Information,No
6827,6827,Call >72Hr,,Safa,40.0,No Information,,No Information,No
6828,6828,Call >72Hr,,Safa,0.0,No Information,,No Information,No
6829,6829,Call >72Hr,,Safa,43.0,No Information,,No Information,No
6830,6830,Call >72Hr,,Safa,23.0,No Information,,No Information,No
6831,6831,Untouched,,Unknown,0.0,No Information,,No Information,No
6832,6832,Untouched,,Unknown,0.0,No Information,,No Information,No
6833,6833,Call >72Hr,,Safa,83.0,No Information,,No Information,No
6834,6834,Call >72Hr,,Safa,0.0,No Information,,No Information,No
6835,6835,Call >72Hr,,Safa,50.0,No Information,,No Information,No
6836,6836,Untouched,,Unknown,0.0,No Information,,No Information,No
6837,6837,Untouched,,Unknown,0.0,No Information,,No Information,No
6838,6838,Untouched,,Unknown,0.0,No Information,,No Information,No
6839,6839,Untouched,,Unknown,0.0,No Information,,No Information,No
6840,6840,Untouched,,Unknown,0.0,No Information,,No Information,No
6841,6841,Untouched,,Unknown,0.0,No Information,,No Information,No
6842,6842,Untouched,,Unknown,0.0,No Information,,No Information,No
6843,6843,Untouched,,Unknown,0.0,No Information,,No Information,No
6844,6844,Untouched,,Unknown,0.0,No Information,,No Information,No
6845,6845,Untouched,,Unknown,0.0,No Information,,No Information,No
6846,6846,Untouched,,Unknown,0.0,No Information,,No Information,No
6847,6847,Untouched,,Unknown,0.0,No Information,,No Information,No
6848,6848,Untouched,,Unknown,0.0,No Information,,No Information,No
6849,6849,Untouched,,Unknown,0.0,No Information,,No Information,No
6850,6850,Untouched,,Unknown,0.0,No Information,,No Information,No
6851,6851,Untouched,,Unknown,0.0,No Information,,No Information,No
6852,6852,Untouched,,Unknown,0.0,No Information,,No Information,No
6853,6853,Untouched,,Unknown,0.0,No Information,,No Information,No
6854,6854,Untouched,,Unknown,0.0,No Information,,No Information,No
6855,6855,Untouched,,Unknown,0.0,No Information,,No Information,No
6856,6856,Call >72Hr,,Safa,0.0,No Information,,No Information,No
6857,6857,Call >72Hr,,Safa,0.0,No Information,,No Information,No
6858,6858,Call >72Hr,,Safa,0.0,No Information,,No Information,No
6859,6859,Call >72Hr,,Safa,33.0,No Information,,No Information,No
6860,6860,Call >72Hr,,Safa,0.0,No Information,,No Information,No
6861,6861,Call >72Hr,,Safa,0.0,No Information,,No Information,No
6862,6862,Call >72Hr,,Safa,0.0,No Information,,No Information,No
6863,6863,Call >72Hr,,Safa,73.0,No Information,,No Information,No
6864,6864,Call >72Hr,,Safa,41.0,No Information,,No Information,No
6865,6865,Call >72Hr,,Safa,0.0,No Information,,No Information,No
6866,6866,Call >72Hr,,Safa,124.0,No Information,,No Information,No
6867,6867,Call >72Hr,,Safa,16.0,No Information,,No Information,No
6868,6868,Call >72Hr,,Safa,49.0,No Information,,No Information,No
6869,6869,Call >72Hr,,Safa,0.0,No Information,,No Information,No
6870,6870,Call >72Hr,,Safa,0.0,No Information,,No Information,No
6871,6871,Call >72Hr,,Safa,0.0,No Information,,No Information,No
6872,6872,Call >72Hr,,Safa,0.0,No Information,,No Information,No
6873,6873,Call >72Hr,,Safa,66.0,No Information,,No Information,No
6874,6874,Untouched,,Unknown,0.0,No Information,,No Information,No
6875,6875,Call >72Hr,,Safa,2.0,No Information,,No Information,No
6876,6876,Call >72Hr,,Safa,0.0,No Information,,No Information,No
6877,6877,Call >72Hr,,Safa,0.0,No Information,,No Information,No
6878,6878,Call >72Hr,,Safa,171.0,No Information,,No Information,No
6879,6879,Untouched,,Unknown,0.0,No Information,,No Information,No
6880,6880,Untouched,,Unknown,0.0,No Information,,No Information,No
6881,6881,Untouched,,Unknown,0.0,No Information,,No Information,No
6882,6882,Untouched,,Unknown,0.0,No Information,,No Information,No
6883,6883,Untouched,,Unknown,0.0,No Information,,No Information,No
6884,6884,Untouched,,Unknown,0.0,No Information,,No Information,No
6885,6885,Untouched,,Unknown,0.0,No Information,,No Information,No
6886,6886,Untouched,,Unknown,0.0,No Information,,No Information,No
6887,6887,Untouched,,Unknown,0.0,No Information,,No Information,No
6888,6888,Untouched,,Unknown,0.0,No Information,,No Information,No
6889,6889,Untouched,,Unknown,0.0,No Information,,No Information,No
6890,6890,Untouched,,Unknown,0.0,No Information,,No Information,No
6891,6891,Untouched,,Unknown,0.0,No Information,,No Information,No
6892,6892,Untouched,,Unknown,0.0,No Information,,No Information,No
6893,6893,Untouched,,Unknown,0.0,No Information,,No Information,No
6894,6894,Untouched,,Unknown,0.0,No Information,,No Information,No
6895,6895,Untouched,,Unknown,0.0,No Information,,No Information,No
6896,6896,Untouched,,Unknown,0.0,No Information,,No Information,No
6897,6897,Untouched,,Unknown,0.0,No Information,,No Information,No
6898,6898,Untouched,,Unknown,0.0,No Information,,No Information,No
6899,6899,Untouched,,Unknown,0.0,No Information,,No Information,No
6900,6900,Untouched,,Unknown,0.0,No Information,,No Information,No
6901,6901,Untouched,,Unknown,0.0,No Information,,No Information,No
6902,6902,Untouched,,Unknown,0.0,No Information,,No Information,No
6903,6903,Untouched,,Unknown,0.0,No Information,,No Information,No
6904,6904,Untouched,,Unknown,0.0,No Information,,No Information,No
6905,6905,Untouched,,Unknown,0.0,No Information,,No Information,No
6906,6906,Untouched,,Unknown,0.0,No Information,,No Information,No
6907,6907,Untouched,,Unknown,0.0,No Information,,No Information,No
6908,6908,Untouched,,Unknown,0.0,No Information,,No Information,No
6909,6909,Untouched,,Unknown,0.0,No Information,,No Information,No
6910,6910,Untouched,,Unknown,0.0,No Information,,No Information,No
6911,6911,Untouched,,Unknown,0.0,No Information,,No Information,No
6912,6912,Untouched,,Unknown,0.0,No Information,,No Information,No
6913,6913,Untouched,,Unknown,0.0,No Information,,No Information,No
6914,6914,Call >72Hr,,arathi,25.0,No Information,,No Information,No
6915,6915,Call >72Hr,,arathi,0.0,No Information,,No Information,No
6916,6916,Untouched,,Unknown,0.0,No Information,,No Information,No
6917,6917,Untouched,,Unknown,0.0,No Information,,No Information,No
6918,6918,Untouched,,Unknown,0.0,No Information,,No Information,No
6919,6919,Untouched,,Unknown,0.0,No Information,,No Information,No
6920,6920,Untouched,,Unknown,0.0,No Information,,No Information,No
6921,6921,Untouched,,Unknown,0.0,No Information,,No Information,No
6922,6922,Untouched,,Unknown,0.0,No Information,,No Information,No
6923,6923,Untouched,,Unknown,0.0,No Information,,No Information,No
6924,6924,Untouched,,Unknown,0.0,No Information,,No Information,No
6925,6925,Untouched,,Unknown,0.0,No Information,,No Information,No
6926,6926,Untouched,,Unknown,0.0,No Information,,No Information,No
6927,6927,Untouched,,Unknown,0.0,No Information,,No Information,No
6928,6928,Call >72Hr,,Safa,24.0,No Information,,No Information,No
6929,6929,Call >72Hr,,Safa,73.0,No Information,,No Information,No
6930,6930,Call >72Hr,,Safa,22.0,No Information,,No Information,No
6931,6931,Call >72Hr,,Safa,0.0,No Information,,No Information,Yes
6932,6932,Call >72Hr,,Safa,32.0,No Information,,No Information,No
6933,6933,Untouched,,Unknown,0.0,No Information,,No Information,No
6934,6934,Untouched,,Unknown,0.0,No Information,,No Information,No
6935,6935,Untouched,,Unknown,0.0,No Information,,No Information,No
6936,6936,Untouched,,Unknown,0.0,No Information,,No Information,No
6937,6937,Call >72Hr,,Safa,36.0,No Information,,No Information,No
6938,6938,Untouched,,Unknown,0.0,No Information,,No Information,No
6939,6939,Untouched,,Unknown,0.0,No Information,,No Information,No
6940,6940,Untouched,,Unknown,0.0,No Information,,No Information,No
6941,6941,Untouched,,Unknown,0.0,No Information,,No Information,No
6942,6942,Untouched,,Unknown,0.0,No Information,,No Information,No
6943,6943,Untouched,,Unknown,0.0,No Information,,No Information,No
6944,6944,Untouched,,Unknown,0.0,No Information,,No Information,No
6945,6945,Untouched,,Unknown,0.0,No Information,,No Information,No
6946,6946,Untouched,,Unknown,0.0,No Information,,No Information,No
6947,6947,Untouched,,Unknown,0.0,No Information,,No Information,No
6948,6948,Untouched,,Unknown,0.0,No Information,,No Information,No
6949,6949,Untouched,,Unknown,0.0,No Information,,No Information,No
6950,6950,Untouched,,Unknown,0.0,No Information,,No Information,No
6951,6951,Untouched,,Unknown,0.0,No Information,,No Information,No
6952,6952,Untouched,,Unknown,0.0,No Information,,No Information,No
6953,6953,Untouched,,Unknown,0.0,No Information,,No Information,No
6954,6954,Untouched,,Unknown,0.0,No Information,,No Information,No
6955,6955,Untouched,,Unknown,0.0,No Information,,No Information,No
6956,6956,Untouched,,Unknown,0.0,No Information,,No Information,No
6957,6957,Untouched,,Unknown,0.0,No Information,,No Information,No
6958,6958,Untouched,,Unknown,0.0,No Information,,No Information,No
6959,6959,Call >72Hr,,Safa,0.0,No Information,,No Information,No
6960,6960,Untouched,,Unknown,0.0,No Information,,No Information,No
6961,6961,Untouched,,Unknown,0.0,No Information,,No Information,No
6962,6962,Untouched,,Unknown,0.0,No Information,,No Information,No
6963,6963,Untouched,,Unknown,0.0,No Information,,No Information,No
6964,6964,Untouched,,Unknown,0.0,No Information,,No Information,No
6965,6965,Untouched,,Unknown,0.0,No Information,,No Information,No
6966,6966,Untouched,,Unknown,0.0,No Information,,No Information,No
6967,6967,Untouched,,Unknown,0.0,No Information,,No Information,No
6968,6968,Untouched,,Unknown,0.0,No Information,,No Information,No
6969,6969,Untouched,,Unknown,0.0,No Information,,No Information,No
6970,6970,Untouched,,Unknown,0.0,No Information,,No Information,No
6971,6971,Untouched,,Unknown,0.0,No Information,,No Information,No
6972,6972,Untouched,,Unknown,0.0,No Information,,No Information,No
6973,6973,Untouched,,Unknown,0.0,No Information,,No Information,No
6974,6974,Untouched,,Unknown,0.0,No Information,,No Information,No
6975,6975,Untouched,,Unknown,0.0,No Information,,No Information,No
6976,6976,Untouched,,Unknown,0.0,No Information,,No Information,No
6977,6977,Untouched,,Unknown,0.0,No Information,,No Information,No
6978,6978,Untouched,,Unknown,0.0,No Information,,No Information,No
6979,6979,Untouched,,Unknown,0.0,No Information,,No Information,No
6980,6980,Untouched,,Unknown,0.0,No Information,,No Information,No
6981,6981,Untouched,,Unknown,0.0,No Information,,No Information,No
6982,6982,Untouched,,Unknown,0.0,No Information,,No Information,No
6983,6983,Untouched,,Unknown,0.0,No Information,,No Information,No
6984,6984,Untouched,,Unknown,0.0,No Information,,No Information,No
6985,6985,Untouched,,Unknown,0.0,No Information,,No Information,No
6986,6986,Untouched,,Unknown,0.0,No Information,,No Information,No
6987,6987,Untouched,,Unknown,0.0,No Information,,No Information,No
6988,6988,Untouched,,Unknown,0.0,No Information,,No Information,No
6989,6989,Untouched,,Unknown,0.0,No Information,,No Information,No
6990,6990,Untouched,,Unknown,0.0,No Information,,No Information,No
6991,6991,Untouched,,Unknown,0.0,No Information,,No Information,No
6992,6992,Untouched,,Unknown,0.0,No Information,,No Information,No
6993,6993,Untouched,,Unknown,0.0,No Information,,No Information,No
6994,6994,Untouched,,Unknown,0.0,No Information,,No Information,No
6995,6995,Untouched,,Unknown,0.0,No Information,,No Information,No
6996,6996,Untouched,,Unknown,0.0,No Information,,No Information,No
6997,6997,Untouched,,Unknown,0.0,No Information,,No Information,No
6998,6998,Untouched,,Unknown,0.0,No Information,,No Information,No
6999,6999,Untouched,,Unknown,0.0,No Information,,No Information,No
7000,7000,Untouched,,Unknown,0.0,No Information,,No Information,No
7001,7001,Untouched,,Unknown,0.0,No Information,,No Information,No
7002,7002,Untouched,,Unknown,0.0,No Information,,No Information,No
7003,7003,Untouched,,Unknown,0.0,No Information,,No Information,No
7004,7004,Untouched,,Unknown,0.0,No Information,,No Information,No
7005,7005,Untouched,,Unknown,0.0,No Information,,No Information,No
7006,7006,Untouched,,Unknown,0.0,No Information,,No Information,No
7007,7007,Untouched,,Unknown,0.0,No Information,,No Information,No
7008,7008,Untouched,,Unknown,0.0,No Information,,No Information,No
7009,7009,Untouched,,Unknown,0.0,No Information,,No Information,No
7010,7010,Untouched,,Unknown,0.0,No Information,,No Information,No
7011,7011,Untouched,,Unknown,0.0,No Information,,No Information,No
7012,7012,Untouched,,Unknown,0.0,No Information,,No Information,No
7013,7013,Untouched,,Unknown,0.0,No Information,,No Information,No
7014,7014,Untouched,,Unknown,0.0,No Information,,No Information,No
7015,7015,Untouched,,Unknown,0.0,No Information,,No Information,No
7016,7016,Untouched,,Unknown,0.0,No Information,,No Information,No
7017,7017,Untouched,,Unknown,0.0,No Information,,No Information,No
7018,7018,Untouched,,Unknown,0.0,No Information,,No Information,No
7019,7019,Untouched,,Unknown,0.0,No Information,,No Information,No
7020,7020,Untouched,,Unknown,0.0,No Information,,No Information,No
7021,7021,Untouched,,Unknown,0.0,No Information,,No Information,No
7022,7022,Untouched,,Unknown,0.0,No Information,,No Information,No
7023,7023,Untouched,,Unknown,0.0,No Information,,No Information,No
7024,7024,Untouched,,Unknown,0.0,No Information,,No Information,No
7025,7025,Untouched,,Unknown,0.0,No Information,,No Information,No
7026,7026,Untouched,,Unknown,0.0,No Information,,No Information,No
7027,7027,Untouched,,Unknown,0.0,No Information,,No Information,No
7028,7028,Untouched,,Unknown,0.0,No Information,,No Information,No
7029,7029,Untouched,,Unknown,0.0,No Information,,No Information,No
7030,7030,Untouched,,Unknown,0.0,No Information,,No Information,No
7031,7031,Untouched,,Unknown,0.0,No Information,,No Information,No
7032,7032,Untouched,,Unknown,0.0,No Information,,No Information,No
7033,7033,Untouched,,Unknown,0.0,No Information,,No Information,No
7034,7034,Untouched,,Unknown,0.0,No Information,,No Information,No
7035,7035,Untouched,,Unknown,0.0,No Information,,No Information,No
7036,7036,Untouched,,Unknown,0.0,No Information,,No Information,No
7037,7037,Untouched,,Unknown,0.0,No Information,,No Information,No
7038,7038,Untouched,,Unknown,0.0,No Information,,No Information,No
7039,7039,Untouched,,Unknown,0.0,No Information,,No Information,No
7040,7040,Untouched,,Unknown,0.0,No Information,,No Information,No
7041,7041,Untouched,,Unknown,0.0,No Information,,No Information,No
7042,7042,Untouched,,Unknown,0.0,No Information,,No Information,No
7043,7043,Untouched,,Unknown,0.0,No Information,,No Information,No
7044,7044,Untouched,,Unknown,0.0,No Information,,No Information,No
7045,7045,Untouched,,Unknown,0.0,No Information,,No Information,No
7046,7046,Untouched,,Unknown,0.0,No Information,,No Information,No
7047,7047,Untouched,,Unknown,0.0,No Information,,No Information,No
7048,7048,Untouched,,Unknown,0.0,No Information,,No Information,No
7049,7049,Untouched,,Unknown,0.0,No Information,,No Information,No
7050,7050,Untouched,,Unknown,0.0,No Information,,No Information,No
7051,7051,Untouched,,Unknown,0.0,No Information,,No Information,No
7052,7052,Untouched,,Unknown,0.0,No Information,,No Information,No
7053,7053,Untouched,,Unknown,0.0,No Information,,No Information,No
7054,7054,Untouched,,Unknown,0.0,No Information,,No Information,No
7055,7055,Untouched,,Unknown,0.0,No Information,,No Information,No
7056,7056,Untouched,,Unknown,0.0,No Information,,No Information,No
7057,7057,Untouched,,Unknown,0.0,No Information,,No Information,No
7058,7058,Untouched,,Unknown,0.0,No Information,,No Information,No
7059,7059,Untouched,,Unknown,0.0,No Information,,No Information,No
7060,7060,Untouched,,Unknown,0.0,No Information,,No Information,No
7061,7061,Untouched,,Unknown,0.0,No Information,,No Information,No
7062,7062,Untouched,,Unknown,0.0,No Information,,No Information,No
7063,7063,Untouched,,Unknown,0.0,No Information,,No Information,No
7064,7064,Untouched,,Unknown,0.0,No Information,,No Information,No
7065,7065,Untouched,,Unknown,0.0,No Information,,No Information,No
7066,7066,Untouched,,Unknown,0.0,No Information,,No Information,No
7067,7067,Untouched,,Unknown,0.0,No Information,,No Information,No
7068,7068,Untouched,,Unknown,0.0,No Information,,No Information,No
7069,7069,Untouched,,Unknown,0.0,No Information,,No Information,No
7070,7070,Untouched,,Unknown,0.0,No Information,,No Information,No
7071,7071,Untouched,,Unknown,0.0,No Information,,No Information,No
7072,7072,Untouched,,Unknown,0.0,No Information,,No Information,No
7073,7073,Untouched,,Unknown,0.0,No Information,,No Information,No
7074,7074,Untouched,,Unknown,0.0,No Information,,No Information,No
7075,7075,Untouched,,Unknown,0.0,No Information,,No Information,No
7076,7076,Untouched,,Unknown,0.0,No Information,,No Information,No
7077,7077,Untouched,,Unknown,0.0,No Information,,No Information,No
7078,7078,Untouched,,Unknown,0.0,No Information,,No Information,No
7079,7079,Untouched,,Unknown,0.0,No Information,,No Information,No
7080,7080,Untouched,,Unknown,0.0,No Information,,No Information,No
7081,7081,Untouched,,Unknown,0.0,No Information,,No Information,No
7082,7082,Untouched,,Unknown,0.0,No Information,,No Information,No
7083,7083,Untouched,,Unknown,0.0,No Information,,No Information,No
7084,7084,Untouched,,Unknown,0.0,No Information,,No Information,No
7085,7085,Untouched,,Unknown,0.0,No Information,,No Information,No
7086,7086,Untouched,,Unknown,0.0,No Information,,No Information,No
7087,7087,Untouched,,Unknown,0.0,No Information,,No Information,No
7088,7088,Call >24Hr,2026-11-06,Safa,7.0,No Information,,No Information,No
7089,7089,Call >24Hr,2026-11-06,Safa,30.0,No Information,,No Information,No
7090,7090,Untouched,,Unknown,0.0,No Information,,No Information,No
7091,7091,Untouched,,Unknown,0.0,No Information,,No Information,No
7092,7092,Untouched,,Unknown,0.0,No Information,,No Information,No
7093,7093,Call >24Hr,2026-11-06,Safa,37.0,No Information,,No Information,No
7094,7094,Call >24Hr,2026-11-06,Safa,88.0,No Information,,No Information,No
7095,7095,Call >24Hr,2026-11-06,Safa,94.0,No Information,,No Information,No
7096,7096,Call >24Hr,2026-11-06,Safa,28.0,No Information,,No Information,No
7097,7097,Call >24Hr,2026-12-06,Safa,2.0,No Information,,No Information,No
7098,7098,Call >24Hr,2026-11-06,Safa,2.0,No Information,,No Information,No
7099,7099,Call >24Hr,2026-12-06,Safa,0.0,No Information,,No Information,No
7100,7100,Call >24Hr,2026-12-06,Safa,77.0,No Information,,No Information,No
7101,7101,Call >24Hr,2026-11-06,Safa,25.0,No Information,,No Information,No
7102,7102,Call >24Hr,2026-11-06,Safa,14.0,No Information,,No Information,No
7103,7103,Call >24Hr,2026-12-06,Safa,37.0,No Information,,No Information,No
7104,7104,Call >24Hr,2026-11-06,Safa,27.0,No Information,,No Information,No
7105,7105,Call >24Hr,2026-12-06,Safa,359.0,No Information,,No Information,No
7106,7106,Call >24Hr,2026-11-06,Safa,9.0,No Information,,No Information,No
7107,7107,Call >24Hr,2026-11-06,Safa,0.0,No Information,,No Information,No
7108,7108,Call >24Hr,2026-11-06,Safa,0.0,No Information,,No Information,No
7109,7109,Call >24Hr,2026-12-06,Safa,0.0,No Information,,No Information,No
7110,7110,Call >24Hr,2026-11-06,Safa,47.0,No Information,,No Information,No
7111,7111,Untouched,,Unknown,0.0,No Information,,No Information,No
7112,7112,Untouched,,Unknown,0.0,No Information,,No Information,No
7113,7113,Untouched,,Unknown,0.0,No Information,,No Information,No
7114,7114,Call >24Hr,,Safa,0.0,No Information,,No Information,No
7115,7115,Untouched,,Unknown,0.0,No Information,,No Information,No
7116,7116,Untouched,,Unknown,0.0,No Information,,No Information,No
7117,7117,Untouched,,Unknown,0.0,No Information,,No Information,No
7118,7118,Untouched,,Unknown,0.0,No Information,,No Information,No
7119,7119,Untouched,,Unknown,0.0,No Information,,No Information,No
7120,7120,Untouched,,Unknown,0.0,No Information,,No Information,No
7121,7121,Untouched,,Unknown,0.0,No Information,,No Information,No
7122,7122,Untouched,,Unknown,0.0,No Information,,No Information,No
7123,7123,Untouched,,Unknown,0.0,No Information,,No Information,No
7124,7124,Untouched,,Unknown,0.0,No Information,,No Information,No
7125,7125,Untouched,,Unknown,0.0,No Information,,No Information,No
7126,7126,Untouched,,Unknown,0.0,No Information,,No Information,No
7127,7127,Untouched,,Unknown,0.0,No Information,,No Information,No
7128,7128,Untouched,,Unknown,0.0,No Information,,No Information,No
7129,7129,Untouched,,Unknown,0.0,No Information,,No Information,No
7130,7130,Untouched,,Unknown,0.0,No Information,,No Information,No
7131,7131,Untouched,,Unknown,0.0,No Information,,No Information,No
7132,7132,Untouched,,Unknown,0.0,No Information,,No Information,No
7133,7133,Untouched,,Unknown,0.0,No Information,,No Information,No
7134,7134,Untouched,,Unknown,0.0,No Information,,No Information,No
7135,7135,Untouched,,Unknown,0.0,No Information,,No Information,No
7136,7136,Untouched,,Unknown,0.0,No Information,,No Information,No
7137,7137,Untouched,,Unknown,0.0,No Information,,No Information,No
7138,7138,Untouched,,Unknown,0.0,No Information,,No Information,No
7139,7139,Untouched,,Unknown,0.0,No Information,,No Information,No
7140,7140,Untouched,,Unknown,0.0,No Information,,No Information,No
7141,7141,Untouched,,Unknown,0.0,No Information,,No Information,No
7142,7142,Untouched,,Unknown,0.0,No Information,,No Information,No
7143,7143,Untouched,,Unknown,0.0,No Information,,No Information,No
7144,7144,Untouched,,Unknown,0.0,No Information,,No Information,No
7145,7145,Untouched,,Unknown,0.0,No Information,,No Information,No
7146,7146,Untouched,,Unknown,0.0,No Information,,No Information,No
7147,7147,Untouched,,Unknown,0.0,No Information,,No Information,No
7148,7148,Untouched,,Unknown,0.0,No Information,,No Information,No
7149,7149,Untouched,,Unknown,0.0,No Information,,No Information,No
7150,7150,Untouched,,Unknown,0.0,No Information,,No Information,No
7151,7151,Untouched,,Unknown,0.0,No Information,,No Information,No
7152,7152,Call >72Hr,2026-04-08,Rincy,20.0,No Information,,No Information,No
7153,7153,Untouched,,Unknown,0.0,No Information,,No Information,No
7154,7154,Untouched,,Unknown,0.0,No Information,,No Information,No
7155,7155,Untouched,,Unknown,0.0,No Information,,No Information,No
7156,7156,Untouched,,Unknown,0.0,No Information,,No Information,No
7157,7157,Untouched,,Unknown,0.0,No Information,,No Information,No
7158,7158,Untouched,,Unknown,0.0,No Information,,No Information,No
7159,7159,Untouched,,Unknown,0.0,No Information,,No Information,No
7160,7160,Untouched,,Unknown,0.0,No Information,,No Information,No
7161,7161,Untouched,,Unknown,0.0,No Information,,No Information,No
7162,7162,Untouched,,Unknown,0.0,No Information,,No Information,No
7163,7163,Untouched,,Unknown,0.0,No Information,,No Information,No
7164,7164,Untouched,,Unknown,0.0,No Information,,No Information,No
7165,7165,Untouched,,Unknown,0.0,No Information,,No Information,No
7166,7166,Untouched,,Unknown,0.0,No Information,,No Information,No
7167,7167,Untouched,,Unknown,0.0,No Information,,No Information,No
7168,7168,Untouched,,Unknown,0.0,No Information,,No Information,No
7169,7169,Untouched,,Unknown,0.0,No Information,,No Information,No
7170,7170,Untouched,,Unknown,0.0,No Information,,No Information,No
7171,7171,Untouched,,Unknown,0.0,No Information,,No Information,No
7172,7172,Untouched,,Unknown,0.0,No Information,,No Information,No
7173,7173,Untouched,,Unknown,0.0,No Information,,No Information,No
7174,7174,Untouched,,Unknown,0.0,No Information,,No Information,No
7175,7175,Untouched,,Unknown,0.0,No Information,,No Information,No
7176,7176,Untouched,,Unknown,0.0,No Information,,No Information,No
7177,7177,Untouched,,Unknown,0.0,No Information,,No Information,No
7178,7178,Untouched,,Unknown,0.0,No Information,,No Information,No
7179,7179,Untouched,,Unknown,0.0,No Information,,No Information,No
7180,7180,Untouched,,Unknown,0.0,No Information,,No Information,No
7181,7181,Untouched,,Unknown,0.0,No Information,,No Information,No
7182,7182,Untouched,,Unknown,0.0,No Information,,No Information,No
7183,7183,Untouched,,Unknown,0.0,No Information,,No Information,No
7184,7184,Untouched,,Unknown,0.0,No Information,,No Information,No
7185,7185,Untouched,,Unknown,0.0,No Information,,No Information,No
7186,7186,Untouched,,Unknown,0.0,No Information,,No Information,No
7187,7187,Call >24Hr,2026-11-06,Safa,74.0,No Information,,No Information,No
7188,7188,Call >24Hr,2026-11-06,Safa,0.0,No Information,,No Information,No
7189,7189,Call >24Hr,2026-12-06,Safa,0.0,No Information,,No Information,No
7190,7190,Call >24Hr,2026-11-06,Safa,28.0,No Information,,No Information,No
7191,7191,Call >24Hr,2026-12-06,Safa,0.0,No Information,,No Information,No
7192,7192,Call >24Hr,2026-11-06,Safa,23.0,No Information,,No Information,No
7193,7193,Call >24Hr,2026-11-06,Safa,44.0,No Information,,No Information,No
7194,7194,Call >24Hr,2026-11-06,Safa,87.0,No Information,,No Information,No
7195,7195,Untouched,,Unknown,0.0,No Information,,No Information,No
7196,7196,Untouched,,Unknown,0.0,No Information,,No Information,No
7197,7197,Untouched,,Unknown,0.0,No Information,,No Information,No
7198,7198,Untouched,,Unknown,0.0,No Information,,No Information,No
7199,7199,Untouched,,Unknown,0.0,No Information,,No Information,No
7200,7200,Untouched,,Unknown,0.0,No Information,,No Information,No
7201,7201,Untouched,,Unknown,0.0,No Information,,No Information,No
7202,7202,Untouched,,Unknown,0.0,No Information,,No Information,No
7203,7203,Untouched,,Unknown,0.0,No Information,,No Information,No
7204,7204,Untouched,,Unknown,0.0,No Information,,No Information,No
7205,7205,Call >24Hr,2026-11-06,Safa,0.0,No Information,,No Information,No
7206,7206,Call >24Hr,,Safa,1.0,No Information,,No Information,No
7207,7207,Call >24Hr,2026-12-06,Safa,7.0,No Information,,No Information,No
7208,7208,Untouched,,Unknown,0.0,No Information,,No Information,No
7209,7209,Call >24Hr,2026-11-06,Safa,103.0,No Information,,No Information,No
7210,7210,Call >24Hr,2026-11-06,Safa,117.0,No Information,,No Information,No
7211,7211,Call >24Hr,2026-11-06,Safa,0.0,No Information,,No Information,No
7212,7212,Call >48Hr,2026-12-06,Safa,0.0,No Information,,No Information,No
7213,7213,Call >24Hr,2026-11-06,Safa,54.0,No Information,,No Information,No
7214,7214,Call >24Hr,2026-12-06,Safa,2.0,No Information,,No Information,No
7215,7215,Call >48Hr,2026-12-06,Safa,0.0,No Information,,No Information,No
7216,7216,Call >24Hr,2026-11-06,Safa,36.0,No Information,,No Information,No
7217,7217,Call >24Hr,2026-11-06,Safa,24.0,No Information,,No Information,No
7218,7218,Call >24Hr,2026-11-06,Safa,35.0,No Information,,No Information,No
7219,7219,Call >24Hr,2026-12-06,Safa,20.0,No Information,,No Information,No
7220,7220,Call >24Hr,2026-11-06,Safa,27.0,No Information,,No Information,No
7221,7221,Untouched,,Unknown,0.0,No Information,,No Information,No
7222,7222,Untouched,,Unknown,0.0,No Information,,No Information,No
7223,7223,Untouched,,Unknown,0.0,No Information,,No Information,No
7224,7224,Call >48Hr,2026-12-06,Safa,0.0,No Information,,No Information,No
7225,7225,Untouched,,Unknown,0.0,No Information,,No Information,No
7226,7226,Untouched,,Unknown,0.0,No Information,,No Information,No
7227,7227,Untouched,,Unknown,0.0,No Information,,No Information,No
7228,7228,Untouched,,Unknown,0.0,No Information,,No Information,No
7229,7229,Untouched,,Unknown,0.0,No Information,,No Information,No
7230,7230,Untouched,,Unknown,0.0,No Information,,No Information,No
7231,7231,Untouched,,Unknown,0.0,No Information,,No Information,No
7232,7232,Untouched,,Unknown,0.0,No Information,,No Information,No
7233,7233,Call >72Hr,,Sumayya,0.0,No Information,,No Information,No
7234,7234,Untouched,,Unknown,0.0,No Information,,No Information,No
7235,7235,Untouched,,Unknown,0.0,No Information,,No Information,No
7236,7236,Untouched,,Unknown,0.0,No Information,,No Information,No
7237,7237,Untouched,,Unknown,0.0,No Information,,No Information,No
7238,7238,Untouched,,Unknown,0.0,No Information,,No Information,No
7239,7239,Untouched,,Unknown,0.0,No Information,,No Information,No
7240,7240,Untouched,,Unknown,0.0,No Information,,No Information,No
7241,7241,Untouched,,Unknown,0.0,No Information,,No Information,No
7242,7242,Untouched,,Unknown,0.0,No Information,,No Information,No
7243,7243,Untouched,,Unknown,0.0,No Information,,No Information,No
7244,7244,Call >72Hr,,Sumayya,159.0,No Information,,No Information,No
7245,7245,Untouched,,Unknown,0.0,No Information,,No Information,No
7246,7246,Untouched,,Unknown,0.0,No Information,,No Information,No
7247,7247,Untouched,,Unknown,0.0,No Information,,No Information,No
7248,7248,Untouched,,Unknown,0.0,No Information,,No Information,No
7249,7249,Untouched,,Unknown,0.0,No Information,,No Information,No
7250,7250,Untouched,,Unknown,0.0,No Information,,No Information,No
7251,7251,Untouched,,Unknown,0.0,No Information,,No Information,No
7252,7252,Untouched,,Unknown,0.0,No Information,,No Information,No
7253,7253,Untouched,,Unknown,0.0,No Information,,No Information,No
7254,7254,Untouched,,Unknown,0.0,No Information,,No Information,No
7255,7255,Untouched,,Unknown,0.0,No Information,,No Information,No
7256,7256,Untouched,,Unknown,0.0,No Information,,No Information,No
7257,7257,Untouched,,Unknown,0.0,No Information,,No Information,No
7258,7258,Call >72Hr,,Safa,3.0,No Information,,No Information,No
7259,7259,Call >72Hr,,Safa,18.0,No Information,,No Information,No
7260,7260,Untouched,,Unknown,0.0,No Information,,No Information,No
7261,7261,Untouched,,Unknown,0.0,No Information,,No Information,No
7262,7262,Call >24Hr,2026-11-06,Safa,14.0,No Information,,No Information,No
7263,7263,Call >48Hr,2026-12-06,Safa,0.0,No Information,,No Information,No
7264,7264,Call >72Hr,,Safa,0.0,No Information,,No Information,No
7265,7265,Call >48Hr,2026-12-06,Safa,0.0,No Information,,No Information,No
7266,7266,Call >48Hr,2026-12-06,Safa,119.0,No Information,,No Information,No
7267,7267,Call >48Hr,2026-12-06,Safa,37.0,No Information,,No Information,No
7268,7268,Call >48Hr,2026-12-06,Safa,71.0,No Information,,No Information,No
7269,7269,Untouched,,Unknown,0.0,No Information,,No Information,No
7270,7270,Untouched,,Unknown,0.0,No Information,,No Information,No
7271,7271,Untouched,,Unknown,0.0,No Information,,No Information,No
7272,7272,Untouched,,Unknown,0.0,No Information,,No Information,No
7273,7273,Call >48Hr,2026-12-06,Safa,258.0,No Information,,No Information,No
7274,7274,Untouched,,Unknown,0.0,No Information,,No Information,No
7275,7275,Untouched,,Unknown,0.0,No Information,,No Information,No
7276,7276,Untouched,,Unknown,0.0,No Information,,No Information,No
7277,7277,Untouched,,Unknown,0.0,No Information,,No Information,No
7278,7278,Untouched,,Unknown,0.0,No Information,,No Information,No
7279,7279,Untouched,,Unknown,0.0,No Information,,No Information,No
7280,7280,Untouched,,Unknown,0.0,No Information,,No Information,No
7281,7281,Untouched,,Unknown,0.0,No Information,,No Information,No
7282,7282,Untouched,,Unknown,0.0,No Information,,No Information,No
7283,7283,Untouched,,Unknown,0.0,No Information,,No Information,No
7284,7284,Untouched,,Unknown,0.0,No Information,,No Information,No
7285,7285,Untouched,,Unknown,0.0,No Information,,No Information,No
7286,7286,Untouched,,Unknown,0.0,No Information,,No Information,No
7287,7287,Untouched,,Unknown,0.0,No Information,,No Information,No
7288,7288,Untouched,,Unknown,0.0,No Information,,No Information,No
7289,7289,Untouched,,Unknown,0.0,No Information,,No Information,No
7290,7290,Untouched,,Unknown,0.0,No Information,,No Information,No
7291,7291,Untouched,,Unknown,0.0,No Information,,No Information,No
7292,7292,Untouched,,Unknown,0.0,No Information,,No Information,No
7293,7293,Untouched,,Unknown,0.0,No Information,,No Information,No
7294,7294,Call >24Hr,2026-11-06,Muhammed,0.0,No Information,,No Information,No
7295,7295,Untouched,,Unknown,0.0,No Information,,No Information,No
7296,7296,Untouched,,Unknown,0.0,No Information,,No Information,No
7297,7297,Untouched,,Unknown,0.0,No Information,,No Information,No
7298,7298,Untouched,,Unknown,0.0,No Information,,No Information,No
7299,7299,Call >24Hr,2026-11-06,Muhammed,0.0,No Information,,No Information,Yes
7300,7300,Call >24Hr,2026-11-06,Muhammed,41.0,No Information,,No Information,No
7301,7301,Call >24Hr,2026-11-06,Muhammed,154.0,No Information,,No Information,No
7302,7302,Call >24Hr,2026-11-06,Muhammed,0.0,No Information,,No Information,No
7303,7303,Call >24Hr,2026-11-06,Muhammed,67.0,No Information,,No Information,No
7304,7304,Call >24Hr,2026-11-06,Muhammed,754.0,No Information,,No Information,No
7305,7305,Call >24Hr,,arathi,0.0,No Information,,No Information,No
7306,7306,Call >24Hr,2026-11-06,Muhammed,41.0,No Information,,No Information,No
7307,7307,Call >24Hr,2026-11-06,Muhammed,0.0,No Information,,No Information,No
7308,7308,Untouched,,Unknown,0.0,No Information,,No Information,No
7309,7309,Call >24Hr,,arathi,0.0,No Information,,No Information,No
7310,7310,Untouched,,Unknown,0.0,No Information,,No Information,No
7311,7311,Call >24Hr,2026-11-06,Muhammed,0.0,No Information,,No Information,No
7312,7312,Call >24Hr,2026-11-06,Muhammed,127.0,No Information,,No Information,No
7313,7313,Untouched,,Unknown,0.0,No Information,,No Information,No
7314,7314,Untouched,,Unknown,0.0,No Information,,No Information,No
7315,7315,Untouched,,Unknown,0.0,No Information,,No Information,No
7316,7316,Call >24Hr,2026-11-06,Muhammed,0.0,No Information,,No Information,No
7317,7317,Call >24Hr,2026-11-06,Muhammed,59.0,No Information,,No Information,No
7318,7318,Untouched,,Unknown,0.0,No Information,,No Information,No
7319,7319,Untouched,,Unknown,0.0,No Information,,No Information,No
7320,7320,Untouched,,Unknown,0.0,No Information,,No Information,No
7321,7321,Untouched,,Unknown,0.0,No Information,,No Information,No
7322,7322,Untouched,,Unknown,0.0,No Information,,No Information,No
7323,7323,Untouched,,Unknown,0.0,No Information,,No Information,No
7324,7324,Untouched,,Unknown,0.0,No Information,,No Information,No
7325,7325,Untouched,,Unknown,0.0,No Information,,No Information,No
7326,7326,Untouched,,Unknown,0.0,No Information,,No Information,No
7327,7327,Untouched,,Unknown,0.0,No Information,,No Information,No
7328,7328,Untouched,,Unknown,0.0,No Information,,No Information,No
7329,7329,Call >72Hr,,Najiya,302.0,No Information,,No Information,No
7330,7330,Untouched,,Unknown,0.0,No Information,,No Information,No
7331,7331,Untouched,,Unknown,0.0,No Information,,No Information,No
7332,7332,Untouched,,Unknown,0.0,No Information,,No Information,No
7333,7333,Untouched,,Unknown,0.0,No Information,,No Information,No
7334,7334,Untouched,,Unknown,0.0,No Information,,No Information,No
7335,7335,Untouched,,Unknown,0.0,No Information,,No Information,No
7336,7336,Untouched,,Unknown,0.0,No Information,,No Information,No
7337,7337,Untouched,,Unknown,0.0,No Information,,No Information,No
7338,7338,Untouched,,Unknown,0.0,No Information,,No Information,No
7339,7339,Untouched,,Unknown,0.0,No Information,,No Information,No
7340,7340,Untouched,,Unknown,0.0,No Information,,No Information,No
7341,7341,Untouched,,Unknown,0.0,No Information,,No Information,No
7342,7342,Untouched,,Unknown,0.0,No Information,,No Information,No
7343,7343,Untouched,,Unknown,0.0,No Information,,No Information,No
7344,7344,Untouched,,Unknown,0.0,No Information,,No Information,No
7345,7345,Untouched,,Unknown,0.0,No Information,,No Information,No
7346,7346,Untouched,,Unknown,0.0,No Information,,No Information,No
7347,7347,Untouched,,Unknown,0.0,No Information,,No Information,No
7348,7348,Untouched,,Unknown,0.0,No Information,,No Information,No
7349,7349,Untouched,,Unknown,0.0,No Information,,No Information,No
7350,7350,Untouched,,Unknown,0.0,No Information,,No Information,No
7351,7351,Untouched,,Unknown,0.0,No Information,,No Information,No
7352,7352,Untouched,,Unknown,0.0,No Information,,No Information,No
7353,7353,Untouched,,Unknown,0.0,No Information,,No Information,No
7354,7354,Untouched,,Unknown,0.0,No Information,,No Information,No
7355,7355,Untouched,,Unknown,0.0,No Information,,No Information,No
7356,7356,Untouched,,Unknown,0.0,No Information,,No Information,No
7357,7357,Untouched,,Unknown,0.0,No Information,,No Information,No
7358,7358,Untouched,,Unknown,0.0,No Information,,No Information,No
7359,7359,Untouched,,Unknown,0.0,No Information,,No Information,No
7360,7360,Untouched,,Unknown,0.0,No Information,,No Information,No
7361,7361,Untouched,,Unknown,0.0,No Information,,No Information,No
7362,7362,Untouched,,Unknown,0.0,No Information,,No Information,No
7363,7363,Untouched,,Unknown,0.0,No Information,,No Information,No
7364,7364,Untouched,,Unknown,0.0,No Information,,No Information,No
7365,7365,Untouched,,Unknown,0.0,No Information,,No Information,No
7366,7366,Untouched,,Unknown,0.0,No Information,,No Information,No
7367,7367,Untouched,,Unknown,0.0,No Information,,No Information,No
7368,7368,Untouched,,Unknown,0.0,No Information,,No Information,No
7369,7369,Untouched,,Unknown,0.0,No Information,,No Information,No
7370,7370,Untouched,,Unknown,0.0,No Information,,No Information,No
7371,7371,Untouched,,Unknown,0.0,No Information,,No Information,No
7372,7372,Untouched,,Unknown,0.0,No Information,,No Information,No
7373,7373,Untouched,,Unknown,0.0,No Information,,No Information,No
7374,7374,Untouched,,Unknown,0.0,No Information,,No Information,No
7375,7375,Untouched,,Unknown,0.0,No Information,,No Information,No
7376,7376,Untouched,,Unknown,0.0,No Information,,No Information,No
7377,7377,Untouched,,Unknown,0.0,No Information,,No Information,No
7378,7378,Untouched,,Unknown,0.0,No Information,,No Information,No
7379,7379,Untouched,,Unknown,0.0,No Information,,No Information,No
7380,7380,Untouched,,Unknown,0.0,No Information,,No Information,No
7381,7381,Untouched,,Unknown,0.0,No Information,,No Information,No
7382,7382,Untouched,,Unknown,0.0,No Information,,No Information,No
7383,7383,Untouched,,Unknown,0.0,No Information,,No Information,No
7384,7384,Untouched,,Unknown,0.0,No Information,,No Information,No
7385,7385,Untouched,,Unknown,0.0,No Information,,No Information,No
7386,7386,Untouched,,Unknown,0.0,No Information,,No Information,No
7387,7387,Untouched,,Unknown,0.0,No Information,,No Information,No
7388,7388,Untouched,,Unknown,0.0,No Information,,No Information,No
7389,7389,Untouched,,Unknown,0.0,No Information,,No Information,No
7390,7390,Untouched,,Unknown,0.0,No Information,,No Information,No
7391,7391,Untouched,,Unknown,0.0,No Information,,No Information,No
7392,7392,Untouched,,Unknown,0.0,No Information,,No Information,No
7393,7393,Untouched,,Unknown,0.0,No Information,,No Information,No
7394,7394,Untouched,,Unknown,0.0,No Information,,No Information,No
7395,7395,Untouched,,Unknown,0.0,No Information,,No Information,No
7396,7396,Untouched,,Unknown,0.0,No Information,,No Information,No
7397,7397,Untouched,,Unknown,0.0,No Information,,No Information,No
7398,7398,Untouched,,Unknown,0.0,No Information,,No Information,No
7399,7399,Untouched,,Unknown,0.0,No Information,,No Information,No
7400,7400,Untouched,,Unknown,0.0,No Information,,No Information,No
7401,7401,Untouched,,Unknown,0.0,No Information,,No Information,No
7402,7402,Untouched,,Unknown,0.0,No Information,,No Information,No
7403,7403,Untouched,,Unknown,0.0,No Information,,No Information,No
7404,7404,Untouched,,Unknown,0.0,No Information,,No Information,No
7405,7405,Untouched,,Unknown,0.0,No Information,,No Information,No
7406,7406,Untouched,,Unknown,0.0,No Information,,No Information,No
7407,7407,Untouched,,Unknown,0.0,No Information,,No Information,No
7408,7408,Untouched,,Unknown,0.0,No Information,,No Information,No
7409,7409,Untouched,,Unknown,0.0,No Information,,No Information,No
7410,7410,Untouched,,Unknown,0.0,No Information,,No Information,No
7411,7411,Untouched,,Unknown,0.0,No Information,,No Information,No
7412,7412,Untouched,,Unknown,0.0,No Information,,No Information,No
7413,7413,Untouched,,Unknown,0.0,No Information,,No Information,No
7414,7414,Untouched,,Unknown,0.0,No Information,,No Information,No
7415,7415,Untouched,,Unknown,0.0,No Information,,No Information,No
7416,7416,Untouched,,Unknown,0.0,No Information,,No Information,No
7417,7417,Untouched,,Unknown,0.0,No Information,,No Information,No
7418,7418,Untouched,,Unknown,0.0,No Information,,No Information,No
7419,7419,Untouched,,Unknown,0.0,No Information,,No Information,No
7420,7420,Untouched,,Unknown,0.0,No Information,,No Information,No
7421,7421,Untouched,,Unknown,0.0,No Information,,No Information,No
7422,7422,Untouched,,Unknown,0.0,No Information,,No Information,No
7423,7423,Untouched,,Unknown,0.0,No Information,,No Information,No
7424,7424,Untouched,,Unknown,0.0,No Information,,No Information,No
7425,7425,Untouched,,Unknown,0.0,No Information,,No Information,No
7426,7426,Untouched,,Unknown,0.0,No Information,,No Information,No
7427,7427,Untouched,,Unknown,0.0,No Information,,No Information,No
7428,7428,Untouched,,Unknown,0.0,No Information,,No Information,No
7429,7429,Untouched,,Unknown,0.0,No Information,,No Information,No
7430,7430,Untouched,,Unknown,0.0,No Information,,No Information,No
7431,7431,Untouched,,Unknown,0.0,No Information,,No Information,No
7432,7432,Untouched,,Unknown,0.0,No Information,,No Information,No
7433,7433,Untouched,,Unknown,0.0,No Information,,No Information,No
7434,7434,Untouched,,Unknown,0.0,No Information,,No Information,No
7435,7435,Untouched,,Unknown,0.0,No Information,,No Information,No
7436,7436,Untouched,,Unknown,0.0,No Information,,No Information,No
7437,7437,Untouched,,Unknown,0.0,No Information,,No Information,No
7438,7438,Untouched,,Unknown,0.0,No Information,,No Information,No
7439,7439,Untouched,,Unknown,0.0,No Information,,No Information,No
7440,7440,Untouched,,Unknown,0.0,No Information,,No Information,No
7441,7441,Untouched,,Unknown,0.0,No Information,,No Information,No
7442,7442,Untouched,,Unknown,0.0,No Information,,No Information,No
7443,7443,Untouched,,Unknown,0.0,No Information,,No Information,No
7444,7444,Untouched,,Unknown,0.0,No Information,,No Information,No
7445,7445,Untouched,,Unknown,0.0,No Information,,No Information,No
7446,7446,Untouched,,Unknown,0.0,No Information,,No Information,No
7447,7447,Untouched,,Unknown,0.0,No Information,,No Information,No
7448,7448,Untouched,,Unknown,0.0,No Information,,No Information,No
7449,7449,Untouched,,Unknown,0.0,No Information,,No Information,No
7450,7450,Untouched,,Unknown,0.0,No Information,,No Information,No
7451,7451,Untouched,,Unknown,0.0,No Information,,No Information,No
7452,7452,Untouched,,Unknown,0.0,No Information,,No Information,No
7453,7453,Untouched,,Unknown,0.0,No Information,,No Information,No
7454,7454,Untouched,,Unknown,0.0,No Information,,No Information,No
7455,7455,Untouched,,Unknown,0.0,No Information,,No Information,No
7456,7456,Untouched,,Unknown,0.0,No Information,,No Information,No
7457,7457,Untouched,,Unknown,0.0,No Information,,No Information,No
7458,7458,Untouched,,Unknown,0.0,No Information,,No Information,No
7459,7459,Untouched,,Unknown,0.0,No Information,,No Information,No
7460,7460,Untouched,,Unknown,0.0,No Information,,No Information,No
7461,7461,Untouched,,Unknown,0.0,No Information,,No Information,No
7462,7462,Untouched,,Unknown,0.0,No Information,,No Information,No
7463,7463,Untouched,,Unknown,0.0,No Information,,No Information,No
7464,7464,Untouched,,Unknown,0.0,No Information,,No Information,No
7465,7465,Untouched,,Unknown,0.0,No Information,,No Information,No
7466,7466,Untouched,,Unknown,0.0,No Information,,No Information,No
7467,7467,Untouched,,Unknown,0.0,No Information,,No Information,No
7468,7468,Untouched,,Unknown,0.0,No Information,,No Information,No
7469,7469,Untouched,,Unknown,0.0,No Information,,No Information,No
7470,7470,Untouched,,Unknown,0.0,No Information,,No Information,No
7471,7471,Untouched,,Unknown,0.0,No Information,,No Information,No
7472,7472,Untouched,,Unknown,0.0,No Information,,No Information,No
7473,7473,Untouched,,Unknown,0.0,No Information,,No Information,No
7474,7474,Untouched,,Unknown,0.0,No Information,,No Information,No
7475,7475,Untouched,,Unknown,0.0,No Information,,No Information,No
7476,7476,Untouched,,Unknown,0.0,No Information,,No Information,No
7477,7477,Untouched,,Unknown,0.0,No Information,,No Information,No
7478,7478,Untouched,,Unknown,0.0,No Information,,No Information,No
7479,7479,Untouched,,Unknown,0.0,No Information,,No Information,No
7480,7480,Untouched,,Unknown,0.0,No Information,,No Information,No
7481,7481,Untouched,,Unknown,0.0,No Information,,No Information,No
7482,7482,Untouched,,Unknown,0.0,No Information,,No Information,No
7483,7483,Untouched,,Unknown,0.0,No Information,,No Information,No
7484,7484,Untouched,,Unknown,0.0,No Information,,No Information,No
7485,7485,Untouched,,Unknown,0.0,No Information,,No Information,No
7486,7486,Untouched,,Unknown,0.0,No Information,,No Information,No
7487,7487,Untouched,,Unknown,0.0,No Information,,No Information,No
7488,7488,Untouched,,Unknown,0.0,No Information,,No Information,No
7489,7489,Untouched,,Unknown,0.0,No Information,,No Information,No
7490,7490,Untouched,,Unknown,0.0,No Information,,No Information,No
7491,7491,Untouched,,Unknown,0.0,No Information,,No Information,No
7492,7492,Untouched,,Unknown,0.0,No Information,,No Information,No
7493,7493,Untouched,,Unknown,0.0,No Information,,No Information,No
7494,7494,Untouched,,Unknown,0.0,No Information,,No Information,No
7495,7495,Untouched,,Unknown,0.0,No Information,,No Information,No
7496,7496,Untouched,,Unknown,0.0,No Information,,No Information,No
7497,7497,Untouched,,Unknown,0.0,No Information,,No Information,No
7498,7498,Untouched,,Unknown,0.0,No Information,,No Information,No
7499,7499,Untouched,,Unknown,0.0,No Information,,No Information,No
7500,7500,Untouched,,Unknown,0.0,No Information,,No Information,No
7501,7501,Untouched,,Unknown,0.0,No Information,,No Information,No
7502,7502,Untouched,,Unknown,0.0,No Information,,No Information,No
7503,7503,Untouched,,Unknown,0.0,No Information,,No Information,No
7504,7504,Untouched,,Unknown,0.0,No Information,,No Information,No
7505,7505,Untouched,,Unknown,0.0,No Information,,No Information,No
7506,7506,Untouched,,Unknown,0.0,No Information,,No Information,No
7507,7507,Untouched,,Unknown,0.0,No Information,,No Information,No
7508,7508,Untouched,,Unknown,0.0,No Information,,No Information,No
7509,7509,Untouched,,Unknown,0.0,No Information,,No Information,No
7510,7510,Untouched,,Unknown,0.0,No Information,,No Information,No
7511,7511,Untouched,,Unknown,0.0,No Information,,No Information,No
7512,7512,Call >72Hr,,Najiya,0.0,No Information,,No Information,No
7513,7513,Untouched,,Unknown,0.0,No Information,,No Information,No
7514,7514,Untouched,,Unknown,0.0,No Information,,No Information,No
7515,7515,Untouched,,Unknown,0.0,No Information,,No Information,No
7516,7516,Untouched,,Unknown,0.0,No Information,,No Information,No
7517,7517,Untouched,,Unknown,0.0,No Information,,No Information,No
7518,7518,Untouched,,Unknown,0.0,No Information,,No Information,No
7519,7519,Untouched,,Unknown,0.0,No Information,,No Information,No
7520,7520,Untouched,,Unknown,0.0,No Information,,No Information,No
7521,7521,Untouched,,Unknown,0.0,No Information,,No Information,No
7522,7522,Untouched,,Unknown,0.0,No Information,,No Information,No
7523,7523,Untouched,,Unknown,0.0,No Information,,No Information,No
7524,7524,Untouched,,Unknown,0.0,No Information,,No Information,No
7525,7525,Untouched,,Unknown,0.0,No Information,,No Information,No
7526,7526,Untouched,,Unknown,0.0,No Information,,No Information,No
7527,7527,Untouched,,Unknown,0.0,No Information,,No Information,No
7528,7528,Untouched,,Unknown,0.0,No Information,,No Information,No
7529,7529,Untouched,,Unknown,0.0,No Information,,No Information,No
7530,7530,Untouched,,Unknown,0.0,No Information,,No Information,No
7531,7531,Untouched,,Unknown,0.0,No Information,,No Information,No
7532,7532,Untouched,,Unknown,0.0,No Information,,No Information,No
7533,7533,Untouched,,Unknown,0.0,No Information,,No Information,No
7534,7534,Call >72Hr,,Safa,183.0,No Information,,No Information,No
7535,7535,Untouched,,Unknown,0.0,No Information,,No Information,No
7536,7536,Untouched,,Unknown,0.0,No Information,,No Information,No
7537,7537,Untouched,,Unknown,0.0,No Information,,No Information,No
7538,7538,Untouched,,Unknown,0.0,No Information,,No Information,No
7539,7539,Untouched,,Unknown,0.0,No Information,,No Information,No
7540,7540,Untouched,,Unknown,0.0,No Information,,No Information,No
7541,7541,Call >72Hr,,Safa,0.0,No Information,,No Information,No
7542,7542,Call >72Hr,,Safa,269.0,No Information,,No Information,No
7543,7543,Untouched,,Unknown,0.0,No Information,,No Information,No
7544,7544,Untouched,,Unknown,0.0,No Information,,No Information,No
7545,7545,Untouched,,Unknown,0.0,No Information,,No Information,No
7546,7546,Untouched,,Unknown,0.0,No Information,,No Information,No
7547,7547,Untouched,,Unknown,0.0,No Information,,No Information,No
7548,7548,Untouched,,Unknown,0.0,No Information,,No Information,No
7549,7549,Untouched,,Unknown,0.0,No Information,,No Information,No
7550,7550,Untouched,,Unknown,0.0,No Information,,No Information,No
7551,7551,Untouched,,Unknown,0.0,No Information,,No Information,No
7552,7552,Untouched,,Unknown,0.0,No Information,,No Information,No
7553,7553,Untouched,,Unknown,0.0,No Information,,No Information,No
7554,7554,Untouched,,Unknown,0.0,No Information,,No Information,No
7555,7555,Untouched,,Unknown,0.0,No Information,,No Information,No
7556,7556,Untouched,,Unknown,0.0,No Information,,No Information,No
7557,7557,Untouched,,Unknown,0.0,No Information,,No Information,No
7558,7558,Untouched,,Unknown,0.0,No Information,,No Information,No
7559,7559,Untouched,,Unknown,0.0,No Information,,No Information,No
7560,7560,Untouched,,Unknown,0.0,No Information,,No Information,No
7561,7561,Untouched,,Unknown,0.0,No Information,,No Information,No
7562,7562,Untouched,,Unknown,0.0,No Information,,No Information,No
7563,7563,Untouched,,Unknown,0.0,No Information,,No Information,No
7564,7564,Untouched,,Unknown,0.0,No Information,,No Information,No
7565,7565,Untouched,,Unknown,0.0,No Information,,No Information,No
7566,7566,Untouched,,Unknown,0.0,No Information,,No Information,No
7567,7567,Untouched,,Unknown,0.0,No Information,,No Information,No
7568,7568,Untouched,,Unknown,0.0,No Information,,No Information,No
7569,7569,Untouched,,Unknown,0.0,No Information,,No Information,No
7570,7570,Untouched,,Unknown,0.0,No Information,,No Information,No
7571,7571,Untouched,,Unknown,0.0,No Information,,No Information,No
7572,7572,Untouched,,Unknown,0.0,No Information,,No Information,No
7573,7573,Untouched,,Unknown,0.0,No Information,,No Information,No
7574,7574,Untouched,,Unknown,0.0,No Information,,No Information,No
7575,7575,Untouched,,Unknown,0.0,No Information,,No Information,No
7576,7576,Untouched,,Unknown,0.0,No Information,,No Information,No
7577,7577,Untouched,,Unknown,0.0,No Information,,No Information,No
7578,7578,Untouched,,Unknown,0.0,No Information,,No Information,No
7579,7579,Untouched,,Unknown,0.0,No Information,,No Information,No
7580,7580,Untouched,,Unknown,0.0,No Information,,No Information,No
7581,7581,Untouched,,Unknown,0.0,No Information,,No Information,No
7582,7582,Untouched,,Unknown,0.0,No Information,,No Information,No
7583,7583,Untouched,,Unknown,0.0,No Information,,No Information,No
7584,7584,Untouched,,Unknown,0.0,No Information,,No Information,No
7585,7585,Untouched,,Unknown,0.0,No Information,,No Information,No
7586,7586,Untouched,,Unknown,0.0,No Information,,No Information,No
7587,7587,Untouched,,Unknown,0.0,No Information,,No Information,No
7588,7588,Untouched,,Unknown,0.0,No Information,,No Information,No
7589,7589,Untouched,,Unknown,0.0,No Information,,No Information,No
7590,7590,Untouched,,Unknown,0.0,No Information,,No Information,No
7591,7591,Untouched,,Unknown,0.0,No Information,,No Information,No
7592,7592,Untouched,,Unknown,0.0,No Information,,No Information,No
7593,7593,Untouched,,Unknown,0.0,No Information,,No Information,No
7594,7594,Untouched,,Unknown,0.0,No Information,,No Information,No
7595,7595,Untouched,,Unknown,0.0,No Information,,No Information,No
7596,7596,Untouched,,Unknown,0.0,No Information,,No Information,No
7597,7597,Untouched,,Unknown,0.0,No Information,,No Information,No
7598,7598,Untouched,,Unknown,0.0,No Information,,No Information,No
7599,7599,Untouched,,Unknown,0.0,No Information,,No Information,No
7600,7600,Untouched,,Unknown,0.0,No Information,,No Information,No
7601,7601,Untouched,,Unknown,0.0,No Information,,No Information,No
7602,7602,Untouched,,Unknown,0.0,No Information,,No Information,No
7603,7603,Untouched,,Unknown,0.0,No Information,,No Information,No
7604,7604,Untouched,,Unknown,0.0,No Information,,No Information,No
7605,7605,Untouched,,Unknown,0.0,No Information,,No Information,No
7606,7606,Untouched,,Unknown,0.0,No Information,,No Information,No
7607,7607,Untouched,,Unknown,0.0,No Information,,No Information,No
7608,7608,Untouched,,Unknown,0.0,No Information,,No Information,No
7609,7609,Call >72Hr,,Safa,13.0,No Information,,No Information,No
7610,7610,Untouched,,Unknown,0.0,No Information,,No Information,No
7611,7611,Untouched,,Unknown,0.0,No Information,,No Information,No
7612,7612,Untouched,,Unknown,0.0,No Information,,No Information,No
7613,7613,Untouched,,Unknown,0.0,No Information,,No Information,No
7614,7614,Call >72Hr,,Safa,24.0,No Information,,No Information,No
7615,7615,Untouched,,Unknown,0.0,No Information,,No Information,No
7616,7616,Untouched,,Unknown,0.0,No Information,,No Information,No
7617,7617,Untouched,,Unknown,0.0,No Information,,No Information,No
7618,7618,Untouched,,Unknown,0.0,No Information,,No Information,No
7619,7619,Untouched,,Unknown,0.0,No Information,,No Information,No
7620,7620,Untouched,,Unknown,0.0,No Information,,No Information,No
7621,7621,Untouched,,Unknown,0.0,No Information,,No Information,No
7622,7622,Untouched,,Unknown,0.0,No Information,,No Information,No
7623,7623,Untouched,,Unknown,0.0,No Information,,No Information,No
7624,7624,Untouched,,Unknown,0.0,No Information,,No Information,No
7625,7625,Untouched,,Unknown,0.0,No Information,,No Information,No
7626,7626,Untouched,,Unknown,0.0,No Information,,No Information,No
7627,7627,Untouched,,Unknown,0.0,No Information,,No Information,No
7628,7628,Untouched,,Unknown,0.0,No Information,,No Information,No
7629,7629,Untouched,,Unknown,0.0,No Information,,No Information,No
7630,7630,Untouched,,Unknown,0.0,No Information,,No Information,No
7631,7631,Untouched,,Unknown,0.0,No Information,,No Information,No
7632,7632,Untouched,,Unknown,0.0,No Information,,No Information,No
7633,7633,Untouched,,Unknown,0.0,No Information,,No Information,No
7634,7634,Untouched,,Unknown,0.0,No Information,,No Information,No
7635,7635,Untouched,,Unknown,0.0,No Information,,No Information,No
7636,7636,Untouched,,Unknown,0.0,No Information,,No Information,No
7637,7637,Untouched,,Unknown,0.0,No Information,,No Information,No
7638,7638,Untouched,,Unknown,0.0,No Information,,No Information,No
7639,7639,Untouched,,Unknown,0.0,No Information,,No Information,No
7640,7640,Untouched,,Unknown,0.0,No Information,,No Information,No
7641,7641,Untouched,,Unknown,0.0,No Information,,No Information,No
7642,7642,Untouched,,Unknown,0.0,No Information,,No Information,No
7643,7643,Untouched,,Unknown,0.0,No Information,,No Information,No
7644,7644,Untouched,,Unknown,0.0,No Information,,No Information,No
7645,7645,Untouched,,Unknown,0.0,No Information,,No Information,No
7646,7646,Untouched,,Unknown,0.0,No Information,,No Information,No
7647,7647,Untouched,,Unknown,0.0,No Information,,No Information,No
7648,7648,Untouched,,Unknown,0.0,No Information,,No Information,No
7649,7649,Untouched,,Unknown,0.0,No Information,,No Information,No
7650,7650,Untouched,,Unknown,0.0,No Information,,No Information,No
7651,7651,Untouched,,Unknown,0.0,No Information,,No Information,No
7652,7652,Untouched,,Unknown,0.0,No Information,,No Information,No
7653,7653,Untouched,,Unknown,0.0,No Information,,No Information,No
7654,7654,Untouched,,Unknown,0.0,No Information,,No Information,No
7655,7655,Untouched,,Unknown,0.0,No Information,,No Information,No
7656,7656,Untouched,,Unknown,0.0,No Information,,No Information,No
7657,7657,Untouched,,Unknown,0.0,No Information,,No Information,No
7658,7658,Untouched,,Unknown,0.0,No Information,,No Information,No
7659,7659,Untouched,,Unknown,0.0,No Information,,No Information,No
7660,7660,Untouched,,Unknown,0.0,No Information,,No Information,No
7661,7661,Untouched,,Unknown,0.0,No Information,,No Information,No
7662,7662,Untouched,,Unknown,0.0,No Information,,No Information,No
7663,7663,Untouched,,Unknown,0.0,No Information,,No Information,No
7664,7664,Untouched,,Unknown,0.0,No Information,,No Information,No
7665,7665,Untouched,,Unknown,0.0,No Information,,No Information,No
7666,7666,Untouched,,Unknown,0.0,No Information,,No Information,No
7667,7667,Untouched,,Unknown,0.0,No Information,,No Information,No
7668,7668,Untouched,,Unknown,0.0,No Information,,No Information,No
7669,7669,Untouched,,Unknown,0.0,No Information,,No Information,No
7670,7670,Untouched,,Unknown,0.0,No Information,,No Information,No
7671,7671,Untouched,,Unknown,0.0,No Information,,No Information,No
7672,7672,Untouched,,Unknown,0.0,No Information,,No Information,No
7673,7673,Untouched,,Unknown,0.0,No Information,,No Information,No
7674,7674,Untouched,,Unknown,0.0,No Information,,No Information,No
7675,7675,Untouched,,Unknown,0.0,No Information,,No Information,No
7676,7676,Untouched,,Unknown,0.0,No Information,,No Information,No
7677,7677,Untouched,,Unknown,0.0,No Information,,No Information,No
7678,7678,Untouched,,Unknown,0.0,No Information,,No Information,No
7679,7679,Untouched,,Unknown,0.0,No Information,,No Information,No
7680,7680,Untouched,,Unknown,0.0,No Information,,No Information,No
7681,7681,Untouched,,Unknown,0.0,No Information,,No Information,No
7682,7682,Untouched,,Unknown,0.0,No Information,,No Information,No
7683,7683,Untouched,,Unknown,0.0,No Information,,No Information,No
7684,7684,Untouched,,Unknown,0.0,No Information,,No Information,No
7685,7685,Untouched,,Unknown,0.0,No Information,,No Information,No
7686,7686,Untouched,,Unknown,0.0,No Information,,No Information,No
7687,7687,Untouched,,Unknown,0.0,No Information,,No Information,No
7688,7688,Untouched,,Unknown,0.0,No Information,,No Information,No
7689,7689,Untouched,,Unknown,0.0,No Information,,No Information,No
7690,7690,Untouched,,Unknown,0.0,No Information,,No Information,No
7691,7691,Untouched,,Unknown,0.0,No Information,,No Information,No
7692,7692,Untouched,,Unknown,0.0,No Information,,No Information,No
7693,7693,Untouched,,Unknown,0.0,No Information,,No Information,No
7694,7694,Untouched,,Unknown,0.0,No Information,,No Information,No
7695,7695,Untouched,,Unknown,0.0,No Information,,No Information,No
7696,7696,Untouched,,Unknown,0.0,No Information,,No Information,No
7697,7697,Untouched,,Unknown,0.0,No Information,,No Information,No
7698,7698,Untouched,,Unknown,0.0,No Information,,No Information,No
7699,7699,Untouched,,Unknown,0.0,No Information,,No Information,No
7700,7700,Untouched,,Unknown,0.0,No Information,,No Information,No
7701,7701,Untouched,,Unknown,0.0,No Information,,No Information,No
7702,7702,Untouched,,Unknown,0.0,No Information,,No Information,No
7703,7703,Untouched,,Unknown,0.0,No Information,,No Information,No
7704,7704,Untouched,,Unknown,0.0,No Information,,No Information,No
7705,7705,Untouched,,Unknown,0.0,No Information,,No Information,No
7706,7706,Untouched,,Unknown,0.0,No Information,,No Information,No
7707,7707,Untouched,,Unknown,0.0,No Information,,No Information,No
7708,7708,Untouched,,Unknown,0.0,No Information,,No Information,No
7709,7709,Untouched,,Unknown,0.0,No Information,,No Information,No
7710,7710,Untouched,,Unknown,0.0,No Information,,No Information,No
7711,7711,Untouched,,Unknown,0.0,No Information,,No Information,No
7712,7712,Untouched,,Unknown,0.0,No Information,,No Information,No
7713,7713,Untouched,,Unknown,0.0,No Information,,No Information,No
7714,7714,Untouched,,Unknown,0.0,No Information,,No Information,No
7715,7715,Untouched,,Unknown,0.0,No Information,,No Information,No
7716,7716,Untouched,,Unknown,0.0,No Information,,No Information,No
7717,7717,Untouched,,Unknown,0.0,No Information,,No Information,No
7718,7718,Untouched,,Unknown,0.0,No Information,,No Information,No
7719,7719,Untouched,,Unknown,0.0,No Information,,No Information,No
7720,7720,Untouched,,Unknown,0.0,No Information,,No Information,No
7721,7721,Untouched,,Unknown,0.0,No Information,,No Information,No
7722,7722,Untouched,,Unknown,0.0,No Information,,No Information,No
7723,7723,Untouched,,Unknown,0.0,No Information,,No Information,No
7724,7724,Untouched,,Unknown,0.0,No Information,,No Information,No
7725,7725,Untouched,,Unknown,0.0,No Information,,No Information,No
7726,7726,Untouched,,Unknown,0.0,No Information,,No Information,No
7727,7727,Untouched,,Unknown,0.0,No Information,,No Information,No
7728,7728,Untouched,,Unknown,0.0,No Information,,No Information,No
7729,7729,Untouched,,Unknown,0.0,No Information,,No Information,No
7730,7730,Untouched,,Unknown,0.0,No Information,,No Information,No
7731,7731,Untouched,,Unknown,0.0,No Information,,No Information,No
7732,7732,Untouched,,Unknown,0.0,No Information,,No Information,No
7733,7733,Untouched,,Unknown,0.0,No Information,,No Information,No
7734,7734,Untouched,,Unknown,0.0,No Information,,No Information,No
7735,7735,Untouched,,Unknown,0.0,No Information,,No Information,No
7736,7736,Untouched,,Unknown,0.0,No Information,,No Information,No
7737,7737,Untouched,,Unknown,0.0,No Information,,No Information,No
7738,7738,Untouched,,Unknown,0.0,No Information,,No Information,No
7739,7739,Untouched,,Unknown,0.0,No Information,,No Information,No
7740,7740,Untouched,,Unknown,0.0,No Information,,No Information,No
7741,7741,Untouched,,Unknown,0.0,No Information,,No Information,No
7742,7742,Untouched,,Unknown,0.0,No Information,,No Information,No
7743,7743,Untouched,,Unknown,0.0,No Information,,No Information,No
7744,7744,Untouched,,Unknown,0.0,No Information,,No Information,No
7745,7745,Untouched,,Unknown,0.0,No Information,,No Information,No
7746,7746,Untouched,,Unknown,0.0,No Information,,No Information,No
7747,7747,Untouched,,Unknown,0.0,No Information,,No Information,No
7748,7748,Untouched,,Unknown,0.0,No Information,,No Information,No
7749,7749,Untouched,,Unknown,0.0,No Information,,No Information,No
7750,7750,Untouched,,Unknown,0.0,No Information,,No Information,No
7751,7751,Untouched,,Unknown,0.0,No Information,,No Information,No
7752,7752,Untouched,,Unknown,0.0,No Information,,No Information,No
7753,7753,Untouched,,Unknown,0.0,No Information,,No Information,No
7754,7754,Untouched,,Unknown,0.0,No Information,,No Information,No
7755,7755,Untouched,,Unknown,0.0,No Information,,No Information,No
7756,7756,Untouched,,Unknown,0.0,No Information,,No Information,No
7757,7757,Untouched,,Unknown,0.0,No Information,,No Information,No
7758,7758,Untouched,,Unknown,0.0,No Information,,No Information,No
7759,7759,Untouched,,Unknown,0.0,No Information,,No Information,No
7760,7760,Untouched,,Unknown,0.0,No Information,,No Information,No
7761,7761,Untouched,,Unknown,0.0,No Information,,No Information,No
7762,7762,Untouched,,Unknown,0.0,No Information,,No Information,No
7763,7763,Untouched,,Unknown,0.0,No Information,,No Information,No
7764,7764,Untouched,,Unknown,0.0,No Information,,No Information,No
7765,7765,Untouched,,Unknown,0.0,No Information,,No Information,No
7766,7766,Untouched,,Unknown,0.0,No Information,,No Information,No
7767,7767,Untouched,,Unknown,0.0,No Information,,No Information,No
7768,7768,Untouched,,Unknown,0.0,No Information,,No Information,No
7769,7769,Untouched,,Unknown,0.0,No Information,,No Information,No
7770,7770,Untouched,,Unknown,0.0,No Information,,No Information,No
7771,7771,Untouched,,Unknown,0.0,No Information,,No Information,No
7772,7772,Untouched,,Unknown,0.0,No Information,,No Information,No
7773,7773,Untouched,,Unknown,0.0,No Information,,No Information,No
7774,7774,Untouched,,Unknown,0.0,No Information,,No Information,No
7775,7775,Untouched,,Unknown,0.0,No Information,,No Information,No
7776,7776,Untouched,,Unknown,0.0,No Information,,No Information,No
7777,7777,Untouched,,Unknown,0.0,No Information,,No Information,No
7778,7778,Untouched,,Unknown,0.0,No Information,,No Information,No
7779,7779,Untouched,,Unknown,0.0,No Information,,No Information,No
7780,7780,Untouched,,Unknown,0.0,No Information,,No Information,No
7781,7781,Untouched,,Unknown,0.0,No Information,,No Information,No
7782,7782,Untouched,,Unknown,0.0,No Information,,No Information,No
7783,7783,Untouched,,Unknown,0.0,No Information,,No Information,No
7784,7784,Untouched,,Unknown,0.0,No Information,,No Information,No
7785,7785,Untouched,,Unknown,0.0,No Information,,No Information,No
7786,7786,Untouched,,Unknown,0.0,No Information,,No Information,No
7787,7787,Untouched,,Unknown,0.0,No Information,,No Information,No
7788,7788,Untouched,,Unknown,0.0,No Information,,No Information,No
7789,7789,Untouched,,Unknown,0.0,No Information,,No Information,No
7790,7790,Untouched,,Unknown,0.0,No Information,,No Information,No
7791,7791,Untouched,,Unknown,0.0,No Information,,No Information,No
7792,7792,Untouched,,Unknown,0.0,No Information,,No Information,No
7793,7793,Untouched,,Unknown,0.0,No Information,,No Information,No
7794,7794,Untouched,,Unknown,0.0,No Information,,No Information,No
7795,7795,Untouched,,Unknown,0.0,No Information,,No Information,No
7796,7796,Untouched,,Unknown,0.0,No Information,,No Information,No
7797,7797,Untouched,,Unknown,0.0,No Information,,No Information,No
7798,7798,Untouched,,Unknown,0.0,No Information,,No Information,No
7799,7799,Untouched,,Unknown,0.0,No Information,,No Information,No
7800,7800,Untouched,,Unknown,0.0,No Information,,No Information,No
7801,7801,Untouched,,Unknown,0.0,No Information,,No Information,No
7802,7802,Untouched,,Unknown,0.0,No Information,,No Information,No
7803,7803,Untouched,,Unknown,0.0,No Information,,No Information,No
7804,7804,Untouched,,Unknown,0.0,No Information,,No Information,No
7805,7805,Untouched,,Unknown,0.0,No Information,,No Information,No
7806,7806,Untouched,,Unknown,0.0,No Information,,No Information,No
7807,7807,Untouched,,Unknown,0.0,No Information,,No Information,No
7808,7808,Untouched,,Unknown,0.0,No Information,,No Information,No
7809,7809,Untouched,,Unknown,0.0,No Information,,No Information,No
7810,7810,Untouched,,Unknown,0.0,No Information,,No Information,No
7811,7811,Untouched,,Unknown,0.0,No Information,,No Information,No
7812,7812,Untouched,,Unknown,0.0,No Information,,No Information,No
7813,7813,Untouched,,Unknown,0.0,No Information,,No Information,No
7814,7814,Untouched,,Unknown,0.0,No Information,,No Information,No
7815,7815,Untouched,,Unknown,0.0,No Information,,No Information,No
7816,7816,Untouched,,Unknown,0.0,No Information,,No Information,No
7817,7817,Untouched,,Unknown,0.0,No Information,,No Information,No
7818,7818,Untouched,,Unknown,0.0,No Information,,No Information,No
7819,7819,Untouched,,Unknown,0.0,No Information,,No Information,No
7820,7820,Untouched,,Unknown,0.0,No Information,,No Information,No
7821,7821,Untouched,,Unknown,0.0,No Information,,No Information,No
7822,7822,Untouched,,Unknown,0.0,No Information,,No Information,No
7823,7823,Untouched,,Unknown,0.0,No Information,,No Information,No
7824,7824,Untouched,,Unknown,0.0,No Information,,No Information,No
7825,7825,Untouched,,Unknown,0.0,No Information,,No Information,No
7826,7826,Untouched,,Unknown,0.0,No Information,,No Information,No
7827,7827,Untouched,,Unknown,0.0,No Information,,No Information,No
7828,7828,Untouched,,Unknown,0.0,No Information,,No Information,No
7829,7829,Untouched,,Unknown,0.0,No Information,,No Information,No
7830,7830,Untouched,,Unknown,0.0,No Information,,No Information,No
7831,7831,Untouched,,Unknown,0.0,No Information,,No Information,No
7832,7832,Untouched,,Unknown,0.0,No Information,,No Information,No
7833,7833,Untouched,,Unknown,0.0,No Information,,No Information,No
7834,7834,Untouched,,Unknown,0.0,No Information,,No Information,No
7835,7835,Untouched,,Unknown,0.0,No Information,,No Information,No
7836,7836,Untouched,,Unknown,0.0,No Information,,No Information,No
7837,7837,Untouched,,Unknown,0.0,No Information,,No Information,No
7838,7838,Untouched,,Unknown,0.0,No Information,,No Information,No
7839,7839,Untouched,,Unknown,0.0,No Information,,No Information,No
7840,7840,Untouched,,Unknown,0.0,No Information,,No Information,No
7841,7841,Untouched,,Unknown,0.0,No Information,,No Information,No
7842,7842,Untouched,,Unknown,0.0,No Information,,No Information,No
7843,7843,Untouched,,Unknown,0.0,No Information,,No Information,No
7844,7844,Untouched,,Unknown,0.0,No Information,,No Information,No
7845,7845,Untouched,,Unknown,0.0,No Information,,No Information,No
7846,7846,Untouched,,Unknown,0.0,No Information,,No Information,No
7847,7847,Untouched,,Unknown,0.0,No Information,,No Information,No
7848,7848,Untouched,,Unknown,0.0,No Information,,No Information,No
7849,7849,Untouched,,Unknown,0.0,No Information,,No Information,No
7850,7850,Untouched,,Unknown,0.0,No Information,,No Information,No
7851,7851,Untouched,,Unknown,0.0,No Information,,No Information,No
7852,7852,Untouched,,Unknown,0.0,No Information,,No Information,No
7853,7853,Untouched,,Unknown,0.0,No Information,,No Information,No
7854,7854,Untouched,,Unknown,0.0,No Information,,No Information,No
7855,7855,Untouched,,Unknown,0.0,No Information,,No Information,No
7856,7856,Untouched,,Unknown,0.0,No Information,,No Information,No
7857,7857,Untouched,,Unknown,0.0,No Information,,No Information,No
7858,7858,Untouched,,Unknown,0.0,No Information,,No Information,No
7859,7859,Untouched,,Unknown,0.0,No Information,,No Information,No
7860,7860,Untouched,,Unknown,0.0,No Information,,No Information,No
7861,7861,Untouched,,Unknown,0.0,No Information,,No Information,No
7862,7862,Untouched,,Unknown,0.0,No Information,,No Information,No
7863,7863,Untouched,,Unknown,0.0,No Information,,No Information,No
7864,7864,Untouched,,Unknown,0.0,No Information,,No Information,No
7865,7865,Untouched,,Unknown,0.0,No Information,,No Information,No
7866,7866,Untouched,,Unknown,0.0,No Information,,No Information,No
7867,7867,Untouched,,Unknown,0.0,No Information,,No Information,No
7868,7868,Untouched,,Unknown,0.0,No Information,,No Information,No
7869,7869,Untouched,,Unknown,0.0,No Information,,No Information,No
7870,7870,Untouched,,Unknown,0.0,No Information,,No Information,No
7871,7871,Untouched,,Unknown,0.0,No Information,,No Information,No
7872,7872,Untouched,,Unknown,0.0,No Information,,No Information,No
7873,7873,Untouched,,Unknown,0.0,No Information,,No Information,No
7874,7874,Untouched,,Unknown,0.0,No Information,,No Information,No
7875,7875,Untouched,,Unknown,0.0,No Information,,No Information,No
7876,7876,Untouched,,Unknown,0.0,No Information,,No Information,No
7877,7877,Untouched,,Unknown,0.0,No Information,,No Information,No
7878,7878,Untouched,,Unknown,0.0,No Information,,No Information,No
7879,7879,Untouched,,Unknown,0.0,No Information,,No Information,No
7880,7880,Untouched,,Unknown,0.0,No Information,,No Information,No
7881,7881,Untouched,,Unknown,0.0,No Information,,No Information,No
7882,7882,Untouched,,Unknown,0.0,No Information,,No Information,No
7883,7883,Untouched,,Unknown,0.0,No Information,,No Information,No
7884,7884,Untouched,,Unknown,0.0,No Information,,No Information,No
7885,7885,Untouched,,Unknown,0.0,No Information,,No Information,No
7886,7886,Untouched,,Unknown,0.0,No Information,,No Information,No
7887,7887,Untouched,,Unknown,0.0,No Information,,No Information,No
7888,7888,Untouched,,Unknown,0.0,No Information,,No Information,No
7889,7889,Untouched,,Unknown,0.0,No Information,,No Information,No
7890,7890,Untouched,,Unknown,0.0,No Information,,No Information,No
7891,7891,Untouched,,Unknown,0.0,No Information,,No Information,No
7892,7892,Untouched,,Unknown,0.0,No Information,,No Information,No
7893,7893,Untouched,,Unknown,0.0,No Information,,No Information,No
7894,7894,Untouched,,Unknown,0.0,No Information,,No Information,No
7895,7895,Untouched,,Unknown,0.0,No Information,,No Information,No
7896,7896,Untouched,,Unknown,0.0,No Information,,No Information,No
7897,7897,Untouched,,Unknown,0.0,No Information,,No Information,No
7898,7898,Untouched,,Unknown,0.0,No Information,,No Information,No
7899,7899,Untouched,,Unknown,0.0,No Information,,No Information,No
7900,7900,Untouched,,Unknown,0.0,No Information,,No Information,No
7901,7901,Untouched,,Unknown,0.0,No Information,,No Information,No
7902,7902,Untouched,,Unknown,0.0,No Information,,No Information,No
7903,7903,Untouched,,Unknown,0.0,No Information,,No Information,No
7904,7904,Untouched,,Unknown,0.0,No Information,,No Information,No
7905,7905,Untouched,,Unknown,0.0,No Information,,No Information,No
7906,7906,Untouched,,Unknown,0.0,No Information,,No Information,No
7907,7907,Untouched,,Unknown,0.0,No Information,,No Information,No
7908,7908,Untouched,,Unknown,0.0,No Information,,No Information,No
7909,7909,Untouched,,Unknown,0.0,No Information,,No Information,No
7910,7910,Untouched,,Unknown,0.0,No Information,,No Information,No
7911,7911,Untouched,,Unknown,0.0,No Information,,No Information,No
7912,7912,Untouched,,Unknown,0.0,No Information,,No Information,No
7913,7913,Untouched,,Unknown,0.0,No Information,,No Information,No
7914,7914,Untouched,,Unknown,0.0,No Information,,No Information,No
7915,7915,Untouched,,Unknown,0.0,No Information,,No Information,No
7916,7916,Untouched,,Unknown,0.0,No Information,,No Information,No
7917,7917,Untouched,,Unknown,0.0,No Information,,No Information,No
7918,7918,Untouched,,Unknown,0.0,No Information,,No Information,No
7919,7919,Untouched,,Unknown,0.0,No Information,,No Information,No
7920,7920,Untouched,,Unknown,0.0,No Information,,No Information,No
7921,7921,Untouched,,Unknown,0.0,No Information,,No Information,No
7922,7922,Untouched,,Unknown,0.0,No Information,,No Information,No
7923,7923,Untouched,,Unknown,0.0,No Information,,No Information,No
7924,7924,Untouched,,Unknown,0.0,No Information,,No Information,No
7925,7925,Untouched,,Unknown,0.0,No Information,,No Information,No
7926,7926,Untouched,,Unknown,0.0,No Information,,No Information,No
7927,7927,Untouched,,Unknown,0.0,No Information,,No Information,No
7928,7928,Untouched,,Unknown,0.0,No Information,,No Information,No
7929,7929,Untouched,,Unknown,0.0,No Information,,No Information,No
7930,7930,Untouched,,Unknown,0.0,No Information,,No Information,No
7931,7931,Untouched,,Unknown,0.0,No Information,,No Information,No
7932,7932,Untouched,,Unknown,0.0,No Information,,No Information,No
7933,7933,Untouched,,Unknown,0.0,No Information,,No Information,No
7934,7934,Untouched,,Unknown,0.0,No Information,,No Information,No
7935,7935,Untouched,,Unknown,0.0,No Information,,No Information,No
7936,7936,Untouched,,Unknown,0.0,No Information,,No Information,No
7937,7937,Untouched,,Unknown,0.0,No Information,,No Information,No
7938,7938,Untouched,,Unknown,0.0,No Information,,No Information,No
7939,7939,Untouched,,Unknown,0.0,No Information,,No Information,No
7940,7940,Untouched,,Unknown,0.0,No Information,,No Information,No
7941,7941,Untouched,,Unknown,0.0,No Information,,No Information,No
7942,7942,Untouched,,Unknown,0.0,No Information,,No Information,No
7943,7943,Untouched,,Unknown,0.0,No Information,,No Information,No
7944,7944,Untouched,,Unknown,0.0,No Information,,No Information,No
7945,7945,Untouched,,Unknown,0.0,No Information,,No Information,No
7946,7946,Untouched,,Unknown,0.0,No Information,,No Information,No
7947,7947,Untouched,,Unknown,0.0,No Information,,No Information,No
7948,7948,Untouched,,Unknown,0.0,No Information,,No Information,No
7949,7949,Untouched,,Unknown,0.0,No Information,,No Information,No
7950,7950,Untouched,,Unknown,0.0,No Information,,No Information,No
7951,7951,Untouched,,Unknown,0.0,No Information,,No Information,No
7952,7952,Untouched,,Unknown,0.0,No Information,,No Information,No
7953,7953,Untouched,,Unknown,0.0,No Information,,No Information,No
7954,7954,Untouched,,Unknown,0.0,No Information,,No Information,No
7955,7955,Untouched,,Unknown,0.0,No Information,,No Information,No
7956,7956,Untouched,,Unknown,0.0,No Information,,No Information,No
7957,7957,Untouched,,Unknown,0.0,No Information,,No Information,No
7958,7958,Untouched,,Unknown,0.0,No Information,,No Information,No
7959,7959,Untouched,,Unknown,0.0,No Information,,No Information,No
7960,7960,Untouched,,Unknown,0.0,No Information,,No Information,No
7961,7961,Untouched,,Unknown,0.0,No Information,,No Information,No
7962,7962,Untouched,,Unknown,0.0,No Information,,No Information,No
7963,7963,Untouched,,Unknown,0.0,No Information,,No Information,No
7964,7964,Untouched,,Unknown,0.0,No Information,,No Information,No
7965,7965,Untouched,,Unknown,0.0,No Information,,No Information,No
7966,7966,Untouched,,Unknown,0.0,No Information,,No Information,No
7967,7967,Untouched,,Unknown,0.0,No Information,,No Information,No
7968,7968,Call >72Hr,2026-04-09,Rincy,0.0,No Information,2026-07-09,fathima ansha s frnd to manjeri all set nalla oru authority call chythal payment vangam..........14n rnp///15n rnp///18n rnp///18n rnp//..19n rnp///24n rnp//28n rnp///4n rnp,No
7969,7969,Untouched,,Unknown,0.0,No Information,,No Information,No
7970,7970,Untouched,,Unknown,0.0,No Information,,No Information,No
7971,7971,Untouched,,Unknown,0.0,No Information,,No Information,No
7972,7972,Untouched,,Unknown,0.0,No Information,,No Information,No
7973,7973,Untouched,,Unknown,0.0,No Information,,No Information,No
7974,7974,Untouched,,Unknown,0.0,No Information,,No Information,No
7975,7975,Untouched,,Unknown,0.0,No Information,,No Information,No
7976,7976,Untouched,,Unknown,0.0,No Information,,No Information,No
7977,7977,Untouched,,Unknown,0.0,No Information,,No Information,No
7978,7978,Call >72Hr,,Najiya,0.0,No Information,2026-03-09,cloud computing enquiry,No
7979,7979,Untouched,,Unknown,0.0,No Information,,No Information,No
7980,7980,Untouched,,Unknown,0.0,No Information,,No Information,No
7981,7981,Untouched,,Unknown,0.0,No Information,,No Information,No
7982,7982,Untouched,,Unknown,0.0,No Information,,No Information,No
7983,7983,Call >24Hr,2026-11-06,Muhammed,73.0,No Information,,No Information,No
7984,7984,Call >24Hr,2026-11-06,Muhammed,76.0,No Information,,No Information,No
7985,7985,Call >24Hr,2026-11-06,Muhammed,117.0,No Information,,No Information,No
7986,7986,Untouched,,Unknown,0.0,No Information,,No Information,No
7987,7987,Untouched,,Unknown,0.0,No Information,,No Information,No
7988,7988,Untouched,,Unknown,0.0,No Information,,No Information,No
7989,7989,Untouched,,Unknown,0.0,No Information,,No Information,No
7990,7990,Call >72Hr,,Sanju,838.0,No Information,,No Information,No
7991,7991,Untouched,,Unknown,0.0,No Information,,No Information,No
7992,7992,Untouched,,Unknown,0.0,No Information,,No Information,No
7993,7993,Call >24Hr,2026-11-06,Muhammed,0.0,No Information,,No Information,No
7994,7994,Untouched,,Unknown,0.0,No Information,,No Information,No
7995,7995,Untouched,,Unknown,0.0,No Information,,No Information,No
7996,7996,Untouched,,Unknown,0.0,No Information,,No Information,No
7997,7997,Untouched,,Unknown,0.0,No Information,,No Information,No
7998,7998,Untouched,,Unknown,0.0,No Information,,No Information,No
7999,7999,Untouched,,Unknown,0.0,No Information,,No Information,No
8000,8000,Untouched,,Unknown,0.0,No Information,,No Information,No
8001,8001,Untouched,,Unknown,0.0,No Information,,No Information,No
8002,8002,Untouched,,Unknown,0.0,No Information,,No Information,No
8003,8003,Untouched,,Unknown,0.0,No Information,,No Information,No
8004,8004,Untouched,,Unknown,0.0,No Information,,No Information,No
8005,8005,Untouched,,Unknown,0.0,No Information,,No Information,No
8006,8006,Untouched,,Unknown,0.0,No Information,,No Information,No
8007,8007,Untouched,,Unknown,0.0,No Information,,No Information,No
8008,8008,Untouched,,Unknown,0.0,No Information,,No Information,No
8009,8009,Untouched,,Unknown,0.0,No Information,,No Information,No
8010,8010,Untouched,,Unknown,0.0,No Information,,No Information,No
8011,8011,Untouched,,Unknown,0.0,No Information,,No Information,No
8012,8012,Untouched,,Unknown,0.0,No Information,,No Information,No
8013,8013,Untouched,,Unknown,0.0,No Information,,No Information,No
8014,8014,Untouched,,Unknown,0.0,No Information,,No Information,No
8015,8015,Untouched,,Unknown,0.0,No Information,,No Information,No
8016,8016,Untouched,,Unknown,0.0,No Information,,No Information,No
8017,8017,Untouched,,Unknown,0.0,No Information,,No Information,No
8018,8018,Untouched,,Unknown,0.0,No Information,,No Information,No
8019,8019,Untouched,,Unknown,0.0,No Information,,No Information,No
8020,8020,Untouched,,Unknown,0.0,No Information,,No Information,No
8021,8021,Untouched,,Unknown,0.0,No Information,,No Information,No
8022,8022,Untouched,,Unknown,0.0,No Information,,No Information,No
8023,8023,Untouched,,Unknown,0.0,No Information,,No Information,No
8024,8024,Untouched,,Unknown,0.0,No Information,,No Information,No
8025,8025,Untouched,,Unknown,0.0,No Information,,No Information,No
8026,8026,Untouched,,Unknown,0.0,No Information,,No Information,No
8027,8027,Untouched,,Unknown,0.0,No Information,,No Information,No
8028,8028,Untouched,,Unknown,0.0,No Information,,No Information,No
8029,8029,Untouched,,Unknown,0.0,No Information,,No Information,No
8030,8030,Untouched,,Unknown,0.0,No Information,,No Information,No
8031,8031,Untouched,,Unknown,0.0,No Information,,No Information,No
8032,8032,Untouched,,Unknown,0.0,No Information,,No Information,No
8033,8033,Untouched,,Unknown,0.0,No Information,,No Information,No
8034,8034,Untouched,,Unknown,0.0,No Information,,No Information,No
8035,8035,Untouched,,Unknown,0.0,No Information,,No Information,No
8036,8036,Untouched,,Unknown,0.0,No Information,,No Information,No
8037,8037,Untouched,,Unknown,0.0,No Information,,No Information,No
8038,8038,Untouched,,Unknown,0.0,No Information,,No Information,No
8039,8039,Untouched,,Unknown,0.0,No Information,,No Information,No
8040,8040,Untouched,,Unknown,0.0,No Information,,No Information,No
8041,8041,Untouched,,Unknown,0.0,No Information,,No Information,No
8042,8042,Untouched,,Unknown,0.0,No Information,,No Information,No
8043,8043,Untouched,,Unknown,0.0,No Information,,No Information,No
8044,8044,Untouched,,Unknown,0.0,No Information,,No Information,No
8045,8045,Untouched,,Unknown,0.0,No Information,,No Information,No
8046,8046,Untouched,,Unknown,0.0,No Information,,No Information,No
8047,8047,Untouched,,Unknown,0.0,No Information,,No Information,No
8048,8048,Untouched,,Unknown,0.0,No Information,,No Information,No
8049,8049,Untouched,,Unknown,0.0,No Information,,No Information,No
8050,8050,Untouched,,Unknown,0.0,No Information,,No Information,No
8051,8051,Untouched,,Unknown,0.0,No Information,,No Information,No
8052,8052,Untouched,,Unknown,0.0,No Information,,No Information,No
8053,8053,Untouched,,Unknown,0.0,No Information,,No Information,No
8054,8054,Untouched,,Unknown,0.0,No Information,,No Information,No
8055,8055,Untouched,,Unknown,0.0,No Information,,No Information,No
8056,8056,Untouched,,Unknown,0.0,No Information,,No Information,No
8057,8057,Untouched,,Unknown,0.0,No Information,,No Information,No
8058,8058,Untouched,,Unknown,0.0,No Information,,No Information,No
8059,8059,Untouched,,Unknown,0.0,No Information,,No Information,No
8060,8060,Untouched,,Unknown,0.0,No Information,,No Information,No
8061,8061,Untouched,,Unknown,0.0,No Information,,No Information,No
8062,8062,Untouched,,Unknown,0.0,No Information,,No Information,No
8063,8063,Untouched,,Unknown,0.0,No Information,,No Information,No
8064,8064,Untouched,,Unknown,0.0,No Information,,No Information,No
8065,8065,Call >72Hr,,Rincy,72.0,No Information,,mankaavv//bsc computr scince kyinjthaa/ok aannn,No
8066,8066,Untouched,,Unknown,0.0,No Information,,No Information,No
8067,8067,Untouched,,Unknown,0.0,No Information,,No Information,No
8068,8068,Untouched,,Unknown,0.0,No Information,,No Information,No
8069,8069,Untouched,,Unknown,0.0,No Information,,No Information,No
8070,8070,Untouched,,Unknown,0.0,No Information,,No Information,No
8071,8071,Untouched,,Unknown,0.0,No Information,,No Information,No
8072,8072,Untouched,,Unknown,0.0,No Information,,No Information,No
8073,8073,Untouched,,Unknown,0.0,No Information,,No Information,No
8074,8074,Untouched,,Unknown,0.0,No Information,,No Information,No
8075,8075,Untouched,,Unknown,0.0,No Information,,No Information,No
8076,8076,Untouched,,Unknown,0.0,No Information,,No Information,No
8077,8077,Untouched,,Unknown,0.0,No Information,,No Information,No
8078,8078,Untouched,,Unknown,0.0,No Information,,No Information,No
8079,8079,Call >24Hr,2026-11-06,Safa,0.0,No Information,,No Information,No
8080,8080,Untouched,,Unknown,0.0,No Information,,No Information,No
8081,8081,Untouched,,Unknown,0.0,No Information,,No Information,No
8082,8082,Untouched,,Unknown,0.0,No Information,,No Information,No
8083,8083,Untouched,,Unknown,0.0,No Information,,No Information,No
8084,8084,Call >24Hr,2026-11-06,Safa,89.0,No Information,,No Information,No
8085,8085,Call >24Hr,2026-12-06,Safa,27.0,No Information,,No Information,No
8086,8086,Call >24Hr,2026-11-06,Safa,91.0,No Information,,No Information,No
8087,8087,Call >24Hr,2026-11-06,Safa,47.0,No Information,,No Information,No
8088,8088,Call >24Hr,2026-11-06,Safa,0.0,No Information,,No Information,No
8089,8089,Call >24Hr,2026-12-06,Safa,0.0,No Information,,No Information,No
8090,8090,Call >24Hr,2026-11-06,Safa,257.0,No Information,,No Information,No
8091,8091,Call >24Hr,2026-11-06,Safa,27.0,No Information,,No Information,No
8092,8092,Call >24Hr,,Safa,0.0,No Information,,No Information,No
8093,8093,Call >24Hr,2026-11-06,Safa,28.0,No Information,,No Information,No
8094,8094,Call >24Hr,2026-12-06,Safa,41.0,No Information,,No Information,No
8095,8095,Call >24Hr,2026-12-06,Safa,0.0,No Information,,No Information,No
8096,8096,Untouched,,nafi,0.0,No Information,,"all bca kayinj nikkan, alkk business analiytics ann nokkunne , chaliyan farooq an place , alkk bussiness feild ann ishtam so ath kond ann busness analytics sujest cheythee. //rnp//busy now // rnp// rnp",No
8097,8097,Call >72Hr,2026-09-07,Rincy,0.0,No Information,2026-10-07,rnp//9n rnp//msged not intrested,No
8098,8098,Call <24Hr,,Rincy,43.0,No Information,,dgree bca first year......malappuram //refer cheydhal paysa kitto choych.....manjeri povan nale 15n //17n hubil poyittund///vtl samsarikanam ivank alla frndinan///18n frndinekond join cheyyaaam///23 n rnp///26n arsahd uppa vernd adhond nikan paranj....call aaki arshadhinte payment avana cheyyne frnd join cheydh,No
8099,8099,Call < 5 mins,,Sumayya,118.0,No Information,,"+2 kayinju,,wahid nte cousin aannn",No
8100,8100,Call >48Hr,,Najiya,2.0,No Information,,"Interested  with frnd ajith,pg interested",No
8101,8101,Call >48Hr,2026-11-06,Ambili,0.0,No Information,,No Information,No
8102,8102,Call >72Hr,,Sanju,54.0,No Information,,No Information,No
8103,8103,Call < 45 mins,2026-08-08,Najiya,6.0,No Information,2026-08-08,"interested data anaytics,elamkur,visited manjeri",No
8104,8104,Call < 5 mins,,Najiya,0.0,No Information,,enquiry for ds course with frnd irfan,No
8105,8105,Call >72Hr,,Safa,0.0,No Information,,No Information,No
8106,8106,Call < 5 mins,2026-02-07,Najiya,6.0,No Information,2026-02-07,"visit huub later,he is age 29 ,bca cmplt but more back pappers,kuttiyadi, working Acountant gulf,ippol job onnumilla",No
8107,8107,Call <4Hr,2026-09-06,Sanju,76.0,No Information,,No Information,No
8108,8108,Call >48Hr,2026-06-07,Rincy,17.0,No Information,2026-06-07,rnp//12n rnp//3n incomming call illa//4n same ////6n rnp,No
8109,8109,Call >24Hr,2026-12-06,Rincy,4.0,No Information,2026-12-06,rnp///11n rnp//12n rnp,No
8110,8110,Untouched,,nafi,0.0,No Information,2026-03-08,rnp \\ all AI engnering ann choyichee so ayintte detals aych kodkanm monday\\i didint get the details from rahul sair so that y i didnt connect him// details ready ayitt illa // detail;s share cheythind ath nokkitt parayam enn ann paranjeth// rnp// rnp wtsp no response//rnp wtsp no response// he cut the call,No
8111,8111,Call >24Hr,,Rincy,12.0,No Information,,plus 2commerse aayirunnu say eyudhanam oru sub pottteekkn ...pattambi aan veeed ///11n plan cheyynollu///17n uppa korch kayinit noka enna oarayne...28n ippo veeenda,No
8112,8112,Call <24Hr,2026-07-07,Najiya,0.0,No Information,2026-10-07,"data anaytics course enquiry,slightly interested,visit hub ,back pappers",No
8113,8113,Unknown,,Rincy,15.0,No Information,,rnp//12n rnp///17n thalappara aan veed onnum keekkunnilla ///night varan nokatte 18n///20n okke nokatte enn frnd koodi nd///21n  tuesday varan nokam///23 n rnp//24n veettiloode choykanam///26n details veendum paranj kodth pinne parayam enn paranj///28n rnp,No
8114,8114,Call <1Hr,2026-02-07,Najiya,25.0,No Information,2026-02-07,"she is koyilandy,enquiry to it course",No
8115,8115,Call >72Hr,,Ambili,37.0,No Information,2026-12-06,No Information,No
8116,8116,Call >72Hr,,Rincy,0.0,No Information,,rnp,No
8117,8117,Untouched,,Unknown,0.0,No Information,,No Information,No
8118,8118,Call <4Hr,2026-11-06,Najiya,74.0,No Information,2026-11-06,inform later,No
8119,8119,Call <4Hr,2026-07-07,Najiya,27.0,No Information,2026-04-07,"interested coding course ,pattambi,fund issu,inform immediately",No
8120,8120,Call < 5 mins,2026-09-06,Bridgeon Admin,0.0,No Information,,"bnglr clg  cmplt btech aiml,data science enquiry with frnd kalikkavu",No
8121,8121,Untouched,,Unknown,0.0,No Information,,No Information,No
8122,8122,Call >72Hr,2026-09-07,Rincy,15.0,No Information,,idth call cut aaki//vere course edthu,No
8123,8123,Call <4Hr,,Najiya,0.0,No Information,2026-05-09,"interested ,passout 2025 one papper back",No
8124,8124,Call >72Hr,,Ambili,294.0,No Information,2026-12-06,No Information,No
8125,8125,Call >24Hr,2026-03-07,Sanju,16.0,No Information,2026-09-07,aalu driving il aayrnu,No
8126,8126,Call >48Hr,2026-09-07,Rincy,0.0,No Information,2026-10-07,rnp//12n rnp//9n rnp msged,No
8127,8127,Call >24Hr,2026-04-07,Rincy,37.0,No Information,,rnp///11n rnp....4n aviation padikan,No
8128,8128,Untouched,2026-05-07,Afees,30.0,No Information,2026-06-07,busy will connect later,No
8129,8129,Call <4Hr,,Najiya,0.0,No Information,,"interested mernstack course ,with frnds ,hub visit within two days,fund issue",No
8130,8130,Unknown,,Ambili,0.0,No Information,,rnp\\ rnp connect on wtsp//all ippo accounting course edkkan vendii nikkayirnnu . so accountingtte drowbacks parnj kodthu appo korch intrested ayii all fully confused ann so enthayllu details aykkam enn parnju//rnp,Yes
8131,8131,Call >48Hr,,Ambili,0.0,No Information,,"veed panakkad, e yr bca kazhinju data science aan nokkunnedh, no response",No
8132,8132,Untouched,,nafi,0.0,No Information,,rnp\\ switch off . send message on wtsp\\rnp wtsp no response// same//same,No
8133,8133,Call >24Hr,2026-10-06,Rincy,20.0,No Information,2026-11-06,business analytics aan veendath,No
8134,8134,Call <4Hr,,Najiya,0.0,No Information,,"interested,",No
8135,8135,Call >48Hr,2026-11-06,Ambili,57.0,No Information,,No Information,No
8136,8136,Call >24Hr,2026-10-06,Rincy,34.0,No Information,,No Information,No
8137,8137,Call >48Hr,2026-12-06,Rincy,17.0,No Information,,rnp//12n rnp,No
8138,8138,Call >24Hr,2026-11-07,Rincy,0.0,No Information,2026-11-07,rnp//call ponilla///3n rnp//9n rnp///11n rnp same,No
8139,8139,Call < 5 mins,,Najiya,28.0,No Information,,"shan ,adwaith frnd",No
8140,8140,Call >72Hr,,Sanju,0.0,No Information,,molku vendiyan nokunath mother aan register chythe details shared aanu bcom aan complete chythe data analytics aan nokuneee,No
8141,8141,Call >72Hr,,Rincy,21.0,No Information,,No Information,No
8142,8142,Call >72Hr,,nafi,38.0,No Information,,rnp,No
8143,8143,Call <24Hr,2026-09-06,Bridgeon Admin,58.0,No Information,,Cloud computing linux Enquiry,No
8144,8144,Call >72Hr,,Sumayya,0.0,No Information,,"b tech kayinju....malappuram aan veed....fee over aan nokatte enn///17n rnp///18n rnp//20n rnp
finalize cheythitillaa..///26n rnp///28n rnp/////1n rnp///4n rnp//23n rnp",No
8145,8145,Call >72Hr,,nafi,32.0,No Information,,rnp,No
8146,8146,Call < 15 mins,2026-10-06,Najiya,73.0,No Information,,No Information,No
8147,8147,Call >48Hr,2026-12-06,Najiya,0.0,No Information,,"Anshid kizhissery frnd ,8606070470",No
8148,8148,Call >48Hr,2026-09-07,Rincy,39.0,No Information,,rnp//12n rnp...9n intrest illa,No
8149,8149,Call < 5 mins,,Najiya,0.0,No Information,,"Ba english ,tirur,data anaytics course enquiry",No
8150,8150,Call >72Hr,2026-01-09,Rincy,21.0,No Information,2026-01-09,bc///17n rnp///18n onnum mindunnilla///21n //koduvalli.....aan veed ba history..........pregnent aan appo adh kayinjitte nokullu shardhi okke aanu///1n rnp,No
8151,8151,Call >48Hr,2026-06-07,Ambili,0.0,No Information,,No Information,No
8152,8152,Call >48Hr,2026-06-07,Sanju,0.0,No Information,2026-12-06,switchd off,No
8153,8153,Call >48Hr,,Rincy,25.0,No Information,,b com pass  kannur aan veed msg ayakan//12n frndine vilikan paranju///bc aanu//nattil etheella etheett ingot vilikammm//24n hub visit cheyyan plan und//26n nattil vannittund free aavubo varam next week nokam///1n nokeett ingotteekk vilikam enn,No
8154,8154,Call >72Hr,2026-08-07,Najiya,2.0,No Information,,"dgree bsc chemistry vadakara aan veed fee keettappo nokeett parayam ,data science anu interested,monday parayam admission edukunnathu",No
8155,8155,Call >48Hr,,Ambili,13.0,No Information,2026-10-07,"bsc chemistry veed vadakara, father attend cheydhedh, fee aan concern parayunnedh vere evdeyokke nokkunnund, hubil varan aan plan
rnp
padichedhinte bagamaytt quality check prnja oru crse prefer cheyyunnund nokkitt vilikka",No
8156,8156,Untouched,,nafi,2.0,No Information,,all ippo degree bba +logistics cheyyan alshifa collageill allk online course ann enqury cheythitt illath so details onn aych tharan paranju\\ allk ippo job ethaa edkkendee enna confution ayiit niikaa //rnp//rnp no response on wtsp//same situation// sane as before// rnp,No
8157,8157,Call < 5 mins,2026-08-06,Ambili,306.0,No Information,,No Information,No
8158,8158,Call >72Hr,,Rincy,138.0,No Information,,No Information,No
8159,8159,Call <4Hr,,Najiya,0.0,No Information,,"data anaytics enquiry,discuss  parents after tmrw inorm",No
8160,8160,Call >72Hr,,Ambili,0.0,No Information,2026-12-06,No Information,No
8161,8161,Call >72Hr,,Sumayya,43.0,No Information,,+2 commerse kayinj ...malappuram pandikkad aan veed therakilan nokam enn,No
8162,8162,Call <4Hr,2026-08-06,Bridgeon Admin,54.0,No Information,,"Enquiry  for brother,he is bsc chemistry,full stack course enquiry,she is already doing python,degree last year doing",No
8163,8163,Call >24Hr,,Rincy,12.0,No Information,,msg  ayakan paranju///11n confirm aayilla//////15n ingot vilika enn//nokkunnilla,No
8164,8164,Call <4Hr,,Najiya,31.0,No Information,,"interested,kochi hub ,he is already working sales ,discuss parents after inform",No
8165,8165,Call <4Hr,2026-08-06,Bridgeon Admin,93.0,No Information,,No Information,No
8166,8166,Call >72Hr,2026-02-07,Sanju,0.0,No Information,2026-03-07,"bca aan padichedh veed morayur, edh edkknm confused aan,
ippo pg nokkaan enna parayunnedh",No
8167,8167,Call >72Hr,,nafi,473.0,No Information,,rnp,No
8168,8168,Call >72Hr,,arathi,3.0,No Information,,No Information,No
8169,8169,Call >48Hr,2026-11-06,Sanju,85.0,No Information,,No Information,No
8170,8170,Call >48Hr,,Afees,48.0,No Information,2026-05-07,plus 2 commerse malappuram aan veed//nalE DIERECT VARAM //manjeri poyittund ok aan calicut koodi vann koodi ///20n rnp///21n rnp///23 n rnp//24n intrest illa,No
8171,8171,Call >72Hr,,Ambili,12.0,No Information,,No Information,No
8172,8172,Call >72Hr,2026-11-06,Sanju,1145.0,No Information,,details shared aanu father gulf il aayrnu nirthi vannathaanu brthr gulf il aanu ivan degree ecnomics aayrnu kazhinjitu 2 yrs aayi upsc try chythondirikaanu athu vidan ulla plan aanu datascience aan nokunne waiting for his rply,No
8173,8173,Call <8Hr,2026-08-06,Bridgeon Admin,63.0,No Information,2026-10-06,interested data science,No
8174,8174,Call >48Hr,2026-11-06,Rincy,22.0,No Information,,IPPO VEENDA,No
8175,8175,Call >72Hr,,Ambili,62.0,No Information,,"germn lnguagecaan padichedh, 2024 pass, ippo endh edkknm confused veed , onnude germn lnguage try aakkn prnjind
 after exam , exm augstlaan
clss und idh kittillel xam kazhinj kerum nov",No
8176,8176,Call >48Hr,2026-03-07,Rincy,20.0,No Information,2026-11-06,rnp///3n call cut aaki,No
8177,8177,Call >48Hr,2026-10-06,Rincy,16.0,No Information,,No Information,No
8178,8178,Call >72Hr,,Sanju,0.0,No Information,,No Information,No
8179,8179,Call >48Hr,,Ambili,30.0,No Information,,No Information,No
8180,8180,Call < 15 mins,,Najiya,0.0,No Information,,"Passout 2030 btech 1st year,python enquiry",No
8181,8181,Call < 5 mins,2026-08-06,Sumayya,548.0,No Information,,engineering 3rd year aanan ippoo//robotics and data science aann cheyyunnee//online aayiirkmm nokkuvaaa ui and ux also web developmenyt python intrets indd,No
8182,8182,Call < 45 mins,2026-01-07,Najiya,6.0,No Information,2026-02-07,Devops course enquiry,No
8183,8183,Call < 5 mins,,Najiya,14.0,No Information,,"MA,online course enquiry,inform later",No
8184,8184,Call < 15 mins,,Najiya,0.0,No Information,,"Mnnarkkad,data anaytics enquiry,ba english",No
8185,8185,Call >72Hr,,arathi,0.0,No Information,,No Information,No
8186,8186,Call >72Hr,,nafi,80.0,No Information,,"jda course ann cheyanne , koyilandi ann place",No
8187,8187,Untouched,,Rincy,0.0,No Information,,B COM KAYINJ HOUSE WIFE AAN 7 VARSHAM AAYI KALLYANAM KAYINJIT MSG AAYIT AYAKAN PARANJU KOCHI AAN VEED///17n rnp///18n rnp///23 n rnp//25n rnp/////28n rnp,No
8188,8188,Call < 45 mins,,Rincy,37.0,No Information,,bca malappuram aan veed ..........//9n hub visit aakam next week//friday hub visitin varam//19n media schoolinnum vilicheeni onn anneshikatte enn//ippo nokunnilla,No
8189,8189,Call <4Hr,2026-08-07,Najiya,4.0,No Information,2026-08-07,"visited hub and meet jabir sir ,interested",No
8190,8190,Call <4Hr,2026-08-06,Najiya,0.0,No Information,2026-10-06,"he is qatar ,data anaytics online enquiry,timing issue",No
8191,8191,Call >72Hr,,Rincy,24.0,No Information,,No Information,No
8192,8192,Call < 5 mins,2026-10-06,Najiya,42.0,No Information,2026-08-06,No Information,No
8193,8193,Call < 5 mins,,Najiya,0.0,No Information,,"palazhi,Degree Multimedia course ,interested uiux and digital marketing with frnd",No
8194,8194,Call < 5 mins,,Najiya,0.0,No Information,,"interested bca with Aiml ,mangada",No
8195,8195,Untouched,,Unknown,0.0,No Information,2026-08-06,"interested,visit hub today ,Friends Already join june 10 th batch",No
8196,8196,Call < 45 mins,,Rincy,30.0,No Information,,pinne vilikan paranju//9n rnp///11n fee nte karyangal okke choych///mangalore aan nokunne/////17n  vtl paranjilla////19n np//21n ippo nokunnilla,No
8197,8197,Call < 5 mins,,Najiya,35.0,No Information,,"Mern stack course Enquiry,intersested discuss parents after inform",No
8198,8198,Call >72Hr,,Ambili,0.0,No Information,,No Information,No
8199,8199,Unknown,,nafi,0.0,No Information,,"rnp//rnp//rnp
wtsp no response//same//rnp",No
8200,8200,Call <24Hr,,Sanju,247.0,No Information,,details shared aanu 28 yrs old sutherland il wtrk chytheyanu vtil choikanam nn aan paranj,No
8201,8201,Call <24Hr,2026-08-06,Sanju,78.0,No Information,,No Information,No
8202,8202,Call >72Hr,2026-08-06,Bridgeon Admin,68.0,No Information,,"athra interst illatha pole aan samsarichedh, veed mlprm, edh edkknmnn confused aan",No
8203,8203,Untouched,,Sanju,0.0,No Information,,degree complete chythu ipo oru course nokaanu details shared aanu baki vtil discuss chythit parayam ennanu paranje father dubai lu aanu 2 younger sisters aan,No
8204,8204,Call >72Hr,2026-12-06,arathi,26.0,No Information,,No Information,No
8205,8205,Call < 5 mins,2026-12-06,Najiya,8.0,No Information,,inform later,No
8206,8206,Untouched,,Sanju,30.0,No Information,,"rnp\\bsal exam clear cheyth irikkan , so all ore  skill kudii edkkan tghalpariyam ind so details okke aych tharan paranju , vtl achen ,amma, pinne ore brother kudii , all ippo iti kayinj nikka //allk job nnte confution ill nikka//he have an interview on 24th so after that he wiil inform us// his job interview was tomorrow// inn all payment cheyyam enn parnjuu",No
8207,8207,Untouched,,Rincy,68.0,No Information,2026-05-07,msg ayakan paranju//9n rnp //12n golang details choych//ayachuu///18n rnp///21n msged///23 n rnp//24n msged....fund issue..28n msged monday hub visit varam enn paranj...28n msged ee week endhayalum varum frndin pani aan koode varan illa aalan so adha delay aavunne enn//29n rnp..msged/////3n hub visit cheyydhu///4n rnp,No
8208,8208,Call >72Hr,,nafi,156.0,No Information,,rnp,No
8209,8209,Call >72Hr,2026-04-07,Sanju,50.0,No Information,2026-03-07,"degree 1st yr aan online pitch chyth nokindu
sports quota aayond cls il ponda ivde course chyam ennanu paranje",No
8210,8210,Call >24Hr,2026-08-06,Sanju,0.0,No Information,,No Information,No
8211,8211,Untouched,,nafi,36.0,No Information,,rnp,No
8212,8212,Call >72Hr,2026-10-06,Sanju,2.0,No Information,2026-11-06,rnp,No
8213,8213,Call >72Hr,2026-03-07,Sanju,133.0,No Information,2026-06-07,son nu vendiyan nokiyath aal ipo job nu vendiyan nokune ennanu paranjath watsap il son nte number share chyam ennoke paranju but oziyuna pole aan thoniye,No
8214,8214,Call >72Hr,2026-10-06,Sanju,0.0,No Information,,No Information,No
8215,8215,Call >72Hr,,nafi,60.0,No Information,,"all ippo plus two kayin nikkan ,supply ind so athintte  reselt wait akkan , allk bba edkkan ann plan ippo currently illath // bussness school //",No
8216,8216,Call >72Hr,2026-10-06,Sanju,168.0,No Information,2026-11-06,rnp,No
8217,8217,Call >72Hr,,Sanju,63.0,No Information,2026-11-06,call back,No
8218,8218,Call >24Hr,2026-08-06,Sanju,170.0,No Information,,No Information,No
8219,8219,Call >72Hr,,Sanju,302.0,No Information,,details shared aan aalu vacation nu vannathaanu wrking at uae,No
8220,8220,Call <8Hr,2026-08-07,Najiya,0.0,No Information,2026-08-07,wtsap chat only,No
8221,8221,Call <8Hr,,Najiya,0.0,No Information,,"data anaytics ai interested,details  sending",No
8222,8222,Call >48Hr,2026-11-08,Rincy,14.0,No Information,2026-10-08,call eduthitt onnum mindunnilla//12n rnp call ponilla//17 details ayakan paranj aal dgree bsc machinelearning okk kayinjikn tharishhur aan veeed//pinne nokam enn////2n rnp,No
8223,8223,Call >72Hr,2026-10-06,Rincy,19.0,No Information,,No Information,No
8224,8224,Call >72Hr,,arathi,35.0,No Information,,No Information,No
8225,8225,Call >72Hr,,Rincy,24.0,No Information,2026-10-09,"rnp//nokeett parayam//12n time edkkum///18n jobinn iranganam  ennitte nokullu/,,/22n rnp...23n nokeett parayam enn///29n rnp////2n rnp///8n rnp.........korch kayyum",No
8226,8226,Call >72Hr,2026-04-07,Rincy,19.0,No Information,2026-11-06,call ponilla,No
8227,8227,Untouched,2026-07-06,Afees,89.0,No Information,,No Information,No
8228,8228,Call >72Hr,2026-11-06,Rincy,13.0,No Information,2026-11-06,bridgeon keettappo cut aaki poyi///11n rnp cut aaki,No
8229,8229,Call >72Hr,2026-08-06,Bridgeon Admin,54.0,No Information,,wayand aan veed plus 2 kayinju ok aan//11n  avante brother varan nd ennitt paraym//jesil feb online cheydha chekkan aan brother..ok aan fund issue nd nokatte intrest undenn paranju//19n msged//fund issue  aan fund set aaya appo verum///30n msged...ippo nokunnilla,No
8230,8230,Call >72Hr,,Rincy,12.0,No Information,,////6n rnp////7n rnp/8n  age illa pole samsaram........fee choyach paraya paranj poyi///10n rnp,No
8231,8231,Call >72Hr,2026-09-07,Rincy,23.0,No Information,2026-10-07,call ponilla///11n rnp//12n rnp//9n veenda admission edthu,No
8232,8232,Call <24Hr,2026-07-07,Najiya,0.0,No Information,2026-08-07,"interested data science ,Already contact other institute 2hours class not interested,discuss parents after inform",No
8233,8233,Call >72Hr,,Sumayya,31.0,No Information,,rnp///nokeet parayam//ippo bangalore aan nattil etheett vilikam///next month nattil ethum ///9n friday varam nokam enn///10n rnp//13n rnp/15n  rnp//17n rnp///18n rnp,No
8234,8234,Call >24Hr,,Rincy,22.0,No Information,,rnp///dgree ba english ...malappuram aan vengara aan veed nokatte tta//12n rnp///15n rnp///18n intrest illa,No
8235,8235,Call >72Hr,,Sumayya,0.0,No Information,,malappuram aan veed online aanu nokunne//9n msged///10n rnp//12n rnp///17n rnp///21n rnp,No
8236,8236,Call >24Hr,,Rincy,2.0,No Information,,"nokeett cheyyam//dgree back paper nd palakad aan veed//9n msged//vilikanam....vilichu///17n rnp//18n msged///21n msged///23 n msged//26n avaroodi undenkile njn ollu enn..28n maged///1n msged/,,/22n rnp",No
8237,8237,Call >72Hr,2026-10-06,Rincy,47.0,No Information,2026-11-06,rnp,No
8238,8238,Call >72Hr,2026-12-06,Rincy,49.0,No Information,,bc aanu//12n tvm ndo choychu,No
8239,8239,Call >72Hr,2026-12-06,Rincy,4.0,No Information,2026-12-06,rnp//call eduth onnum mindunnilla//////12n call cut aaki,No
8240,8240,Call >72Hr,2026-04-07,Rincy,27.0,No Information,2026-11-06,rnp,No
8241,8241,Call >72Hr,2026-11-06,Rincy,21.0,No Information,2026-12-06,not available///11n rnp nokuniilla,No
8242,8242,Untouched,,Sanju,614.0,No Information,2026-06-08,bca last yr aan 2 mnth koodi class ind ath kazhinjitullath theermanichitilla details shared aan net wk hub visit aan plan,No
8243,8243,Call >72Hr,,Sumayya,47.0,No Information,,2makall indd +2 pass ayaaa gril and fail aayaa mwon(1year aayi)palayzi aann placee,No
8244,8244,Call >72Hr,,Sumayya,0.0,No Information,,verthee detils nu vndi chthyaa//wrking aann ippoo///3n rnp///4 n incomming call illa ////6n rnp///10n rnp,No
8245,8245,Call >72Hr,2026-11-06,Sumayya,10.0,No Information,,No Information,No
8246,8246,Call >24Hr,,Najiya,0.0,No Information,,"He is working,visit manjeri hub",No
8247,8247,Call >72Hr,,Sumayya,2.0,No Information,,+2kayinju ippoo 2 years gap ind//banglore bca padichu but driop aaki due to aacident/malappurm aann /visit vernm vannaa close akkamm,No
8248,8248,Untouched,,Unknown,0.0,No Information,,No Information,No
8249,8249,Call >72Hr,2026-09-07,Sumayya,75.0,No Information,,rnp/4//,No
8250,8250,Call >72Hr,2026-11-06,Sumayya,165.0,No Information,,No Information,No
8251,8251,Call >72Hr,,Sumayya,25.0,No Information,2026-05-09,"bteh  kayinjatha..alappuzha mavelikara anan place//lkolllamm aann padichthh
3/9//watsapp calledd rnp/",No
8252,8252,Call >72Hr,,Sumayya,24.0,No Information,,buzyaaaaa,No
8253,8253,Call >72Hr,2026-01-07,Sumayya,0.0,No Information,,"rnp/3//
kuttyykk vallya idea onnillaaa..but account coursev edukn aann intrest//but no idea about that also//details sharred aan nokkaaaaa",No
8254,8254,Call >72Hr,2026-04-07,Rincy,10.0,No Information,,"rnp/3//
lakshydweep ill ullaa kuttyyy aann/now in kochi/oru deggre cheythu drop out aaki/due to health isssues //kochi hub poi visit aakkann an parannee//kaloorr ann stay with family",No
8255,8255,Call >72Hr,,nafi,0.0,No Information,,"rnp/
19//6//rnp/2//rnp//rnp wtsp no response",No
8256,8256,Untouched,2026-03-07,Sumayya,0.0,No Information,2026-05-07,"+2commerce/kollammm aann place but maankkav,calicut family okke indd//frnds koodii indd so avroodumm samsariknmm",No
8257,8257,Call >72Hr,,Sumayya,140.0,No Information,,No Information,No
8258,8258,Call >72Hr,,nafi,0.0,No Information,,rnp/3//rnp wtsp no response//same,No
8259,8259,Call >72Hr,,Sumayya,0.0,No Information,,no incoming..watsapp calledd rnpp but msged but lag ind,No
8260,8260,Call >72Hr,2026-11-06,Sumayya,25.0,No Information,,No Information,No
8261,8261,Call >72Hr,,nafi,0.0,No Information,,"no incoming//rnp on watsaoppp
no incoming//same situation//rnp//same situation",No
8262,8262,Call >72Hr,,Sumayya,44.0,No Information,,fees keettappzhee intrest illatha poleyyaa samsarikunnee//printhlmanna aann placee//,No
8263,8263,Call <4Hr,,Ambili,43.0,No Information,2026-11-06,No Information,No
8264,8264,Call < 45 mins,2026-06-06,Najiya,69.0,No Information,,No Information,No
8265,8265,Call >24Hr,,Najiya,0.0,No Information,,"Visited hub, 6/6/2026,interested data science with frnd fida",No
8266,8266,Call < 5 mins,2026-06-06,Bridgeon Admin,68.0,No Information,,No Information,No
8267,8267,Call <8Hr,,Ambili,6.0,No Information,,"aal porthaanulledh dig mrktng aan chodhichedh jst dvlpmnt pitcheydhind, one yr suspend cheydhind aa gapil padikkanan",No
8268,8268,Call >72Hr,,Najiya,0.0,No Information,2026-02-07,"visit kinfra  hub immediately ,visited and discuss parents inform tmrw",Yes
8269,8269,Call >72Hr,,Sumayya,64.0,No Information,,rnp/3//,No
8270,8270,Call < 5 mins,2026-06-06,Ambili,54.0,No Information,,No Information,No
8271,8271,Call < 15 mins,,Najiya,0.0,No Information,,"interested online python fullstack,Btech 3rd year cmplt",No
8272,8272,Untouched,,Unknown,0.0,No Information,,No Information,No
8273,8273,Call >72Hr,2026-11-06,Sumayya,196.0,No Information,,rnnp/3,No
8274,8274,Call >24Hr,2026-12-06,Sumayya,13.0,No Information,,just nokkiythaaa/btech triple kayinjathaa/ tuesdy oru interview ind/ath  nokknn aannn/tirur aann plce//,No
8275,8275,Call < 5 mins,2026-08-06,Najiya,0.0,No Information,,"kondotty,interested",No
8276,8276,Call >72Hr,,Sumayya,24.0,No Information,,frnd aann chythe evening vilikm,No
8277,8277,Call >72Hr,,nafi,0.0,No Information,,rnp/3// rnp/2//watsppp connected // no incoming//wtsp no response,No
8278,8278,Call >72Hr,,nafi,31.0,No Information,,rnp/3//,No
8279,8279,Call <4Hr,2026-11-08,Sumayya,64.0,No Information,,"data analytics aann nokunneee//kannur -kasargode border aann place/calicut ok ann//nokkaa oru introveert aannn//

23/7/onnmm plannedd illlaaa//watsappee ulluu.
11/8//rnp/2/vtl kar gulf viddnn nokaaannn/
watspp connctetd",No
8280,8280,Call >72Hr,,nafi,0.0,No Information,,"6/ 6 mlpr place , plustwo humanities completed , busy stil explaind about the course want to exolain abt sift skills",No
8281,8281,Call >72Hr,2026-03-07,Rincy,20.0,No Information,2026-04-07,rnp/3//online aann nokunne//ipoo degree 3rd year aannn cheyunnee//allapuzha ann placee/////3n rnp//ippo nokunnillaa,No
8282,8282,Call <4Hr,,Najiya,0.0,No Information,,"BA ARABIC,she is vadakkara ,data anaytics enquiry",No
8283,8283,Call <4Hr,2026-01-07,Najiya,0.0,No Information,2026-01-07,"interested uiux enqury ,visit kochi hub monday,already working ,cherthala",No
8284,8284,Call >48Hr,,Rincy,15.0,No Information,,kannur thannna ciourse venmm//hostell patilllaa//samsarikn kootaakillaa shop illa nn paranj vechhh,No
8285,8285,Call <4Hr,,Najiya,4.0,No Information,,"data anaytics enquiry,inform later",No
8286,8286,Call <4Hr,,Najiya,51.0,No Information,,"Visit hub monday,interested",No
8287,8287,Call <4Hr,2026-01-07,Najiya,31.0,No Information,,"intereste data science course,kinfra interested,saturda visit kinfra hub",No
8288,8288,Call >72Hr,,Rincy,14.0,No Information,,short term course aann nokunnee//cma pdikunnind exmm okke kayinju  last exm koodi ind//degree distance ignow,No
8289,8289,Call <4Hr,,Sumayya,452.0,No Information,,malapprm pandikkad aann place//bcom kayinj.data analytics  annn nokunnnee//calicut ninn padikknn ann nokkunnee//ippoo cheriya wrkk nu ponindd// buzy ayond vechh (10weeks reviwe okkee paranju kodukkanam),No
8290,8290,Call <4Hr,,Sumayya,0.0,No Information,,perinthlmannaa ann place/ba economics kayinju/2025 ill/1 year gap ind/vallya intrset llathapoleyyaaa talk okkeee//perinthlmannaa thannaa course venm//online parajiu koduthindd//,No
8291,8291,Call >24Hr,2026-04-07,Sumayya,17.0,No Information,,bca aann kollamm aann place/pani aayoonndd adhikm samsarikn pateellaaa//watsapp connect aakkaa thenn details pathye shere aaka,No
8292,8292,Call <24Hr,2026-10-06,Sumayya,457.0,No Information,,buzyaa ipppoo vilikkaa,No
8293,8293,Call <24Hr,,Sumayya,56.0,No Information,,rnp/3//,No
8294,8294,Call >72Hr,2026-04-07,Rincy,16.0,No Information,2026-06-07,"guruvayoor aduth aann place/+2 kayinju/cheriya shop fancy ill wrk chyyind//fee choichu parnju.kurch karyghl pranjulluu,buzy ayond petten vechh///4n rnp///next year nokan",No
8295,8295,Call >72Hr,,Sanju,0.0,No Information,,No Information,No
8296,8296,Call >72Hr,,Rincy,1.0,No Information,,"rnp/3//
19//6//called but buzy aat wrkk so call after 6
20/6//rnp/2//14n rnp//16n rnp///19n rnp",No
8297,8297,Call >24Hr,2026-07-06,Sumayya,0.0,No Information,,No Information,No
8298,8298,Call >48Hr,,Ambili,46.0,No Information,,"athra intrstonnulla verdhe ingne kettirikka details prnj kodthind, oru baby und, bcom kazhinj 3 yrs aai",No
8299,8299,Call >48Hr,2026-10-06,Ambili,159.0,No Information,2026-09-06,"bio science aan btech choich aan vilichedh tvm place,",No
8300,8300,Call >72Hr,,Ambili,51.0,No Information,2026-09-06,No Information,No
8301,8301,Call >72Hr,,Ambili,98.0,No Information,2026-09-06,No Information,No
8302,8302,Call >72Hr,,Ambili,0.0,No Information,,"idh parentinte number aan, avar wrkilnulledh makal plstwo humanities aan padichedh thamarasseri veed",No
8303,8303,Call >72Hr,,Rincy,0.0,No Information,2026-04-09,///4n rnp..6n ......plus 2 malappuram peruvalloor..plus 2 humanities...../online aan nokunnee//14n rnp//14n rnp///18n rnp///24n rnp,No
8304,8304,Call >72Hr,2026-10-06,Ambili,106.0,No Information,,No Information,No
8305,8305,Untouched,,Unknown,0.0,No Information,,No Information,No
8306,8306,Call >72Hr,,nafi,35.0,No Information,,////6n rnp////7n rnp10n rnp///11n bc aanenn/15n  rnp,No
8307,8307,Call >72Hr,2026-12-06,arathi,0.0,No Information,,No Information,No
8308,8308,Call >72Hr,,nafi,13.0,No Information,,incoming call facility is not available jaihareesh old lead\\rnp messaged on wtsp,No
8309,8309,Call >48Hr,2026-10-07,Sanju,34.0,No Information,2026-09-07,"plus two aanu intrested aanu vtil samsarichit parayam ennanu parayunne


hav to talk with parents on monday 22/06",No
8310,8310,Call >24Hr,2026-08-07,Najiya,0.0,No Information,2026-08-07,"ma economics,interested data anaytics ,visit hub saturday,now exam finish 13 th",No
8311,8311,Call >72Hr,2026-10-06,Ambili,110.0,No Information,,No Information,No
8312,8312,Call >72Hr,2026-10-06,Ambili,48.0,No Information,,No Information,No
8313,8313,Call >72Hr,,nafi,39.0,No Information,,No Information,No
8314,8314,Call >72Hr,,Rincy,48.0,No Information,,nokeettilla,No
8315,8315,Unknown,,Rincy,57.0,No Information,,"dgree economics nilambur karuvarakund aan veed ..nokatte enn//next month aan nokne ee month last pre book chaeyam enn paranjittynd///23 n rnp
//26n vilichu aalk cyber cecurity ennokke parayndu28n thalparyam illa",No
8316,8316,Call >48Hr,2026-08-06,Ambili,199.0,No Information,,No Information,No
8317,8317,Call >72Hr,,Rincy,0.0,No Information,,rnp///not available//12n not valid number//15n same,No
8318,8318,Call >48Hr,2026-08-06,Ambili,0.0,No Information,2026-09-06,No Information,No
8319,8319,Call >72Hr,,Sumayya,61.0,No Information,,it field enthanu engotta enquiry cheythenn oonnum oru idea illa basic details shared on wtsp,No
8320,8320,Call >48Hr,2026-08-06,Ambili,143.0,No Information,,No Information,No
8321,8321,Call <1Hr,2026-05-06,Bridgeon Admin,54.0,No Information,,"Ba english,data anaytics enquiry",No
8322,8322,Call < 5 mins,,Sumayya,0.0,No Information,,"bca kayinjathh ann 4 and 2 ill suppplyy inndd//ulleerii aann placee//buzy ayond pettenn vechh
11/8///rnp/  15/8//rnp/2 no response   19/8//rnp/2/   24/8/rnp/2//watsppp no response
28/8/rnp/2//",No
8323,8323,Call < 45 mins,2026-11-07,Sumayya,0.0,No Information,,rnp/3//bus ill aann,No
8324,8324,Call >72Hr,2026-09-07,Rincy,55.0,No Information,,rnp/4//watsappp connecetd//9n pinne aan nokune,No
8325,8325,Call <1Hr,2026-09-06,Najiya,241.0,No Information,2026-08-06,Data anaytics course enquiry,No
8326,8326,Call <8Hr,,Sumayya,68.0,No Information,,"rnp;/2/
7/6//no responsee rnp and watsapp also no response",No
8327,8327,Call <4Hr,,Rincy,20.0,No Information,,institute anooo doubt ind,No
8328,8328,Call >72Hr,,Rincy,0.0,No Information,,////6n rnp////7n rnp//9n rnp whats app illa//13n rnp//16n rnp,No
8329,8329,Untouched,,nafi,25.0,No Information,,"rnp contacted on wtsp\\ his voice was not clear so i send message on wtsp \\no response  on wtsp , when call the same situartion repete// all couse nokkikond nikkan so alkk enthayllun details okke nokkitt parayam enn ann paranjetg //rnp//rnp no response on wtsp // rnp// his voice was nopt clear wtsp rnp",No
8330,8330,Unknown,,nafi,61.0,No Information,,busy\\ switch off\\same\\same\\ no incoming no response on wtsp,No
8331,8331,Call <1Hr,2026-08-06,Rincy,37.0,No Information,2026-11-06,ernakulam pattilla enn ///8n cut aaki,No
8332,8332,Call <4Hr,,Najiya,29.0,No Information,2026-06-06,"Wandoor ,data anaytics course  interested",No
8333,8333,Call < 5 mins,,Najiya,1.0,No Information,2026-05-09,"bca doing ignou univercity,cyber security ayirunnu interested  job  kittan risk ayathukond another course cheyyam ennu paranju ,visit hub tommarrow",No
8334,8334,Call >72Hr,,nafi,40.0,No Information,,rnp contacted on wtsp,No
8335,8335,Call <4Hr,2026-05-06,Rincy,73.0,No Information,,No Information,No
8336,8336,Call < 5 mins,,Najiya,0.0,No Information,2026-07-07,No Information,No
8337,8337,Call <4Hr,,Rincy,0.0,No Information,,rnp//call ponilla not availablae enna parien///26n rnp///28n rnp//29n rnp,No
8338,8338,Call <4Hr,2026-10-06,Rincy,19.0,No Information,2026-10-06,thirur aan veed dgree kayinj b com kayinju ///8n rnp///10n intrest illa,No
8339,8339,Call <4Hr,2026-03-07,Rincy,11.0,No Information,2026-04-07,call pokunnilla i phone aayadh kond msg ayach nokeetttund///3n rnp,No
8340,8340,Call >72Hr,,Rincy,0.0,No Information,,call not snd contacted on wtsp///20n rnp whats app call idknilla///21n rnp,No
8341,8341,Call >72Hr,,Sanju,0.0,No Information,,No Information,No
8342,8342,Call >72Hr,,Ambili,35.0,No Information,2026-06-06,5 / 6 24 years old hpuse wife plustwo qualifcation after that  took [pharmacy course beacuse of family she fdropped it,No
8343,8343,Call >72Hr,,Sumayya,50.0,No Information,,"bca,balussheri next eath field nokkanam ennulla confusionil ann",No
8344,8344,Call <8Hr,,Rincy,0.0,No Information,,makank veendi ana bc aan pinne vilikam ///8n rnp//9n rnp///17n rnp,No
8345,8345,Call < 45 mins,,Safa,27.0,No Information,,No Information,No
8346,8346,Call < 5 mins,2026-05-06,Najiya,114.0,No Information,,No Information,No
8347,8347,Call >72Hr,,Najiya,0.0,No Information,,Anshid  kizhissery frnd,No
8348,8348,Call < 45 mins,,Najiya,28.0,No Information,,"interested data science enquiry ,visit hub",No
8349,8349,Call < 5 mins,2026-05-06,Bridgeon Admin,38.0,No Information,,No Information,No
8350,8350,Call < 5 mins,2026-05-06,Bridgeon Admin,56.0,No Information,,No Information,No
8351,8351,Call >72Hr,,Ambili,47.0,No Information,2026-06-06,"5/6 near kakkenchery  
occupation; teacher , age 16 he said he is  dropped his job and curently looking for another job < also he completed data entry coyrse looking abroad but not confrimed",No
8352,8352,Call >72Hr,,Rincy,26.0,No Information,,No Information,No
8353,8353,Call < 45 mins,2026-02-07,Sumayya,0.0,No Information,,plus two kayinjath annn//edavannapara aan lace//maankaavv ann nokunnee//financial issuwes indd//uppaa druiver aannn umma house wife//2 brothers  orall +1/orall 6 th class//,No
8354,8354,Call <24Hr,2026-05-06,Afees,50.0,No Information,,No Information,No
8355,8355,Call >72Hr,,nafi,65.0,No Information,,rnp,No
8356,8356,Call <24Hr,2026-05-06,Afees,0.0,No Information,2026-06-07,busy,Yes
8357,8357,Call <24Hr,2026-04-07,Sumayya,0.0,No Information,2026-10-07,plus 2 science aayirunnu aal bc aan night vilikan paranju ///7 n sister samsarich fee karyangal okke choychu//9n rnp//6 manikk vilikaan//msged//////17n rnp///MSGED///21n rnp//23n msg yachu//24n msged//25n msged///26n rnp msged///28n rnp//29n rnp/////30n rnp///4n rnp,No
8358,8358,Untouched,,Unknown,0.0,No Information,,No Information,No
8359,8359,Call >72Hr,2026-07-07,Rincy,27.0,No Information,2026-07-07,////6n rnp//devops aan idh venda,No
8360,8360,Call <24Hr,2026-05-06,Rincy,21.0,No Information,,No Information,No
8361,8361,Call >72Hr,2026-11-06,Ambili,29.0,No Information,,No Information,No
8362,8362,Call >72Hr,2026-04-07,Sumayya,0.0,No Information,,"ernakulam,kalloor ann place next bcom idkkano it field nokkanonn ulla oru confusion und sort cheyth koduthittund basic details shared on wtsp",No
8363,8363,Call <24Hr,2026-05-06,Rincy,0.0,No Information,2026-06-06,incomming illa msg ayachittnnd,No
8364,8364,Untouched,,Unknown,0.0,No Information,,No Information,No
8365,8365,Call <24Hr,2026-05-06,Rincy,30.0,No Information,,thamil///haaris ndo choychappo cut aaki,No
8366,8366,Call >72Hr,,Ambili,63.0,No Information,,"5 / 6 plustwo cs 
place : mlp near kakkenchry 
he is busy now he said he wil cotact me later",No
8367,8367,Untouched,,Unknown,0.0,No Information,2026-05-06,5 / 6 rnp2,No
8368,8368,Untouched,2026-05-06,Afees,152.0,No Information,,No Information,No
8369,8369,Call <24Hr,,Najiya,1.0,No Information,2026-08-08,"Vishnu brother,inform later",No
8370,8370,Call < 5 mins,,Sumayya,0.0,No Information,,4th sem ill 2 ppaaer inddd///bbaaki ellm kittyy//idukki aann place //kochi ok aann//vtll samsarikanmm,No
8371,8371,Call < 45 mins,2026-04-06,Rincy,33.0,No Information,2026-05-06,rnp///coding veenda cloud aan npkiye,No
8372,8372,Call <4Hr,2026-05-06,Rincy,6.0,No Information,2026-05-06,rnp///5n cut aaki poyi,No
8373,8373,Unknown,,Rincy,0.0,No Information,,rnp contacted on wtsp///26n rnp///28n rnp//29n rnp,No
8374,8374,Call <1Hr,2026-04-06,Afees,46.0,No Information,2026-05-06,rnp contacted on wtsp,No
8375,8375,Untouched,,nafi,0.0,No Information,,his voice was not clear \\rnp\\rnp wtsp no reply\\ same // same,No
8376,8376,Call >72Hr,,Rincy,23.0,No Information,,btech ce enquiry cheytha oru idea illa basic details shared on wtsp,No
8377,8377,Call < 5 mins,2026-06-06,Najiya,95.0,No Information,2026-12-06,Ahmed yaseen friend interested,No
8378,8378,Untouched,,Unknown,0.0,No Information,2026-06-06,4 / 6 switched off wp connected,No
8379,8379,Untouched,2026-02-07,Afees,0.0,No Information,,No Information,No
8380,8380,Call >72Hr,,Sumayya,0.0,No Information,,enquiry cheytha oru idea illa basic details shared on wtsp,No
8381,8381,Call <4Hr,2026-04-06,Afees,0.0,No Information,,No Information,No
8382,8382,Call <4Hr,,Safa,0.0,No Information,,No Information,No
8383,8383,Call <4Hr,2026-04-06,Afees,0.0,No Information,,register cheythittilla vere aro cheythe ayirikkum  intrest illah,No
8384,8384,Call <4Hr,2026-08-08,Najiya,0.0,No Information,2026-08-08,"interested ,she is btech 3rd year doing ,interested aiml,examinu mathram classinu poyal mathi,tirur,result vannittu parayam",No
8385,8385,Call < 5 mins,2026-04-06,Bridgeon Admin,84.0,No Information,,No Information,No
8386,8386,Call < 5 mins,,Najiya,29.0,No Information,,"interested,she is ba english",No
8387,8387,Call <1Hr,2026-06-07,Sumayya,65.0,No Information,,"details shared aanu nale hub visit chyan aan plan vapaku business aanu chennai lu ipo natil; indu nale varam ennoke aanu paranje 
rnp
rnp
rnp
nxt mnthlek aan nokunee ennan paranje",No
8388,8388,Call >72Hr,,Sumayya,52.0,No Information,,he want business school course,No
8389,8389,Call >72Hr,,Sanju,0.0,No Information,,"whatsapp call aanu 
nale kazhinj hub visit aan paranje
no responce
dgree plan aanu polich koduthitundu baki followup aanu",No
8390,8390,Call >72Hr,,Sumayya,150.0,No Information,,"4/ 6  kottakal  place plustwo completed  
family : father super market 26 mins duraton he said he wil connect through wp
5/ 6 rnp",No
8391,8391,Call >72Hr,2026-06-07,Sanju,111.0,No Information,,No Information,No
8392,8392,Call <4Hr,2026-04-06,Sanju,47.0,No Information,,No Information,No
8393,8393,Call < 5 mins,,Najiya,0.0,No Information,,"he is  interested,calicut preffered ,inform immediately",No
8394,8394,Untouched,2026-05-06,Afees,5.0,No Information,,rnp msgd,No
8395,8395,Call <4Hr,,Rincy,0.0,No Information,2026-12-07,rnp//rnp///5n rnp///3n rnp//9n rnp//13n rnp,No
8396,8396,Untouched,,Unknown,0.0,No Information,2026-04-06,No Information,No
8397,8397,Call <4Hr,2026-10-07,Sanju,5.0,No Information,2026-09-07,details shared aan father brthr mother aan 26 yrs old already python padichathanu ipo bank il loan nte section il wrk chyanu abroad povan ulla plan il aanu chance ind varan,No
8398,8398,Call < 5 mins,2026-05-06,Najiya,3.0,No Information,,No Information,No
8399,8399,Call < 5 mins,2026-07-07,Najiya,45.0,No Information,2026-07-07,"She is Areekode,interested manjeri hub",No
8400,8400,Call <4Hr,,Najiya,0.0,No Information,,"She is edavannapara,1year gap she is working hr consultuncy",No
8401,8401,Untouched,,Unknown,0.0,No Information,,4/6 call cut during conversation after that he didnt pick the call,No
8402,8402,Call < 5 mins,2026-11-08,Najiya,26.0,No Information,2026-11-08,"interested ,he is wandoor working",No
8403,8403,Call < 5 mins,2026-04-06,Najiya,44.0,No Information,2026-05-06,No Information,No
8404,8404,Call < 5 mins,2026-03-06,Najiya,77.0,No Information,,No Information,No
8405,8405,Call <4Hr,2026-07-06,Najiya,0.0,No Information,,"He is pulikkal ,data anaytics enquiry,discuss to son after inform",Yes
8406,8406,Call <4Hr,,Sumayya,72.0,No Information,,plus 2 commerse kayinju....1 year gap idthkn.....manjeri thurakkal bypass........///chekkan ok aan ///5n rnp ///8n rnp//9n rnp//12n rnp///17n rnp,No
8407,8407,Untouched,,Unknown,0.0,No Information,2026-06-06,4/ 6 place andhra pradhesh plustwo qualification he is busy she said call after 3:30,No
8408,8408,Untouched,,Unknown,0.0,No Information,,wrong num,No
8409,8409,Untouched,2026-04-06,Afees,0.0,No Information,,No Information,No
8410,8410,Untouched,,Unknown,0.0,No Information,,No Information,No
8411,8411,Untouched,,Unknown,0.0,No Information,,No Information,No
8412,8412,Untouched,,Unknown,0.0,No Information,,No Information,No
8413,8413,Call <24Hr,2026-09-06,Rincy,7.0,No Information,2026-06-06,"amma aan call eduthe porathan vtl etheett vilikam enn,,//5n amma joli sthalathaan vtl etheett vilikam//9n cut aaki",No
8414,8414,Call <24Hr,,Rincy,0.0,No Information,,rnp///5n rnp///26n rnp..28n incomming call illa//29n rnp,No
8415,8415,Call < 5 mins,2026-03-06,Najiya,329.0,No Information,,"Edapalli,Enquiry to it course ,no idea",No
8416,8416,Untouched,2026-04-06,Rincy,88.0,No Information,,b tech kayinju 1 year gap eduthu kottayam veed//4n rnp///7n msged vayya hospitalil aanu///10n msged//12n msged,No
8417,8417,Call < 5 mins,2026-04-06,Afees,28.0,No Information,,No Information,No
8418,8418,Untouched,,nafi,0.0,No Information,2026-03-08,"all ippo plus twoo kayinj nikkan ,it  feild ann thalpariyam , basics onnum illa, vtl achan , amma , ettan ann illath , ettan automobil feildill ann work cheyanne , achann kulli panni ann \\rnp\\rnp wtsp no reply // same // same as before//rnp wtsp no response// rnp",No
8419,8419,Call <24Hr,2026-03-06,Bridgeon Admin,8.0,No Information,,No Information,No
8420,8420,Call <1Hr,,Rincy,38.0,No Information,,Oru kutty thannath//ok aan oru divasam visit aakn varam///9n ee week nokam//12n businte paysa okke aavumbo budhimutt aanu nokatte enn,No
8421,8421,Call <24Hr,2026-04-06,Najiya,73.0,No Information,2026-06-06,"pg interested,he is cousin working kinfra ,his referal",No
8422,8422,Call >72Hr,,Sanju,0.0,No Information,,uppante phonilnnanu enquiry cheythe no idea about bridgeon,No
8423,8423,Call >72Hr,,Sumayya,0.0,No Information,,"plus two kaznju next bca eduthal kollam ennund basic detals shared on wtsp
20/6//detailss paranju koduthuu//confused anan nokkaa//thalassery aann placeee",No
8424,8424,Call < 30 mins,2026-05-06,Sanju,837.0,No Information,2026-04-07,details shared aan navy de xam ezhutheet nikaanu eh mnth 3rd wek avimbozhek result varum ennan paranje ath kazhinjite noku2 brthrs oral dubai oraal natil thane father koolipani,No
8425,8425,Call >24Hr,,Najiya,0.0,No Information,2026-05-06,"he is bio science,Reference from Harshad sir thiththara",No
8426,8426,Call >72Hr,2026-03-07,Sumayya,3.0,No Information,,vtl illa// ///8n call cut aaki//12n rnp call  intrest nd ...nilambur///...///17n rnp///18n rnp//noknd enn///23 n rnp call cut aaki poyi,No
8427,8427,Call >72Hr,,Ambili,49.0,No Information,,No Information,No
8428,8428,Call <24Hr,,Najiya,71.0,No Information,,"farha friend,visit hub monday,visit parents saturday",No
8429,8429,Call <4Hr,,Afees,25.0,No Information,2026-04-06,busy will connect later,No
8430,8430,Call <24Hr,2026-11-07,Najiya,2.0,No Information,2026-11-07,"Ahammed yaseen frnd,inform within 2 days",No
8431,8431,Call <4Hr,2026-05-06,Sanju,1.0,No Information,2026-05-06,rnp,No
8432,8432,Call >72Hr,2026-08-06,Rincy,40.0,No Information,2026-06-06,Plus 2 science kayinj manjeri veed nokeett parayam ///8n not intrested,No
8433,8433,Call >72Hr,,Ambili,39.0,No Information,,"tmr he willl cobfirm
5 /6 rnp, rnp",No
8434,8434,Call <4Hr,2026-03-06,Bridgeon Admin,61.0,No Information,,"Bsc chemistry,",No
8435,8435,Call <1Hr,,Najiya,236.0,No Information,,"interested manglore hub,she is full stack course enquiry,",No
8436,8436,Call <4Hr,2026-03-06,Najiya,0.0,No Information,,No Information,No
8437,8437,Call <4Hr,2026-04-06,Afees,0.0,No Information,2026-04-06,tamil anenn thonunnu call cut akki then rnp,No
8438,8438,Call <4Hr,2026-03-06,Bridgeon Admin,131.0,No Information,,interested enquiry for sister,No
8439,8439,Call <4Hr,,Sanju,0.0,No Information,,details shared aanu kooduthal inteligence gather chyan pateela nxt call chyam intrested aanu ennokeyan paranje followup aanu,Yes
8440,8440,Call >72Hr,,Sumayya,15.0,No Information,,rapo buld cheyyan pateella alu corrently plus two kazhinju nikkanu bba or bca confusion and no idea about bridgeon,No
8441,8441,Call < 45 mins,,Afees,24.0,No Information,2026-04-06,busy will connect later,No
8442,8442,Unknown,,nafi,0.0,No Information,,rnp contacted on wtsp \\ rnp\\rnp\\rnp\\ same,No
8443,8443,Call < 5 mins,2026-06-06,Najiya,0.0,No Information,2026-05-06,"Wandoor,interested manjeri hub",No
8444,8444,Call >72Hr,,nafi,119.0,No Information,,all ippo ore couse cheeyind so ath kond vere noknilla enna parenjeth,No
8445,8445,Call < 45 mins,,Najiya,29.0,No Information,2026-04-07,"she is edavannapara, already learn mernstack course in govt,inform later",No
8446,8446,Call >24Hr,2026-05-06,Najiya,0.0,No Information,2026-06-06,visited hub,No
8447,8447,Untouched,,Sumayya,26.0,No Information,,"call picked by bother\\ all brotherntte kalliyanathintte therakill ann , all enthayllun ingatt villikan nikairnnu so nalla enthayallum villikan enn parnj\\rnp \\ rnp wtsp no response // details mothamm paranjind // nalle hub visit varam enn paranjind",No
8448,8448,Call < 5 mins,,Najiya,0.0,No Information,,"interested ,discuss frnd inform later",No
8449,8449,Call <4Hr,2026-03-06,Bridgeon Admin,54.0,No Information,,No Information,No
8450,8450,Call <4Hr,2026-04-07,Afees,53.0,No Information,2026-04-06,rnp contacted on wtsp,No
8451,8451,Call < 5 mins,2026-03-06,Najiya,219.0,No Information,,"interested mern stack course,interested after 2 month bcs 34 month bsby there",No
8452,8452,Call >72Hr,2026-04-07,Rincy,37.0,No Information,2026-04-07,+2 kayinju//kaaryghll okke paranju kodiuthindd/vtll samsariknmm/so enniiittee decide chynn pattulluu,No
8453,8453,Untouched,,Sanju,0.0,No Information,,"details shared aanu vtil discus chythit parayam ennanu paranje
talked to brother but rply vanitilla",No
8454,8454,Call <4Hr,2026-07-07,Najiya,111.0,No Information,,"Visit hub tomarrow with frnd Anshida ,visit parents  saturday",No
8455,8455,Call >72Hr,,Rincy,101.0,No Information,2026-05-07,reference  by adil//bc.//17n 2 masam kayyum onn porathott okke povnd adhokke kayinju vannitt,No
8456,8456,Call >72Hr,,Ambili,0.0,No Information,,economics aan padichedh veed perambra busy,No
8457,8457,Call <4Hr,2026-06-07,Ambili,0.0,No Information,2026-03-07,"ippo oru driving schoolil wrkeyyan bcom 2yrs munp veed kondotty, initially detailsokke paranj kodthind, confusionlaan evde chooseyyumnn, nokkitt  parayam",No
8458,8458,Call <8Hr,2026-04-07,Rincy,32.0,No Information,,btech cs kayinju job nokkii but onn aayillaa so course edukkn  vichrichuu//wayanad aann placee// 6/6/rnpp/2/,No
8459,8459,Call <4Hr,2026-04-06,Rincy,19.0,No Information,2026-09-06,Umma call idth pinne bilikan///9633025073///8086043142////4n rnp//7n nokam,No
8460,8460,Call <4Hr,2026-04-06,Najiya,52.0,No Information,2026-06-06,"Data anaytics Enquiry,inform later",No
8461,8461,Call < 5 mins,2026-10-06,Najiya,0.0,No Information,2026-12-06,"plustwo science ,inform later,she is kottakkal",No
8462,8462,Call >24Hr,2026-04-06,Sumayya,0.0,No Information,,No Information,No
8463,8463,Call <4Hr,2026-03-06,Sumayya,28.0,No Information,,No Information,No
8464,8464,Call >24Hr,2026-04-06,Sumayya,0.0,No Information,,No Information,No
8465,8465,Call <8Hr,2026-05-07,Afees,38.0,No Information,2026-04-06,rnp contacted on wtsp,No
8466,8466,Call <24Hr,2026-02-06,Bridgeon Admin,157.0,No Information,2026-06-06,"interested,data anaytics",No
8467,8467,Call >72Hr,,Rincy,28.0,No Information,2026-04-06,No Information,No
8468,8468,Call >72Hr,,Ambili,0.0,No Information,,milhaj friend,No
8469,8469,Call <4Hr,2026-09-06,Najiya,47.0,No Information,2026-09-06,uiux intereted inform later,No
8470,8470,Call <4Hr,2026-04-06,Najiya,0.0,No Information,,No Information,No
8471,8471,Call < 5 mins,,Najiya,41.0,No Information,,No Information,No
8472,8472,Call < 5 mins,,Najiya,53.0,No Information,,"Enquiry for son ,bio science",No
8473,8473,Call <4Hr,,Ambili,0.0,No Information,,"competitive exmn vendi padichu  2024 plustwo kazhinjehdan, busy",No
8474,8474,Call <4Hr,2026-05-06,Sanju,0.0,No Information,,details shared aanu complete vtil discus chythit nale parayam ennanu paranje,No
8475,8475,Call <24Hr,2026-03-06,Afees,52.0,No Information,,No Information,No
8476,8476,Untouched,,nafi,0.0,No Information,,rnp/msgd \\ rnp\\ rnp // same// rnp wtsp no response//same,No
8477,8477,Call <24Hr,2026-03-06,Sanju,0.0,No Information,,No Information,No
8478,8478,Call <24Hr,,Sanju,31.0,No Information,,father aanu register chythathu full detail share kodukan pateetilla thirich call chya nn aan paranjathu one hr il,No
8479,8479,Call >24Hr,,Rincy,26.0,No Information,,3/ 6 switchedc off//3n incomming call illa///5n rnp///july 3n umma aan call idthe avan vtl illa paranju//4N INCOMMING ILLA ////6n rnpsame..////8n rnp switched off///10n ... oru exam nadaknd nokate time idkum.......nokatte paranjuu..ippo nokunnilla///20N RNNP,No
8480,8480,Call >24Hr,2026-04-07,Rincy,0.0,No Information,2026-04-07,call eduth cut aaki///5n rnp///3n rnp///4n rnp,No
8481,8481,Call >72Hr,,Sanju,24.0,No Information,,plus two aan nn aanu paranje but questions ketitu angane thonilaa something fishy aro aduthunu enthokyo choikanoke in d enthayalum details shared aanu (institutes nu pitch kittan vilichapole thoni ah type objestions mathram correct aayt edthu choichirunu),No
8482,8482,Call >24Hr,,Rincy,17.0,No Information,2026-06-06,"3/ 6 rnp , rnp2////4n rnp ///26n not ontrested",No
8483,8483,Call <24Hr,2026-03-06,jaiharish,16.0,No Information,,No Information,No
8484,8484,Call >24Hr,2026-06-07,Rincy,0.0,No Information,2026-06-07,3/5-rnp////4n rnp ///5n rnp///3n rnp ////6n rnp,No
8485,8485,Call >24Hr,2026-07-07,Rincy,0.0,No Information,2026-07-07,rnp///5n rnp///3n mazha aan onnum keekknilla enn///4n rnp ////6n rnp////7n rnp,No
8486,8486,Call >24Hr,,Rincy,0.0,No Information,2026-06-06,3/ 6 no incoming msgd through wp////4n incomming illa///5n rnp same///26n rnp,No
8487,8487,Untouched,,nafi,0.0,No Information,,"nott connctedd//rnpp//@evening
19/6/rnp/2//busy \\ rnp\\rnp \\rnp\\all degreekk join cheythu bsc chemestry ann , so all vtl onn chothichitt addon coursintte theruman parayam enn ann paranjee //rnp try to connect on wtsp // rnp no response on wtsp// rnp",No
8488,8488,Call <24Hr,2026-07-06,Sumayya,0.0,No Information,,eduthit cut  aaki poii  thnn no responsee//rnpp//,No
8489,8489,Call >24Hr,2026-05-06,Rincy,0.0,No Information,2026-05-06,rnp/3//rnp/4//////4n rnp rnp///5n rnp,No
8490,8490,Call <4Hr,,Sumayya,0.0,No Information,,watsapp calleddd//details shred for media//,No
8491,8491,Call < 5 mins,2026-07-07,Najiya,47.0,No Information,2026-06-06,"he is working accounting field interested it ,with friends",No
8492,8492,Call <24Hr,2026-11-07,Sumayya,0.0,No Information,,"bsc botany chyuuvann 2mnd year//kottay,mm annn//degreee dropp cchynn nikuvvaa..aallkk ith ishtallaa//paaraents aduthh samsarikanmm//rnp/@evening",No
8493,8493,Call >72Hr,2026-04-07,Rincy,0.0,No Information,2026-04-07,bca kayinju indra gadhi clg ernaklm//data analytics aann nokunneee///dr kanikn pobva thirakkillamnnn..so calll aakanmm///4n rnp,No
8494,8494,Call >24Hr,,Rincy,0.0,No Information,,rnpp/3//rnp/4//4n diploma cheydhondirikan bc aan whatsappil ayakan paranju ///8n rnp///11n rnp///17n rnp///21n rnp,No
8495,8495,Call <24Hr,2026-11-07,Sumayya,0.0,No Information,,+2 kayinjuu//bio science aarrnnuu//sulthn batheryy ann place//it intrested aann//vtl achan amma sister ind(+2),No
8496,8496,Call >24Hr,,Sumayya,128.0,No Information,,"busy
24 age aayii//tvm aanan place//achan amma kunjile marichuu//ammammaa mathre ulluu/chettn undd cheettn 28 aayii//dubai ill driver  aannn//",No
8497,8497,Call >24Hr,2026-05-06,Rincy,25.0,No Information,2026-05-06,rnp contacted on wtsp////3n rnp //nokeet vilikam kuttinte uppa aanu///5n not intrested,No
8498,8498,Call <24Hr,2026-11-08,Sumayya,29.0,No Information,,No Information,No
8499,8499,Call <24Hr,,Sumayya,22.0,No Information,,for brother in law//plus two 60 % markee ulluu//so corse nokunneee//cheraayi aann place//,No
8500,8500,Call <4Hr,2026-03-06,Afees,0.0,No Information,,No Information,No
8501,8501,Call <24Hr,,Sumayya,23.0,No Information,,mother enquired for son.plus two kayinju///media aan nokunnee//8 clock nu sheshmm ann vtl ethaa//ennitt 2 perudytmm ayiitt samsarika,No
8502,8502,Call >24Hr,2026-05-06,Rincy,0.0,No Information,2026-05-06,eduthu cut aki poiii//no responsee//rnpp @eveningg////3n rnp ///5n rnp,No
8503,8503,Call >24Hr,2026-03-07,Rincy,19.0,No Information,2026-08-06,4n incomming illa///msged///5n rnp//3n nokunnilla enn,No
8504,8504,Call >48Hr,,Sumayya,0.0,No Information,,call eduthappoo bridegeon paranjuu//njn chernnu ippo nokunnillaa//innle chytha enquiry aann paranjapoo details aykk buzyaa paranj vechy////4n rnp,No
8505,8505,Call >24Hr,2026-05-06,Rincy,0.0,No Information,2026-05-06,nppp//3///rnnp//4//////4n rnp ///5n rnp,No
8506,8506,Call >24Hr,2026-03-06,jaiharish,112.0,No Information,,3 / 6 data analytic enquired foronline course not available,No
8507,8507,Call <4Hr,,Ambili,0.0,No Information,,"e fieldne kurich idea illa, jst enqiuiry aan initial karynagal prnj koduthind, ipo oru business cheyyan, veed thrissur, fee nte karyathil confused aan",No
8508,8508,Call < 5 mins,,Najiya,0.0,No Information,,inform later,No
8509,8509,Call >24Hr,,Najiya,46.0,No Information,,"interested,visited hub",No
8510,8510,Call >24Hr,2026-02-07,Sanju,0.0,No Information,2026-04-07,bca course eduthu but intrested aanu vtil samsarikan aan paranjekune waiting for the final responce,No
8511,8511,Call <4Hr,2026-08-06,Najiya,131.0,No Information,2026-09-06,"interested,jihan frnd ,bca woth tech course interested",No
8512,8512,Call <4Hr,2026-06-08,Najiya,71.0,No Information,2026-05-06,"visit hub tomarrow with father,jihan frnd",No
8513,8513,Call >24Hr,,Najiya,62.0,No Information,2026-03-06,interested,No
8514,8514,Call >72Hr,,Ambili,0.0,No Information,,"kondotty place , bsc physics completed one year before 
husband works in abroad in medical firm wants to connected i  wp
5 / 6 msgd in wp deatils shared data science roadmap, location chodhichu",No
8515,8515,Call <24Hr,2026-03-06,Sumayya,0.0,No Information,,No Information,No
8516,8516,Call >24Hr,2026-11-07,Sumayya,0.0,No Information,,"busy
4/6//rnp/3/rnp/4//",No
8517,8517,Unknown,,Rincy,40.0,No Information,,rnp///5n rnp///26n rnp..28n nokkunnilla,No
8518,8518,Call >48Hr,2026-07-07,Rincy,21.0,No Information,2026-06-07,"3 / 6 rnp , rnp2////3n samsarichu mazha aan onnum keelknilla///4n dgree bba...thalasseri....nokeett parayam//thalparyalla",No
8519,8519,Call >24Hr,2026-04-06,Najiya,22.0,No Information,2026-05-06,"Data anaytics interested,visited hub ,jabirka frnd brother son",No
8520,8520,Untouched,,Unknown,0.0,No Information,,No Information,No
8521,8521,Call <4Hr,2026-03-06,Najiya,0.0,No Information,,No Information,No
8522,8522,Call <24Hr,2026-03-06,Sumayya,21.0,No Information,,rnp 3,No
8523,8523,Call <4Hr,2026-12-06,Ambili,335.0,No Information,2026-09-06,"computer commerce aan, next endh edkknm confusionlaan, brotol enquiry chydhind prnju copare cheydh kore karyngal chodhichu, veed nilambur",No
8524,8524,Call >24Hr,2026-03-06,jaiharish,117.0,No Information,2026-03-06,3 / 6 mom tooj the call she went tpo bath,No
8525,8525,Call >24Hr,2026-03-06,jaiharish,0.0,No Information,,No Information,No
8526,8526,Call >24Hr,2026-08-06,Ambili,6.0,No Information,2026-09-06,No Information,No
8527,8527,Call >24Hr,,Ambili,20.0,No Information,,"plustwo  bio maths , football player aan so adhinte opportunity kittunna clgsm nokkunnund, veed kollam",No
8528,8528,Untouched,,Unknown,0.0,No Information,,No Information,No
8529,8529,Untouched,,Unknown,0.0,No Information,,No Information,No
8530,8530,Call <8Hr,,Ambili,0.0,No Information,,"aalk vellya idea illa endh edkkumnn, veed vadakara, computer science aan padichedh",No
8531,8531,Call >72Hr,,Ambili,133.0,No Information,,"3 / 6 pattambi place 12 th umanities qualifcation 
after that took hospital administration 
age : 20, dgree edkknonn confusionlaan",No
8532,8532,Call >24Hr,2026-03-06,jaiharish,0.0,No Information,,No Information,No
8533,8533,Call >72Hr,,Ambili,0.0,No Information,2026-06-06,"3 /6 place , mlp near manjeri 
his friends also is there with him he already visited manjeri hub 
family : father driver in abroad youngr brothjer and sisters 
warm client cs background",No
8534,8534,Call >48Hr,2026-05-06,Sumayya,0.0,No Information,,"3/ 5 busy father took the call
makan vndi achan nokiythaa//avn 2nd year padikkaa clg illl//palkd ann p[lace
ippoo banglr aan ullathh//naatill eteheett makal umayit samsarichit parayaa",No
8535,8535,Untouched,,nafi,0.0,No Information,,rnp\\rnp\\rnp// wtsp no reply rnp// rnp//same,No
8536,8536,Call >72Hr,,Rincy,33.0,No Information,,rnp//msged,No
8537,8537,Call <24Hr,2026-10-06,Ambili,53.0,No Information,2026-08-06,"cloud computing aan chodhichedh, bsc elctronics aan padichedh, busy aan",No
8538,8538,Call <24Hr,2026-06-06,Ambili,30.0,No Information,2026-03-06,"busy aan, aalk regstr cheydhenne ormalla, onnum kelkkan nikkunnilla",No
8539,8539,Call >72Hr,,Sumayya,34.0,No Information,,engottu ann enquiry cheythen oru idea illa basic details shared on wtsp tvm place,No
8540,8540,Call <24Hr,2026-02-07,Afees,43.0,No Information,2026-06-06,busy will connect later,No
8541,8541,Call <24Hr,,Ambili,0.0,No Information,,"mother aan edthedh, busy aan again busy",No
8542,8542,Call <1Hr,2026-04-07,Afees,35.0,No Information,2026-02-06,rnp contacted on wtsp,No
8543,8543,Call <24Hr,2026-05-07,Afees,0.0,No Information,2026-03-06,rnp contacted on wtsp,No
8544,8544,Call <4Hr,,Afees,41.0,No Information,2026-03-06,rnp contacted on wtsp,No
8545,8545,Call <24Hr,2026-02-06,Afees,52.0,No Information,,No Information,No
8546,8546,Call < 5 mins,2026-01-07,Najiya,0.0,No Information,,"sanahira brother,our foundationcourse pitch,join foundation course",No
8547,8547,Untouched,,nafi,2.0,No Information,,switch off\\same need talk in wtsp\\rnp// rnp no response in wtsp,No
8548,8548,Call <4Hr,,Ambili,5.0,No Information,,"busy aan, e varsham bcom, aalkk IT vellya idea onnulla just on enquiry aan veed pattmbi, frndsude ind, data anylitcs aan chodhichedh",No
8549,8549,Call <4Hr,2026-03-07,Ambili,0.0,No Information,,"plustwo cs aan, nxt edh edkknm confused aan, bba aan chodhicehd, veed malprm, fund monday lek setaavum, health issue aayitt hospitalized aan, sanjunte phonelnn vilichu avan wednsdy hubil vann payement cheyyam ennan paranjehd",Yes
8550,8550,Call >24Hr,,Najiya,0.0,No Information,,"he is delhi, online course Enquiry",No
8551,8551,Call >48Hr,2026-04-06,Rincy,9.0,No Information,2026-05-06,busy will connect later//////3n cut aaki poyi,No
8552,8552,Call < 5 mins,2026-01-06,Najiya,93.0,No Information,,No Information,No
8553,8553,Call < 5 mins,2026-03-07,Najiya,0.0,No Information,,No Information,No
8554,8554,Call < 5 mins,2026-01-06,Najiya,33.0,No Information,,No Information,No
8555,8555,Call < 5 mins,,Najiya,84.0,No Information,,No Information,No
8556,8556,Call < 5 mins,2026-02-06,Najiya,186.0,No Information,2026-03-06,"interested,already contacted mother,she is uae,visited  kinfra hub",No
8557,8557,Call <8Hr,2026-01-06,Afees,139.0,No Information,,No Information,No
8558,8558,Call >24Hr,,Najiya,0.0,No Information,,"interested,scan tech enquiryk vannathanu ,place kunduparamb",No
8559,8559,Untouched,,Rincy,0.0,No Information,,switched off///msged//21n call cyut aakunnu///23 n rnp,No
8560,8560,Call <4Hr,2026-10-06,Ambili,111.0,No Information,2026-09-06,financially nalla backwrd aan vtle chilavokke ivala nokkunnedh ival aake cheyyunnedh accounts 12k job aan fund ok aavn chance illa veed thrissur,No
8561,8561,Call <8Hr,2026-01-06,Afees,59.0,No Information,,No Information,No
8562,8562,Call < 5 mins,2026-04-06,Najiya,40.0,No Information,2026-04-06,"interested,sreehari frnd,beypore",No
8563,8563,Call < 5 mins,2026-10-06,Najiya,23.0,No Information,2026-10-06,interested with frnd,No
8564,8564,Call >72Hr,,Bridgeon Admin,88.0,No Information,,"no idea about bridgeon basic details shared on wtsp
details shared aan call cut chyan chythe oinne eduthilla",No
8565,8565,Untouched,,Unknown,0.0,No Information,,No Information,No
8566,8566,Call <24Hr,2026-03-06,Afees,40.0,No Information,2026-03-06,rnp contacted on wtsp,No
8567,8567,Call <4Hr,,Najiya,0.0,No Information,2026-03-06,"visited hub and interested bca with tech ,and frnds,pallikkal bazar",Yes
8568,8568,Call <24Hr,2026-05-07,Afees,51.0,No Information,2026-04-06,cal not snd contacted on wtsp,No
8569,8569,Call >72Hr,,Sanju,0.0,No Information,,it field or bcom edkkanonn doubt ann no idea about bridgeon and it field basic details shared on wtsp,No
8570,8570,Call <8Hr,2026-01-06,Ambili,604.0,No Information,,just crsenen kurich anyeshichidan vilichedhan,No
8571,8571,Call < 5 mins,,Najiya,92.0,No Information,,"Bsc chemistry,kottakkal,data science ,anaytics enquiry,inform later,pg interested",No
8572,8572,Call < 5 mins,,Najiya,2.0,No Information,,"BCA drop out,wtsap chat only",No
8573,8573,Untouched,2026-02-06,Afees,0.0,No Information,,No Information,No
8574,8574,Call <24Hr,,Ambili,8.0,No Information,2026-11-06,busy,No
8575,8575,Call >72Hr,2026-10-07,Rincy,0.0,No Information,2026-10-07,rnp///21n rnp//9n rnp///10n rnp,No
8576,8576,Untouched,2026-03-06,jaiharish,0.0,No Information,,tamil lead,No
8577,8577,Call <24Hr,2026-01-06,Najiya,56.0,No Information,,No Information,No
8578,8578,Call <24Hr,,Ambili,0.0,No Information,,"plustwo kazhinjitt one yr diploma cheydhu, progrmming basicsm padichind veed ekm, vtlnn dgree edkkan parayunnund
call povunnilla",No
8579,8579,Call >72Hr,,Ambili,0.0,No Information,,No Information,No
8580,8580,Call >24Hr,2026-10-06,Ambili,0.0,No Information,2026-09-06,"28 vayassan, oru 2 yrs baby und, hus driveraan, kottayam veed distnce dgree, no idea about IT",No
8581,8581,Call <8Hr,,Bridgeon Admin,0.0,No Information,2026-11-06,rnp,No
8582,8582,Unknown,2026-09-06,Sanju,60.0,No Information,2026-02-06,"reference aan 
details shared aanu",No
8583,8583,Call <8Hr,,Najiya,87.0,No Information,,"interested ,he is malappuram othukkungal  with frnd",No
8584,8584,Call >24Hr,,Bridgeon Admin,65.0,No Information,2026-08-06,BCA chodhichaan enquiry oru normsl dgree aan expct cheydhe ivdthe details initially prnjind,No
8585,8585,Call <8Hr,2026-11-08,Rincy,0.0,No Information,,b tech kayinju papper back nd ayurveda company guest relation exicutive aayit work cheyyan nokatte lap brotherinte kayyilan parayam enn oarabjy////3n rnp ///4n lap kittoolla/14n rnp....22n bc aanu///29n rnp//5n bc///11n rnp,No
8586,8586,Call <24Hr,,Rincy,8.0,No Information,,rnp///26n rnp///28n rnp//29n rnp,No
8587,8587,Call >24Hr,,Ambili,0.0,No Information,,"call eduth cut aakki, father aan samsarichedh,  details paranj kodthind, jsyt fee and karyangal parnju kannur aan veed, mngalapuram padichedh
rnp",No
8588,8588,Call >24Hr,2026-01-06,Ambili,0.0,No Information,,No Information,No
8589,8589,Call >72Hr,2026-04-06,Afees,28.0,No Information,2026-04-06,b tech kayonju papper back nd ippo ayurveda company guest relation exicutive aayit work cheyyuvan..nokeett parayam lap brotherinte kayyilaanu//3n hindi samsarikn,No
8590,8590,Call <24Hr,2026-09-06,Rincy,11.0,No Information,2026-09-06,age 27 ...plus 2 ...bc aanu pathanam thitta aanu veed////3n rnp ///5n rnp///9n ippo nokunni.la,No
8591,8591,Call <4Hr,2026-11-06,Rincy,9.0,No Information,2026-11-06,bc aan msg ayakan paramnju////3n rnp///5n rnp ///8n rnp///11n intrest illa,No
8592,8592,Call <4Hr,,Bridgeon Admin,69.0,No Information,2026-11-06,No Information,No
8593,8593,Call >72Hr,2026-11-08,Sumayya,0.0,No Information,2026-02-11,"alreday mern stack yt vazhi tryout cheythittund,near manjeri,busy
23/6//sister marrige athh kyinjitee kerulluuu//
11/8//rnp/2//  sister maariige kayinjj nallaaa debt indd...job nnuuu decenmber ill irafgummm..ebnnittaa join aakuvva",No
8594,8594,Call >72Hr,2026-09-07,Rincy,35.0,No Information,,///15n rnp//digital marketing aan nokiye adhin cheernnu,No
8595,8595,Call <4Hr,2026-10-07,Rincy,13.0,No Information,2026-10-07,rnp//nokeett parayam enn...28n parayam enn //29n rnp msged///fund issue ///4n rnp,No
8596,8596,Call <4Hr,,jaiharish,45.0,No Information,,No Information,No
8597,8597,Call <4Hr,,jaiharish,142.0,No Information,,No Information,No
8598,8598,Call <4Hr,2026-03-06,jaiharish,45.0,No Information,2026-04-06,plsutwo completed brfore 3 years he doesnt have any idea deatils shared through wp,No
8599,8599,Call >72Hr,2026-06-07,Sanju,74.0,No Information,2026-11-08,"reference by bavish
financial issue ind 2 mnths aavum",No
8600,8600,Untouched,,nafi,3.0,No Information,,rnp wtsp messaged//hospital udministration course ille enn chodichu//rnp // rnp wtsp no response // hospital administration ann noknne enn paranjuu// rnp wtsp no response // he cut the call,No
8601,8601,Call < 5 mins,,Sumayya,281.0,No Information,,ba arabic cheyyuvaann..may 17 aaann exmm kayinuavaa//eniitee naril pokn ppatulluu so 1 year tym waste aavumm degree ku vndii bcz exmas nballa sloww aannn//wayand padippiknn poninddd june uill join cheyyumm appooo..onliine aayitt course cheythuu set aavnn vnditt aann...mathapadanavyum IT field um ionnichh set aaknn annnn,No
8602,8602,Call <4Hr,,jaiharish,88.0,No Information,,30/5 brother took the call he said after he come he wil call me,No
8603,8603,Unknown,2026-03-07,Rincy,2.0,No Information,2026-03-07,Rnp//rnp///26n rnp///28n rnp//29n rnp///3n rnp,No
8604,8604,Call >72Hr,2026-11-08,Ambili,12.0,No Information,2026-03-08,"30 / 5 house wife 23 years old plustwo qualification currently working as front office  , working in ekm 
busy cal tmr she is in her husband houde, ippo cashier aaytt jobn kerittnd, kayyil cashonnulla, 2 mnths kazhinjitt nokkan kazhiyollu
tvm poyi frndinod sMSARIKKNM",No
8605,8605,Call <24Hr,,jaiharish,168.0,No Information,,enquired for digital marketing,No
8606,8606,Call <24Hr,2026-04-06,Rincy,33.0,No Information,2026-07-06,BSc Cs kayinju Kasaragod veed nokatte ennitt parayam enn//3n call eduth onnum mindunnilla///4n ivde nokunnilla,No
8607,8607,Call <24Hr,2026-04-06,Sumayya,45.0,No Information,,bsc physics kayinjuthrissur border aann place//luminar ill course chheythu but ippoo 5 mionths aayii ithuvre pplacemnt aayitillaa//oru interview mathrm aaann ithuvre attended aakiythh,No
8608,8608,Call >72Hr,,Sumayya,0.0,No Information,,visit chythuuu//20/6//rn0p,No
8609,8609,Call < 5 mins,2026-02-07,Afees,70.0,No Information,2026-06-07,busy will connect later,No
8610,8610,Call < 5 mins,2026-06-07,Sumayya,0.0,No Information,,"30 / 5 rnp , rnp2
Pg in economics kayinju, ipoo psc cheyyunnind. It feild ishtaann.. Frnds okke avodhayaull padichh placed aayii.. But ooll enquire akiypoo 25 vayass aayonnd pattillaa paranjuu",No
8611,8611,Call < 15 mins,,Sanju,202.0,No Information,,No Information,No
8612,8612,Call <24Hr,,Sumayya,32.0,No Information,,rnp/1//thn switcghed off/(2),No
8613,8613,Call <24Hr,2026-03-07,Rincy,0.0,No Information,2026-02-07,Rnp//fee keet cut aakipoyi///26n rnp//28n rnp//////3n rnp switched off,No
8614,8614,Call <24Hr,2026-11-06,Rincy,0.0,No Information,2026-11-06,Ba english kayinj ramanattukara veed...oru exam nd nokatte ennitt varam///31n rnp////3n rnp///5n rnp  ///8n rnp///11n rnp,No
8615,8615,Untouched,,nafi,0.0,No Information,,rnp/msgd//no incomming connect on wtsp // wtsp connected// rnp// rnp,No
8616,8616,Call < 5 mins,2026-09-06,Najiya,0.0,No Information,2026-09-06,interested with frnd,No
8617,8617,Call <24Hr,,Rincy,0.0,No Information,,Not available //30n rnp///26n rnp,No
8618,8618,Call < 5 mins,,Bridgeon Admin,73.0,No Information,2026-10-06,No Information,No
8619,8619,Untouched,,Unknown,0.0,No Information,,No Information,No
8620,8620,Call < 45 mins,,Sanju,0.0,No Information,,rnp,Yes
8621,8621,Unknown,2026-09-06,Rincy,1.0,No Information,2026-08-06,Bc aan imma aan call edithe///30n rnp////4n rnp ///5n rnp//9n cut aaki bridgeon keetapo,No
8622,8622,Call < 45 mins,2026-10-06,Ambili,0.0,No Information,2026-11-06,"travel and tourism ippo financel wrkeyyunnu veed kottayam , for online",No
8623,8623,Untouched,,nafi,34.0,No Information,,rnp try to connect on wtsp// rnp,No
8624,8624,Untouched,,Unknown,0.0,No Information,,No Information,No
8625,8625,Untouched,,Unknown,0.0,No Information,,No Information,No
8626,8626,Untouched,,Unknown,0.0,No Information,,No Information,No
8627,8627,Untouched,,Unknown,0.0,No Information,,No Information,No
8628,8628,Untouched,,Unknown,0.0,No Information,,No Information,No
8629,8629,Untouched,,Unknown,0.0,No Information,,No Information,No
8630,8630,Untouched,,Unknown,0.0,No Information,,No Information,No
8631,8631,Untouched,,Unknown,0.0,No Information,,No Information,No
8632,8632,Untouched,,Unknown,0.0,No Information,,No Information,No
8633,8633,Untouched,2026-06-08,Rincy,0.0,No Information,2026-06-08,Age 26 plus 2 kahinjitt finance private aayit work cheyyunnu....Kottayam aan veed nokeett parayam enn////3n rnp ///8n rnp//9n rnp//next month ernakulam varunnund appo join cheyyam///23 n msged///6n korch prashnanthilan adhokke kayinit povam //30n rnp///6n rnp,No
8634,8634,Untouched,,Unknown,0.0,No Information,,No Information,No
8635,8635,Call >24Hr,,Najiya,0.0,No Information,,"he is interested ,visited hub ,bio science ,inform tommarrow",Yes
8636,8636,Call < 5 mins,,Najiya,0.0,No Information,,"he is enquiry to data anaytivs ,ba english ,kumminiparamb,jabirka frnd relative,he is now clgi.visit hub monday",No
8637,8637,Call < 15 mins,2026-01-06,Najiya,0.0,No Information,2026-03-06,plustwo fail,No
8638,8638,Call < 15 mins,2026-10-06,Najiya,0.0,No Information,,"online data anaytics course enquiry, working samsung",No
8639,8639,Call <4Hr,,Najiya,348.0,No Information,,interested,No
8640,8640,Untouched,,Unknown,0.0,No Information,,reference number aanu details shared aanu,No
8641,8641,Unknown,,nafi,0.0,No Information,,no inconimg wtsp rnp,No
8642,8642,Call <24Hr,2026-01-06,Sanju,15.0,No Information,,"python already padichind 6 mnth crse aaitt frnt end mathraan nokkunnedh, veed thrissur,",No
8643,8643,Call <24Hr,2026-03-06,jaiharish,0.0,No Information,2026-05-06,mariche vitl annu,No
8644,8644,Call <24Hr,,jaiharish,350.0,No Information,,29 years old alredy rnning family business bank he just wan to study this wp shared details,No
8645,8645,Call <24Hr,,jaiharish,93.0,No Information,,29 / 5 he said he didnt registered,No
8646,8646,Call >72Hr,,Ambili,0.0,No Information,2026-06-06,29 / 5 enquired for her son he is currently studing acca i shared the details her son was not in home they told they will connect late details shared through wp,No
8647,8647,Call < 5 mins,,Najiya,0.0,No Information,,"Enquiry for sister,kottsakkal interested,inform tomarrow",No
8648,8648,Call <24Hr,,Bridgeon Admin,456.0,No Information,2026-05-06,now not interested,No
8649,8649,Call < 5 mins,,Ambili,130.0,No Information,,hashim's frnd,No
8650,8650,Untouched,,nafi,0.0,No Information,,no wtsp in this contact when we call he was no response properly // rnp // same as before//same,No
8651,8651,Call >72Hr,,nafi,89.0,No Information,,rnp,No
8652,8652,Call >24Hr,2026-03-06,jaiharish,14.0,No Information,2026-04-06,"busy
3/ 6 busy full sound",No
8653,8653,Call >24Hr,,jaiharish,24.0,No Information,,"29 / 5 rnp, rn[2
she told she didnt registered",No
8654,8654,Call >72Hr,,Afees,32.0,No Information,,29 /5 phone witched off  wp connected he said after being free he will contact  me,No
8655,8655,Untouched,,nafi,56.0,No Information,,No Information,No
8656,8656,Untouched,,nafi,0.0,No Information,,switch off try to connect on wtsp// no response // same as before//same,No
8657,8657,Call >72Hr,2026-04-06,Afees,42.0,No Information,,details shared aanu for brthr nn aan paranje whatsapp msg ayakan aan paranje ayachitilla,No
8658,8658,Call >24Hr,,jaiharish,0.0,No Information,,No Information,No
8659,8659,Call >24Hr,2026-08-06,Ambili,68.0,No Information,2026-03-06,"frndinte molk vendittan, jst enquiry aan direct crse arinj chodhich parayamnn paranju veed karuvarakkund",No
8660,8660,Call >24Hr,2026-07-07,Ambili,0.0,No Information,2026-07-07,"IT fieldne kurich idea illaa, IT Lek change aavnmnnund, plustwo humanities aairunnu, one yr military exams ezhuthy just oru intro aan kodthittulledh, ivdek direct varan nokkunnund
SISTER AANphone edthedh",No
8661,8661,Call >24Hr,,Ambili,60.0,No Information,2026-12-06,"korch yrs kalyanil sales wrkeydhu, data anlyticsaan nokkidh, idhine kurich idea onnulla, plkd aan veed",No
8662,8662,Call >72Hr,2026-09-07,Sumayya,0.0,No Information,,rnp//plus 2 padichu oru sub fail aayittund .........manjeri aan veed uppa divorced aan so immeem avanum mathram olu avan part time aayi workin poyittan ummane nokunnath scholorship pitch aakeetund nokatte vtl choykatte enn parnaju/////23 n nokatte enn///26n rnp..28n rnp//29n rnp///3n rnp///4n rnp////7n rnp,No
8663,8663,Call >24Hr,,Ambili,67.0,No Information,,"2018 plustwo pinne ITI carpentr cheydhu adhil wrkeydhu, veed beypore broto basics nokkirnu, al ippo endho exam nokkuvan adh 3 mnths ntedhan adh kazhinj nokkanan",No
8664,8664,Call < 5 mins,,Ambili,31.0,No Information,,No Information,No
8665,8665,Call < 5 mins,,Najiya,0.0,No Information,,"interested data science,family mrg programm busy,husband khader calling,interested next batch",No
8666,8666,Call >72Hr,,Ambili,0.0,No Information,,No Information,No
8667,8667,Untouched,,Unknown,0.0,No Information,,No Information,No
8668,8668,Untouched,,Unknown,0.0,No Information,,No Information,No
8669,8669,Call >72Hr,,Safa,0.0,No Information,,No Information,No
8670,8670,Untouched,,Unknown,0.0,No Information,,No Information,No
8671,8671,Untouched,,Unknown,0.0,No Information,,No Information,No
8672,8672,Untouched,,Unknown,0.0,No Information,,No Information,No
8673,8673,Untouched,,Unknown,0.0,No Information,,No Information,No
8674,8674,Untouched,,Unknown,0.0,No Information,,No Information,No
8675,8675,Untouched,,Unknown,0.0,No Information,,No Information,No
8676,8676,Untouched,,Unknown,0.0,No Information,,No Information,No
8677,8677,Untouched,,Unknown,0.0,No Information,,No Information,No
8678,8678,Call < 30 mins,,Najiya,0.0,No Information,,"15% discount,interested course,good opinion workshop",No
8679,8679,Untouched,,Unknown,0.0,No Information,,No Information,No
8680,8680,Untouched,,Unknown,0.0,No Information,,No Information,No
8681,8681,Untouched,,Unknown,0.0,No Information,,No Information,No
8682,8682,Call >72Hr,,Safa,21.0,No Information,,No Information,No
8683,8683,Untouched,,Unknown,0.0,No Information,,No Information,No
8684,8684,Untouched,,Unknown,0.0,No Information,,No Information,No
8685,8685,Untouched,,Unknown,0.0,No Information,,No Information,No
8686,8686,Untouched,,Unknown,0.0,No Information,,No Information,No
8687,8687,Untouched,,Unknown,0.0,No Information,,No Information,No
8688,8688,Untouched,,Unknown,0.0,No Information,,No Information,No
8689,8689,Untouched,,Unknown,0.0,No Information,,No Information,No
8690,8690,Call >72Hr,2026-05-06,Najiya,2.0,No Information,2026-10-06,"she is degree cmplt emea,visited bridgeon that time ,data science enquiry,vengara",No
8691,8691,Untouched,,Unknown,0.0,No Information,,No Information,No
8692,8692,Call >48Hr,,Bridgeon Admin,24.0,No Information,2026-05-06,"busy
3/ 6 rnp , rnp2",No
8693,8693,Call < 5 mins,,Bridgeon Admin,103.0,No Information,,No Information,No
8694,8694,Call < 5 mins,,Bridgeon Admin,30.0,No Information,,vilichpo contact cheydhillaannan prnjedh,No
8695,8695,Call < 5 mins,,Bridgeon Admin,21.0,No Information,,No Information,No
8696,8696,Call >48Hr,,Bridgeon Admin,682.0,No Information,,already connected by someone,No
8697,8697,Call < 5 mins,,Bridgeon Admin,56.0,No Information,,No Information,No
8698,8698,Call >72Hr,,Ambili,65.0,No Information,,"call back busy 
busy in marriage call tmr
mtech kazhinjedhan, aalk ithrem fee kodth padikn intrst illa",No
8699,8699,Call >72Hr,,Rincy,0.0,No Information,,i  phone aanu call ponilla///21n rnp//22n bc aanenn//24n rnp///27nn rnp,No
8700,8700,Call < 5 mins,,Bridgeon Admin,1174.0,No Information,,No Information,No
8701,8701,Untouched,,Unknown,0.0,No Information,,whatsapp connected,No
8702,8702,Call >72Hr,,Sanju,0.0,No Information,2026-03-07,whatsapp connected aan,No
8703,8703,Call <4Hr,,Najiya,0.0,No Information,,"20% discount in feee,already communicated ,interested our system may be join our course ,pg anu nokunnathu after one year",No
8704,8704,Call < 5 mins,,Ambili,563.0,No Information,,No Information,No
8705,8705,Call < 5 mins,,Bridgeon Admin,0.0,No Information,,No Information,Yes
8706,8706,Call < 5 mins,2026-01-06,Najiya,0.0,No Information,,No Information,No
8707,8707,Call < 5 mins,2026-05-06,Rincy,14.0,No Information,2026-05-06,"27/5-1st call rnp 
second call took just vedio shared 
////3n rnp//4n call pomnilla///5n rnp",No
8708,8708,Call <4Hr,,Rincy,16.0,No Information,,rnp //vere callila///26n,No
8709,8709,Untouched,2026-02-07,Sumayya,4.0,No Information,2026-06-07,"27/5- took- keam exam ezthy irikaaanu- already admission kitteeetnd -idh just nokye aaanu ///3n rnp

scholrzhip",No
8710,8710,Untouched,2026-03-07,Sanju,0.0,No Information,2026-06-07,samsarikan pateela adhigma but details shared aan korachoke ipo purathan free aayt vilikam ennan paranje,No
8711,8711,Call <4Hr,,Sumayya,267.0,No Information,,no incoming//watspp rnoppp msgggedd///online  preffered,No
8712,8712,Untouched,,Unknown,0.0,No Information,,No Information,No
8713,8713,Untouched,,Safa,0.0,No Information,2026-01-06,27/5- mother- mon vendi aaayirunu- aaal robotics engineering kazhinju- therakilaaanu korch kazhinj vilikaaam rnp,No
8714,8714,Untouched,,Unknown,0.0,No Information,,No Information,No
8715,8715,Call <4Hr,2026-05-06,Sanju,0.0,No Information,,bca aan 4 lak aayi edu loan aanu kore institute oke nokindu munne athoke polich koduthindu but verum nn thonunilla financial issue ind but father hotel aan mother beautition aan details shared aanu,No
8716,8716,Call < 5 mins,,Bridgeon Admin,0.0,No Information,,No Information,Yes
8717,8717,Call >48Hr,,jaiharish,0.0,No Information,,No Information,No
8718,8718,Call >72Hr,,Rincy,62.0,No Information,,No Information,No
8719,8719,Call < 5 mins,,Bridgeon Admin,0.0,No Information,,No Information,No
8720,8720,Call <4Hr,2026-05-08,Rincy,0.0,No Information,2026-02-07,bc aanu//30n Incomming call illa//3n malappuram een month last batch veenam///fund issue aan nokatte endhayakum keeranam ///8n hub visit varam//12n msged//HUB VISIT VANN 15N koyappalla fund set aakan ind//17n hubil vannu......fund set aakan time veena.....///feb aann veendath pre book cheyynath nokatte enn//25n msged///29n rnp,No
8721,8721,Call <8Hr,,Ambili,62.0,No Information,,"kutyadi, btech cs kazhinjedh, edh edkknm confusionlaan btech backpapers und
rnp
23n hub visit prnjedhan vannittilla,
busy
hospital issue",No
8722,8722,Call < 30 mins,,Sanju,1205.0,No Information,,"entho function lu aanu ath kazhinj vilika ennanu paranje
details shared aan",No
8723,8723,Call <8Hr,,Sumayya,0.0,No Information,,"rnp/3//rnp//4/
same situationnn",No
8724,8724,Call <8Hr,,Ambili,0.0,No Information,,No Information,No
8725,8725,Call <8Hr,,Ambili,107.0,No Information,,No Information,No
8726,8726,Call >48Hr,,Sanju,63.0,No Information,,bc,No
8727,8727,Call >48Hr,2026-10-06,Ambili,128.0,No Information,2026-08-06,"detailsokke already paranj kodthind mnjeri hub visiteydhind, nayanente frndaan, inn hub visit cheydhu",No
8728,8728,Untouched,,Safa,0.0,No Information,,27/5-2 times rnp,No
8729,8729,Call < 5 mins,,Sanju,905.0,No Information,,details sahred aanu mother aanu contact chythe incoming aayrnu reference aanu father kuwait il aanu ivaru broto lu enquiry chythind,No
8730,8730,Call < 30 mins,2026-03-06,Sumayya,32.0,No Information,,rnp(3)call @evening  rnp/4//watspp conncted   no reasponseee//calledd andd rsponsed like not to contnue this,No
8731,8731,Call <4Hr,,Sanju,10.0,No Information,,evng vilikan aan paranje,No
8732,8732,Untouched,,Unknown,0.0,No Information,,whatsap connected aan,No
8733,8733,Call <24Hr,2026-12-06,Rincy,11.0,No Information,2026-11-06,digital marketing padich kondirikkunnu....neeritt poyi nokam///30n rnp call ponil;a////3n rnp //bc aanu ippo ///8n rnp//12n rnp,No
8734,8734,Call <24Hr,,Safa,270.0,No Information,2026-04-06,27/5- father mon vendi enquiry cheythe aaanu -aaalde number wtspil ayykaamenn paranju- ippo joli sthalathaaanu -weekly mathre vtil povu -plus two commerece aaayirunu6238042467////3n rnp//4n not intrested,No
8735,8735,Call <24Hr,2026-06-07,Sanju,32.0,No Information,,rnp,No
8736,8736,Call < 5 mins,,Bridgeon Admin,1.0,No Information,,No Information,No
8737,8737,Call < 5 mins,,Bridgeon Admin,53.0,No Information,,No Information,No
8738,8738,Call >48Hr,2026-07-06,Sumayya,49.0,No Information,,"not clear 
ottumm intrest illaa//degree aann nokunneee//avn thannee thannee idea illaa van ntha cheyuunneennuu",No
8739,8739,Call <24Hr,2026-10-07,Rincy,0.0,No Information,2026-10-07,rnp//rnp///26n rnp//9n rnp///10n rnp,No
8740,8740,Call >72Hr,,Rincy,0.0,No Information,,rnp contacted on wtsp///21n rnp,No
8741,8741,Call <24Hr,,Safa,0.0,No Information,,27/5-  2 times-rnp,No
8742,8742,Call < 5 mins,2026-06-08,Sumayya,3.0,No Information,,plus two kayinjthh aann pass ayiii but a+ onnmillaa//buzy ayond pettenn vechhh,No
8743,8743,Call <24Hr,2026-03-06,Rincy,48.0,No Information,2026-04-06,umma anau call eduthe uranguvan eneechit vlikam enn aranju//rnp/////30n uranguvan///9061259496 ummante number.........9292348818  chekkante number//sumayya chekkane contact cheyyunnund,No
8744,8744,Call < 5 mins,,Afees,98.0,No Information,,No Information,No
8745,8745,Call < 5 mins,,Afees,438.0,No Information,,No Information,No
8746,8746,Untouched,,Afees,129.0,No Information,2026-07-07,akshay ref,No
8747,8747,Call <4Hr,,Ambili,29.0,No Information,,"call clear aavunnundayirunnilla, this yr dgree physics passout aan veed karuvarakkund",No
8748,8748,Call >72Hr,,Bridgeon Admin,0.0,No Information,,rnp contacted on wtsp,Yes
8749,8749,Call < 5 mins,,Bridgeon Admin,0.0,No Information,,No Information,Yes
8750,8750,Call >72Hr,,Najiya,53.0,No Information,,"interested ,he is kizhissery ,visited hub ,interested july batch  with frnd",No
8751,8751,Call >72Hr,,nafi,0.0,No Information,,rnp looks like hindi,No
8752,8752,Call <8Hr,,Sumayya,17.0,No Information,,Plus two aann full doubttt aannn//direct vernn paranjathaa,No
8753,8753,Call < 5 mins,,Bridgeon Admin,33.0,No Information,2026-08-06,"e varsham plustwo computer cmrse kazhinju, ini endh edkknm searching aan, mother aan vilichedh veed karuvarakkund",No
8754,8754,Call <24Hr,,Sanju,0.0,No Information,,details shared aan married aanu hus vehicles ceramic coating nte ppd aan whatsp lum korch details koduthind baki nokanam,No
8755,8755,Call <24Hr,2026-02-07,Sanju,0.0,No Information,,"connected on whatsapp ,no incoming",No
8756,8756,Call >72Hr,2026-02-06,Ambili,35.0,No Information,2026-03-06,"idh husbnd nmbran, 9745581737plstwo humanities, busy parent nmbraan",No
8757,8757,Untouched,,Rincy,29.0,No Information,,kuttinte uppa an viliche vengara aan veed ok aaan nokeett paraym////27n perunnal kayinjit cheyyam///30n rnp,No
8758,8758,Call <4Hr,,Ambili,0.0,No Information,,"btech ec aan padichedh, codinglek chnge aavnmnn und details prnjind veed wayanad, padichedh govt kannur clg",No
8759,8759,Call <24Hr,2026-08-06,Rincy,0.0,No Information,2026-08-06,Adwaidinte frnd aan//MSGED//bc aanu//27n bc aanu....30n rnp aanu ////3n rnp 7n cheyyam ///8n inn cheyyaam,Yes
8760,8760,Call <8Hr,,Rincy,39.0,No Information,,Plus 2 kayinju Cs aayirunnu//bc//JUST DETAILS SHARED//27n rnp///30n rnp////3n rnp ..4n msgeed///5n rnp ///8n theerumanicheella///10n rnp///17n not intrested,No
8761,8761,Call <24Hr,,Rincy,0.0,No Information,,Whats app illa incoming illa/ //26N RNP INCOMMING ILLA//27n same,No
8762,8762,Call <24Hr,,Rincy,31.0,No Information,,No Information,No
8763,8763,Call <24Hr,2026-02-06,Ambili,0.0,No Information,2026-01-06,"38 vayassund, switcheyyan aan nokkunnedh bt part tymokke possible uiux wrkeydh layoff kittidhan, ippo kochi aan ulledh",No
8764,8764,Call <24Hr,2026-05-06,Rincy,22.0,No Information,2026-06-06,rnp//nokeet parayam thrisur aan veed vallya oru sugallya//27n rnp///3n rnp///5n rnp,No
8765,8765,Call < 5 mins,2026-08-06,Rincy,0.0,No Information,2026-08-06,Rnp//26N RNP msged//details oakke paranj kodthu//onnoode nokanam ennktt parayam///msg ayakkunnund //sunday parayam enn paranju////3n msged 7n cheyyam///5n msged,No
8766,8766,Call >72Hr,2026-09-06,Najiya,14.0,No Information,,Nokeett parayam Vergara aanu ved details okke paranjy ok aan,No
8767,8767,Call <24Hr,2026-06-06,Ambili,0.0,No Information,2026-08-06,"just idhine kurich ariyan msg ayachedhn, veed mlprm, uppa govt employee aan, initial intro aan paranjedh",No
8768,8768,Call <24Hr,,Sanju,0.0,No Information,,rnp,No
8769,8769,Call >72Hr,,Bridgeon Admin,0.0,No Information,,No Information,Yes
8770,8770,Call < 5 mins,,Afees,15.0,No Information,,No Information,No
8771,8771,Call <1Hr,2026-10-06,Ambili,0.0,No Information,2026-08-06,"porthaanulledh dta anlytics aan nokkunnedh dgreel business analytics padichirunnu, details paranj kodthind",No
8772,8772,Call < 5 mins,2026-03-06,Rincy,13.0,No Information,2026-01-06,cut aaki//26N RNP//27n rnp///30n rnp////3n   cut aaki,No
8773,8773,Call <1Hr,2026-02-06,Ambili,54.0,No Information,,"after 5 30, vtl ammak sugalla operation kazhinj irikkan oru crse cheydh nikkan wrkeydhirunu call cheyyndaanna parnjedh contact cheydholam vtl kore pani und",No
8774,8774,Call >72Hr,,Najiya,19.0,No Information,,"interestefoundation pich,hisham,shafeeq frnd,he is working freelance uiux,inform monday",No
8775,8775,Call <24Hr,2026-08-06,Najiya,0.0,No Information,,Riswan friend,No
8776,8776,Call <24Hr,,Najiya,49.0,No Information,,"He is tharayittal interested,visited hub",No
8777,8777,Unknown,2026-11-06,Sanju,50.0,No Information,,reference lead,No
8778,8778,Call >72Hr,,Sanju,0.0,No Information,,reference lead,Yes
8779,8779,Call <4Hr,,Afees,0.0,No Information,,No Information,No
8780,8780,Call <4Hr,2026-04-06,Rincy,0.0,No Information,2026-07-06,dgree sociology aanu padiche....vadakara..verdhe cheydhadah//26N aaloykan time veenam nokatte enn//27n rnp///30n rnp////3n rnp switched off///4n rnp///5n msged,No
8781,8781,Call <4Hr,,Ambili,50.0,No Information,,No Information,No
8782,8782,Call >72Hr,,Ambili,0.0,No Information,2026-06-06,No Information,No
8783,8783,Call <4Hr,,Bridgeon Admin,0.0,No Information,2026-05-06,bcom padichathaanu 2 yrs aayt admin aayt wrk chytha experience indu ipo IT leku shift chyan aan plan,Yes
8784,8784,Call >72Hr,,Sumayya,25.0,No Information,,engottu ann enquiry cheythenn oru idea illa basic details shared on wtsp,No
8785,8785,Call <4Hr,2026-10-06,Ambili,0.0,No Information,2026-08-06,"bio psycology aan padichedh field switcheyyn nokkunnund, bt jstoru crse, aaittan nokkunnedh",No
8786,8786,Call < 5 mins,,Najiya,0.0,No Information,,"interested ,frnd rabeeh studying bridgeon,",No
8787,8787,Call < 5 mins,,Najiya,0.0,No Information,,"interested ,frnd rabeeh studying bridgeon,",No
8788,8788,Call < 5 mins,2026-01-06,jaiharish,0.0,No Information,,tmr payment,No
8789,8789,Call >72Hr,,Ambili,1.0,No Information,2026-02-09,"call later
he said he have a surgery after 2 months so he just enquired for the details
 surgery kazhinj irikkan",No
8790,8790,Call >24Hr,2026-04-06,Najiya,0.0,No Information,,"she is interviw in cybrocys, after visit our office interested web development course",No
8791,8791,Call >72Hr,,Rincy,8.0,No Information,,rnp///21n rnp///23 n rnp//24n rnp//25n rnp,No
8792,8792,Call >72Hr,2026-08-07,Ambili,0.0,No Information,2026-08-07,6 mnths jobn keriyadhan adh kazhiyananyi vtl grandmthr marichu so aa oru situationl aan crse nokknmnn und,No
8793,8793,Call >72Hr,2026-05-06,Muhammed,120.0,No Information,2026-05-06,plus two sicence aanu. friend ivide padikunnindu. broto enquiry cheythu.. 26/5-Rnp 30/5-Rnp 4/6-Rnp//5n collage poyi,No
8794,8794,Call >24Hr,,Sanju,0.0,No Information,,"edappal aan veed, AI integrated aan chodhichedh,  
details shared aanu innu evng ullil parayam ennanu paranjathu",No
8795,8795,Untouched,,Unknown,0.0,No Information,,No Information,No
8796,8796,Call < 5 mins,,Najiya,0.0,No Information,,"kdy,intersted it course with degree ,father calling visit office after eid",No
8797,8797,Call < 5 mins,,Najiya,18.0,No Information,,Inform later,No
8798,8798,Call >72Hr,,Sumayya,17.0,No Information,,devops aannn vndathhh,No
8799,8799,Call <4Hr,2026-05-06,Sanju,39.0,No Information,2026-08-06,"24 yrs married recently forum mall il aan job 18k aan salary ,porathondu onnu set aaki edkan vendiyan nokunne",No
8800,8800,Call <24Hr,2026-04-06,Muhammed,237.0,No Information,2026-05-06,busy other language aanu. 3/5-rnp,No
8801,8801,Call <8Hr,,Ambili,74.0,No Information,,No Information,No
8802,8802,Call <8Hr,2026-08-06,Ambili,0.0,No Information,2026-09-06,"bco e varsham kazhinju, add kandapo msg ayache aan, no idea abt this field, veed malprm, 
call edthilla wtspil msgd",No
8803,8803,Call >24Hr,,Muhammed,0.0,No Information,,rnp,No
8804,8804,Call <8Hr,2026-04-07,Afees,42.0,No Information,,he cut the call two times,No
8805,8805,Call <24Hr,,Rincy,83.0,No Information,,rnp/rnp//26n age 50 fee koodudhalan paranju,No
8806,8806,Call <24Hr,2026-10-06,Ambili,0.0,No Information,2026-09-06,"2018 dgree cheydhedhan now wrking at bank of baroda, initial details paranj kodthind",No
8807,8807,Call <24Hr,2026-05-06,Afees,0.0,No Information,2026-04-06,"vengara,ma history ann padiche next eath field ann nokkandenn oru idea illa basic details shared on wtsp will come here to direct enquiry",No
8808,8808,Call <24Hr,,Sanju,0.0,No Information,,rnp,No
8809,8809,Call >72Hr,,Sumayya,266.0,No Information,,"rnp/2//online or offline decide aakanmmm //golangg annn nokunnee
18/7//vtl koodi samsariknm",No
8810,8810,Call <24Hr,2026-07-06,Sumayya,0.0,No Information,,28aaayii agee/iringalakkuda ann place //bsc maths chyhu but supplly i ndd pinnee compliete akeeellaa,No
8811,8811,Call <24Hr,2026-03-06,Afees,0.0,No Information,2026-04-06,"ulliyeri place ettan devloper ann,diploma cs ann padiche alkk next eath edukkanam enn confusion ann want to dscuss with brother alu calicut ann work cheyyunne",No
8812,8812,Call < 5 mins,,Najiya,0.0,No Information,,"visit hub within 2 days ,he is  vazhakkad ,btech interested",No
8813,8813,Call <24Hr,,Bridgeon Admin,1925.0,No Information,2026-03-06,No Information,No
8814,8814,Untouched,,Unknown,0.0,No Information,,saudi number contacted on wtsp,No
8815,8815,Call >72Hr,2026-03-07,Rincy,1.0,No Information,,rnp(2)rnp/3//watspp conncted..30n rnp///26n rnp28n rnp///3n rnp,No
8816,8816,Call >72Hr,,Bridgeon Admin,316.0,No Information,,No Information,No
8817,8817,Call <24Hr,,Sumayya,14.0,No Information,,No Information,No
8818,8818,Call <24Hr,2026-05-06,Sumayya,0.0,No Information,,eduth..hlo parnju bridgeion pernj cyrt aaki poi//no responsee @evening,No
8819,8819,Call <24Hr,2026-04-07,Afees,78.0,No Information,2026-02-09,he will inform later have some issues,No
8820,8820,Call <24Hr,,Rincy,0.0,No Information,2026-03-06,rnp.//rnp//26N RNP//27n rnp///30n rnp///26n rnp,No
8821,8821,Untouched,,Rincy,0.0,No Information,2026-02-06,incomming illa//26N RNP same //27n msged///30n rnp,No
8822,8822,Call <24Hr,,Rincy,0.0,No Information,,rnp,No
8823,8823,Call >24Hr,,Rincy,24.0,No Information,2026-12-08,bse english kottayam aanu veed...koyappalla varthanam ok aan vtl choykatte ennitt paraym enn//26N bc aanu hospital  case///30n  bc aanu///2 masam kond cheyyam/14n bc aan........29n bc............13n nokunnilla,No
8824,8824,Call <4Hr,,Sanju,70.0,No Information,,hotel management degree oke kazhinjathanu mon aan chythee ennan paranj father pick the call vannit vilipikam enn paranj,No
8825,8825,Call <24Hr,,Afees,0.0,No Information,,No Information,No
8826,8826,Call >72Hr,,Bridgeon Admin,150.0,No Information,,busy,No
8827,8827,Call >24Hr,2026-03-06,Muhammed,402.0,No Information,2026-03-06,25/5-humanities aanu. anchanum chettanum amblathile shandhi aanu. padikkan interest aanu. 26/5- connect the wp plustwo pass ayyi  ippo busy aanu  30/5-Rnp,No
8828,8828,Untouched,,Unknown,0.0,No Information,,No Information,No
8829,8829,Call <4Hr,,Sanju,675.0,No Information,,msc maths completed datascience course kazhinju but job illa korachoke karyangal paranjkoduthindu,No
8830,8830,Call >24Hr,2026-11-07,Najiya,0.0,No Information,2026-08-07,"Abhinadh frnd,interested, visit hub in june",No
8831,8831,Untouched,,Afees,317.0,No Information,,No Information,No
8832,8832,Call >72Hr,,Rincy,17.0,No Information,,rnp////19n np///21n rnp//9n rnp vtl choykatte///11n rnp/15n  rnp///18n rnp,No
8833,8833,Call >72Hr,,Rincy,17.0,No Information,,"ui ux aan nokkunnedh already digital mrketing padich placed aayedhan, koode skill add cheyyanan thrissur veed, 
RNP//20n rnp////21n rnp//24n rnp",No
8834,8834,Call <4Hr,,Rincy,30.0,No Information,,No Information,No
8835,8835,Call < 15 mins,,jaiharish,0.0,No Information,,No Information,No
8836,8836,Call < 5 mins,,jaiharish,0.0,No Information,,No Information,No
8837,8837,Call <4Hr,2026-11-08,Ambili,0.0,No Information,,"trading padichu bangalore, plustwo kazhinj one yr aayi ippo vere crse nokkunu veed pathanamthitta
mndy hub visiteyym",No
8838,8838,Call <4Hr,,Sanju,0.0,No Information,,data analyst aan nokunathipo banglore il oru institute il sales nte tl aayt wrk chyanu automation nte institute aan nn aanu paranje naatil kollathu aanu online aan nokan chance fee onum choichilla syllabus ayakmo choichu evng 7 shesham call chyam ennan paranje,No
8839,8839,Call < 5 mins,,Bridgeon Admin,72.0,No Information,,No Information,No
8840,8840,Call >72Hr,,Bridgeon Admin,55.0,No Information,,"23 / 5 pliustwo completed 
place : mangalore 
other deatils : father running travels business 
deatils shared through wp",No
8841,8841,Call >72Hr,,Afees,47.0,No Information,,"23 / 5 rnp , rnp2 wp connected",No
8842,8842,Call < 5 mins,,Afees,0.0,No Information,,No Information,No
8843,8843,Call < 5 mins,,Afees,11.0,No Information,,No Information,No
8844,8844,Call >72Hr,,Rincy,0.0,No Information,,rnp...30n switched off //26n incomming call illa//29n rnp,No
8845,8845,Call < 5 mins,,Bridgeon Admin,50.0,No Information,,job consultency,No
8846,8846,Call <4Hr,,jaiharish,29.0,No Information,,23 / 5 busy,No
8847,8847,Call >72Hr,,Rincy,16.0,No Information,,"RNP
Messaged in whats app.//20n rnp///21n rnp//24n rnp",No
8848,8848,Call >72Hr,,Rincy,18.0,No Information,,"RNP
Messaged in whats app.",No
8849,8849,Call < 5 mins,,Bridgeon Admin,26.0,No Information,,No Information,No
8850,8850,Call < 30 mins,2026-03-06,Sumayya,0.0,No Information,,"vtl illaa 5 manik vermm aopoo vilikkaa
degree bcomm first year cheyyuvvaann///onlinee aann paranjathh//mangalapurmm aann placeee 25/5//rnpp/2//",No
8851,8851,Untouched,,Unknown,0.0,No Information,,No Information,No
8852,8852,Call >48Hr,,Sanju,0.0,No Information,,whatsapp aaan contact incoming illa samsarikan pateetla,No
8853,8853,Call < 45 mins,2026-10-06,Ambili,0.0,No Information,2026-08-06,"voice sherik clear aavunnilla, veed kannur, bcom e varsham kazhinju, fullstack crse nokkannan but no idea abt IT field, karyangalokke paranjittund",No
8854,8854,Call >72Hr,,Sanju,0.0,No Information,2026-06-06,25/5-Rnp 26/5- Dubai il aanu illathu aniyan venditt aayirunnu nokirunnathun. appo call connect avilla.3/5-rnp 5/6-Connect the wp,No
8855,8855,Call <1Hr,2026-12-06,Rincy,22.0,No Information,2026-11-06,"rnp///shamila ..porath poikkan//
karyangal okke paranju kodthu pandikkad aan veed manjeri aan nokunne/plus 2 humanities kayinj nikuvan//26N msged//27n rnp///30n thheerumanicheella////3n rnp  ///8n rnp//12n fund set aavilla adhond cheerilla enn umma paranju",No
8856,8856,Call >72Hr,,Afees,38.0,No Information,,"23/ 5 rnp , rnp2",No
8857,8857,Call >72Hr,,Afees,50.0,No Information,2026-06-06,"b tech cpmpleted this year somuch of confusion , his friend also ois there with him 
place near manjeri , wp connected",No
8858,8858,Call < 45 mins,2026-07-08,Sumayya,0.0,No Information,,"bsc maths and computer applicationn///kollam place//nallaa oru   client aannn//hostell onnmm parashnamillaaa//achan amma chechi(msc environmental science)  caklled @evening  kuttyyjkk tention indd  ok ann butt family koodii onn connecte aakanm
25/5/switched off",No
8859,8859,Untouched,,jaiharish,0.0,No Information,,"tamil , rnp , rnp2",No
8860,8860,Untouched,,Safa,0.0,No Information,2026-01-06,"23/5- call back cheyaamenn paranj call cutt cheythu 
26/5-rnp msgd 
27/5-rnp
30/5-rnp",No
8861,8861,Call < 5 mins,2026-06-07,Sumayya,0.0,No Information,,"plustwo resilt vann pass ann//tentioonn inndd///chriya oru video share aakiii rapport thudageete  ulluu..ini detailss parayanmm ,thenn nokkaamm",No
8862,8862,Call <4Hr,2026-09-06,Rincy,0.0,No Information,2026-09-06,"bsc maths and physics nilambur chandhakunn aan veed...aalk koyappalla ok aan ippa gulfilan//rnp///25n rnp
//26N RNP//27n rnp///30n rnp////3n rnp ///5n rnp//9n rnp",No
8863,8863,Untouched,,Sanju,0.0,No Information,,"rnp, msgd",No
8864,8864,Call <8Hr,,jaiharish,142.0,No Information,,No Information,No
8865,8865,Call <24Hr,,jaiharish,11.0,No Information,,No Information,No
8866,8866,Call >72Hr,2026-03-06,jaiharish,0.0,No Information,,rnp(3)rnpp(4)   25/5//rnpp./2//watspp conncted,No
8867,8867,Call <24Hr,,Muhammed,0.0,No Information,,23/5-Rnp,No
8868,8868,Untouched,,Safa,319.0,No Information,,he want specialized cloud networking course,No
8869,8869,Call <24Hr,,Afees,0.0,No Information,,No Information,No
8870,8870,Call <24Hr,2026-12-06,Rincy,0.0,No Information,2026-12-06,bc///23n rnp///25n rnp//26N thamilnad aanu veed...//27n rnp.///30n rnp////3n rnp  ///8n rnp//12n rnp,No
8871,8871,Call <24Hr,,Sanju,430.0,No Information,,digital marketing lead aanu,No
8872,8872,Call <24Hr,,jaiharish,0.0,No Information,,No Information,No
8873,8873,Call <24Hr,,jaiharish,0.0,No Information,,No Information,No
8874,8874,Call >72Hr,,Sanju,37.0,No Information,2026-05-06,plustwo kazhinju 3 year cma kku poyirunnu. pinne exam ee week aanu. cousins ellaam IT il aanu work cheyunnath. veed kollam aanu. course ine patti paranju koduthittindu but fees paranju koduthittila 25/5-connect the wp 26/5-Rnp 30/5-Rnp 4/6-Rnp,No
8875,8875,Call >72Hr,2026-04-06,Sumayya,67.0,No Information,,"23/5- iduki- accounts work cheyunu- gym trainer kude aaanu - just nokye aanu detail vedio share cheythittund 
26/5-rnp 
27/5-rnp 
30/5-rnp",No
8876,8876,Call >72Hr,,nafi,57.0,No Information,,No Information,No
8877,8877,Untouched,,Unknown,0.0,No Information,,No Information,No
8878,8878,Untouched,,Unknown,0.0,No Information,,No Information,No
8879,8879,Call <24Hr,,Rincy,37.0,No Information,,"//whats app call cheydhu b com finance anu padiche ipo oru storil store keeper aauot work cheyyumnu ///nokatte tyming okke nokeett vheya, enn///25n ippo nokunnilla",No
8880,8880,Call < 5 mins,2026-04-08,Sumayya,174.0,No Information,,No Information,No
8881,8881,Call <24Hr,,Sanju,0.0,No Information,,rnp,No
8882,8882,Call >72Hr,,Rincy,0.0,No Information,,30n rnp////3n rnp msged//4n rnp///5n rnp ///8n rnp///12n chmmannoor....bc aanu///17n rnp///18n rnp///21n rnp,No
8883,8883,Call < 5 mins,,Najiya,54.0,No Information,,pg interested,No
8884,8884,Call < 5 mins,,Najiya,0.0,No Information,,"interested ,sending details",No
8885,8885,Call < 5 mins,2026-09-06,Najiya,30.0,No Information,2026-05-06,"enquiry for sister ,she is plustwo commerce ,wandoor inform later,visit hub Tuesday",No
8886,8886,Call < 5 mins,,arathi,3.0,No Information,,RNP,No
8887,8887,Untouched,,Afees,0.0,No Information,,"bca ongoing ,mangalore  place he already knows all the details he said he will inform me tmr but after getting fees details he said he is busy
he said he wi",No
8888,8888,Call <4Hr,,Afees,0.0,No Information,,No Information,No
8889,8889,Call < 5 mins,,Sumayya,52.0,No Information,,offline venmm but time issuuee inndd,No
8890,8890,Call < 5 mins,2026-05-07,Afees,81.0,No Information,,No Information,No
8891,8891,Call >72Hr,,Rincy,0.0,No Information,,contacted on wtsp..30n rnp////3n rnp incomming illa//4n same ///8n rnp same//12n rnp///17n rnp same  msged///21n rnp,No
8892,8892,Untouched,,Unknown,0.0,No Information,,No Information,No
8893,8893,Call >72Hr,2026-10-07,Rincy,14.0,No Information,2026-10-07,bsc data science aanu padiche cyber security choych vilichadah///4n rnp ////6n rnp///10n intrest illa,No
8894,8894,Untouched,,Unknown,0.0,No Information,,No Information,No
8895,8895,Untouched,,Safa,190.0,No Information,,22/5-5th sem padikuvaanu,No
8896,8896,Call <4Hr,,Bridgeon Admin,57.0,No Information,,"E VARSHAM plutwo cs kazhinju, veed westhill dgree program aan chodhichedh, aadhyame paranjittund result vanntte theerumanikkan aavuollu,  details paranjind",No
8897,8897,Untouched,,Bridgeon Admin,31.0,No Information,,No Information,No
8898,8898,Untouched,,Unknown,0.0,No Information,,for internship fyugp,No
8899,8899,Call < 15 mins,,Sanju,0.0,No Information,,rnp/,No
8900,8900,Call >72Hr,,Rincy,20.0,No Information,,"He studied plus two computer commerse. After he take a 4 years break because of work with brother in abroad. His fater and 2 elder brothers are working and also they are supported to study, so no financial issues. He want july or augest batch.
Whats app messaged.
He will update after perunnal, after 28th////22n rnp",No
8901,8901,Call < 45 mins,,Afees,387.0,No Information,,No Information,No
8902,8902,Call >72Hr,,Sanju,72.0,No Information,,register chythe orkunilla chythitilla ennn paranje,No
8903,8903,Call >72Hr,2026-04-06,Rincy,0.0,No Information,2026-04-06,"supplyy inddd//20222 ill aann complete aayathh//palajkkad ann placee//25 age aayii///
23/5//vtll samsarichitt parayaaa",No
8904,8904,Call >72Hr,2026-05-06,Muhammed,6.0,No Information,2026-10-06,Rnp 23/5-Rnp 25/5-Rnp 26/5-Rnp 30/5- interst aanu but degree ponnam ennum agraham indu 3/5-rnp 4/6-Rnp ///8n rnp///10n rnp,No
8905,8905,Call >24Hr,,Sanju,676.0,No Information,,rnp,No
8906,8906,Untouched,,Safa,0.0,No Information,2026-01-06,"22/5-2 times rnp
3 rd time -rnp 
23/5-rnp -msgd not respond 
27/5-rnp 
30/5-rnp",No
8907,8907,Call >72Hr,,Afees,57.0,No Information,,result vannitu 4 manik vilikka ennanu paranje,No
8908,8908,Call >24Hr,,Sanju,0.0,No Information,2026-06-08,"whatsapp il aan connect chythekune
rnp
rnp
switchoff",No
8909,8909,Call >24Hr,,Sanju,33.0,No Information,,"wrk il aanu vilikam ennanu paranje 
hav to call after 5:30",No
8910,8910,Call >72Hr,,Sumayya,48.0,No Information,,"rnp , wtsp msgd

finansial issues ind 2 mnths tym vnm nn aan paranj        

18/8//nala verm

13/8///watsapp connected next weekk visiting",No
8911,8911,Call >24Hr,,Sanju,0.0,No Information,,"rnp ,",No
8912,8912,Call >24Hr,,arathi,0.0,No Information,,No Information,No
8913,8913,Call <4Hr,,Rincy,0.0,No Information,,uppa aanu cheydhe makank veendyan .....kozhikode aan veed meenchandha...nokate enn paranju//mubassirinte number thannu 7594988101///uppantedh 9846052314  ///23n rnp///25n czn annaeshiknd idhine patti result verna tensionil aanu nokeett paraym enn//26N msged//27n rnp///30n rnp////3n rnp msged///4n rnp///5n rnp ///8n onnum keelknilla//9n rnp//12n rnp///15n rnp///18n rnp///21n rnp,No
8914,8914,Call <4Hr,,Sanju,63.0,No Information,,munne logistics course chythathaanu ipo job onumilla family business nokikondirikaanu hotel um athupole provision stores oke ind logistics padikan almost oru 1.75 lak koduthindu ivante batch il mathram 84 per padichit ipo arkum job illa so korachoke karyangal paranjitund whatsapp connect chythind kochi ku poykondirikan ennan paranje 2 days avde thane und ennan paranje,No
8915,8915,Call >24Hr,,Sanju,313.0,No Information,,"call complete aakan pateela watsapp ill aan connect ayath vdo oke ayach koduthu set akikond veraanu

hub visited with 2 friends 
contacted on whatsapp",No
8916,8916,Call <24Hr,2026-10-06,Sumayya,0.0,No Information,,buzy call @eveningg///rnp//watspp conncted   23/5//rnp(2)watspp connected  no responsee,No
8917,8917,Call <24Hr,,Muhammed,116.0,No Information,,online aanu nokunne. ippo first year exam aanu nadukunne.veed palakad aanu. 25/5-Rnp,No
8918,8918,Untouched,,Safa,0.0,No Information,2026-01-06,"22/5-2 times not reachable 
3 rd time not reachable 
27/5-off
30/5-off",No
8919,8919,Call < 5 mins,,Bridgeon Admin,60.0,No Information,,No Information,No
8920,8920,Call < 45 mins,,Sanju,0.0,No Information,,"rnp , watsp msgd",No
8921,8921,Call <24Hr,,arathi,36.0,No Information,,"She is in malappuram, Studied bpharm and working as pharmacy field.   married, Husband works inn abroad and she have a 1year baby so she prefer  online.
She is not ok for coming 6 months because her husband in back from abroad.",No
8922,8922,Call >24Hr,,Sanju,146.0,No Information,,tamil,No
8923,8923,Call < 45 mins,,Sumayya,0.0,No Information,,rnp(3)watspp connected,No
8924,8924,Call <4Hr,,Najiya,26.0,No Information,,"python with ml course interested,Bpharm",No
8925,8925,Untouched,,Unknown,0.0,No Information,,No Information,No
8926,8926,Call < 5 mins,2026-08-06,Safa,39.0,No Information,,"Enquiry for  brother Anshif,he is calling later",No
8927,8927,Call >72Hr,,Sumayya,273.0,No Information,,"kochi hub
20/6//rnp/3//",No
8928,8928,Untouched,,Safa,50.0,No Information,,21/5-ariyathe cheythe aanu,No
8929,8929,Call <4Hr,2026-09-07,Ambili,12.0,No Information,2026-10-07,"bba 2024 il kazhinju, 2 yrs gap edthu, ippo onnum cheyyunnilla, veed nilambur, data analytics wrkeyyunnu,",No
8930,8930,Call <4Hr,2026-05-07,Afees,36.0,No Information,,rnp they cut the call contacted on wtsp,No
8931,8931,Call <4Hr,,Rincy,23.0,No Information,,kannjur aan veedv //vallya oru sugallya///22rnp/23n rnp///25n vere admission eduthu clgil,No
8932,8932,Call <8Hr,2026-05-07,Afees,48.0,No Information,,rnp call cut cheyyanu contacted on wtsp,No
8933,8933,Call >72Hr,2026-10-06,Rincy,24.0,No Information,2026-10-06,"engottu ann enquiry cheythenn oru idea illa,dg marketing ann vende ennanu paranjath but athenthannum oru idea illa,samsaram kettitt degree complete cheytha oralude meturity onnum illa//27n rnp///30n rnp////3n detail shared///4n rnp ///8n rnp///10n rnp",No
8934,8934,Call <24Hr,,Najiya,0.0,No Information,,"interested,he is nadapuram",No
8935,8935,Untouched,,nafi,0.0,No Information,,incoming call facility not available contacted on wtsp // no response// rnp,No
8936,8936,Call < 5 mins,,Najiya,4.0,No Information,,"interested ,he is nadapuram",No
8937,8937,Call >24Hr,,Najiya,0.0,No Information,,"Devika friend,interested data anaytics course,she is ponnani",No
8938,8938,Call < 5 mins,,Najiya,0.0,No Information,2026-03-06,"intereeted coding course,",No
8939,8939,Call < 30 mins,,jaiharish,0.0,No Information,,"she told her parents asked to go to job .not intereested to take a course , deatils shared through wp",No
8940,8940,Call < 15 mins,,Sumayya,11.0,No Information,,"Amma anna call esuthe/pillar purthaann vanitt vilikaa.. Amma ku vallya intrest illaa  @evening rnp/
26/5//parent aann eduthee shreya  enna name ullla kutya chythee uchtyk verm appo vilikkaa",No
8941,8941,Call >72Hr,2026-05-06,Rincy,16.0,No Information,2026-05-06,Rnp malappuram aanu veed aniyan aanu phone eduthathu.  23/5-Rnp 25/5-busy 26/5-Rnp 30/5-Rnp 4/6-Rnp///5n cut,No
8942,8942,Call < 45 mins,2026-05-07,Afees,27.0,No Information,,rnp contacted on wtsp,No
8943,8943,Call < 30 mins,,Rincy,30.0,No Information,,plus 2 cs calicut veed oru frnd nd number ayaka paranju///22rnp/23n vellimma aanu idthe avar porath poyitund///25n  nokkunnilla,No
8944,8944,Call <4Hr,,Sanju,142.0,No Information,,aniyanu vendi chythathaanu ennanu paranje thonunilla eniku atrku number share chyam ennn paranjit chythitill,No
8945,8945,Call >72Hr,,Rincy,35.0,No Information,,"aniyathi ann phone eduthe alu vtl illa. Umma takes the call, they are in outsinde they will be late to return to home, so can call tomorrow. Umma takes the call currently he joined a part time job in a shop 2-12 so can call tomorrow before 2.
RNP///aniyathi aan call eduthe manjeri evdeyo chernnenn paranju",No
8946,8946,Call >72Hr,,Sumayya,74.0,No Information,,uppa marichathanu alkk online possible alla and also offlinum possible alla work cheyyunnund btech ai&ml,No
8947,8947,Call <8Hr,2026-01-06,Afees,0.0,No Information,,mannarkkad alkk enquiry cheytha oru idea illa basic details shared on wtsp,No
8948,8948,Call <8Hr,,Rincy,27.0,No Information,,rnp contacted on wtsp///21n msged///22 msged intrest und aalde delivery aanu ee month last so adh kayinjit join cheyyam aaal single mother aanu intrest und..msg ayajkkunnathan thalparyam enn paranju///25n msged///delivery nadakuvan////3n rnp  msged//9nn msged///17n  msged////28n msged...29n july divorce .......case aan korch issue aan........///19n msged.....24n msged,No
8949,8949,Call >72Hr,,Sumayya,29.0,No Information,,"vadakara ,bangloore bca completed last year,avanu engottu ann enquiry cheythenn oru idea illa just basic details shared",No
8950,8950,Call < 5 mins,,Najiya,107.0,No Information,,"interested witth discuss friends,after inform",No
8951,8951,Call <1Hr,2026-01-06,Najiya,4.0,No Information,2026-02-06,"interested ,she is brother working flutter developer in bnglr ,course cmplt broto,visit manjeri hub in after eid,",No
8952,8952,Call >72Hr,,Afees,0.0,No Information,,"enquiry cheythath brother avan chance und,chodichittu update cheyyam enn paranju",No
8953,8953,Call <8Hr,2026-10-06,Sumayya,0.0,No Information,,Makal kuu vndit annn.. Evening viliko//@evening rnp   23/5//rnp/2/,No
8954,8954,Call <4Hr,,Muhammed,0.0,No Information,,Rnp 21/5-Busy 22/5-Rnp 23/5-Rnp,No
8955,8955,Untouched,,Safa,0.0,No Information,,invalid,No
8956,8956,Call >72Hr,2026-04-06,Rincy,0.0,No Information,2026-04-06,"kottayam,aironotical kazhinju nikkanu main pain poin onnum illa amma hod in bca one lack plus salary,achan pharmasist,next it field cheriya oru idea ind no financial issues",No
8957,8957,Call <24Hr,,Rincy,62.0,No Information,,makank veendi achan cheydhadah achank paranjit onnum manasilavnilla avan vtl nndavumbo vilikam enn paraju///22rnp/23n  ippo nokunnilla,No
8958,8958,Call <24Hr,,Sanju,0.0,No Information,2026-08-06,"rnp ,but connected on whatsapp",No
8959,8959,Call >72Hr,,Muhammed,0.0,No Information,,"DUPLICATE  
12/5-Rnp 13/5-ippo degree online il cheyyuvaanu athil uppari vere oru company work cheyyuvaanu. data analytics aanu nokunne. kariyaggal okkey paranju koduthittindu. 8129096924 14/5-Rnp 15/5-Rnp 16/5-Rnp 20/5-Rnp 31/5-Rnp",Yes
8960,8960,Call >72Hr,2026-11-08,Sumayya,56.0,No Information,,"completed 12 th cs after that she joined b com but dropped out kozhikode place , 21 years old , father paint shop brother works in mobile shop warm client
she said she will contact confirm tmr

29/7//after scholrship exmm noo responsee",No
8961,8961,Call <4Hr,,Sumayya,0.0,No Information,,"rnp(2)  21/5//rnp(2) switchedd offf @evening
23/5/phn complint aann sim vere phn illl aann//ipoo tvm ann ullathh//sign leban family business//calicut university aann originall placee/plus two kayinjj//degreee drop scnd year bcs of corona",No
8962,8962,Call < 15 mins,,Muhammed,3.0,No Information,,other language,No
8963,8963,Untouched,,Safa,0.0,No Information,2026-01-06,"21/5- 1 st call pick not respond 
second call rnp 
22/5-took-kaalin veyyathe X-ray idkaaan povaanu 
23/5-rnp 
second time rnp
26/5-rnp
27/5-rnp rnp",No
8964,8964,Call < 5 mins,,Sanju,0.0,No Information,,details shared aanu shadhin nte  frnd aanu father nadan panikal aanu ivanu tension aanu enthelum chyanalo nn vechit crct aayt karyangal paranj koduthind,No
8965,8965,Call >72Hr,,Rincy,19.0,No Information,,"ummayum ayittanu samsarichath alu currently workil ann pernthamanna place yakka sportsil annu umma work cheyyuunnath. Umma takes the call and she is not in home, want to call at 7.30cheerunnilla",No
8966,8966,Call <24Hr,,Rincy,36.0,No Information,,rnp//bca kayinju//22n bc ...23n ai engineeraing aanu nokunne ....3 week karaym paranju///25n ai engineering aan  adh mathram madhinokunne data scienc e veenda enn,No
8967,8967,Untouched,,Unknown,0.0,No Information,,No Information,No
8968,8968,Call < 15 mins,2026-10-06,Ambili,0.0,No Information,2026-09-06,"computer cmrse aan kazhinjedh, e varshm confused aan endh edkknmnn veed areekode initial karyangal mathram parnj koduthu",No
8969,8969,Untouched,,Safa,68.0,No Information,,"20/5- bcom final year student - place malappuram 
22/5-ttook busy
25/5-took- degree complete aaayytt noknolu",No
8970,8970,Call < 15 mins,,Najiya,0.0,No Information,,No Information,No
8971,8971,Call >72Hr,,Rincy,0.0,No Information,2026-07-06,rnp//21n rnp...3n rnp//4n rnp,No
8972,8972,Call <24Hr,,Rincy,15.0,No Information,,already developer aan ....cloud aan choyche..........nokeett parayam enn///22 bc aanu///25n nokkunnilla,No
8973,8973,Untouched,,Unknown,0.0,No Information,,No Information,No
8974,8974,Call <24Hr,2026-09-06,Rincy,32.0,No Information,2026-08-06,perindhalmanna//long aayadhond vtlnn vidoola onnum samsarikan niknila///22 n ummanod samsarichu//23n poratanu///25n rnp//26n umma anu idthe///30n tripila////3n rnp ///5n rnp,No
8975,8975,Call <24Hr,2026-02-06,Afees,1.0,No Information,2026-03-06,No Information,No
8976,8976,Call <4Hr,2026-01-09,Rincy,47.0,No Information,,rnp///dgree third year ba politics kollath aan veed //21n rnp///22 onnum mindunnilla/23n rnp///25n rnp//26n cut aaki,No
8977,8977,Untouched,,Safa,0.0,No Information,,No Information,Yes
8978,8978,Unknown,,Sumayya,0.0,No Information,,"Bridgeon parnju cut aji poi. Thnn not attnding //@eveninfgg rnp

23/5//no respojnnsee",No
8979,8979,Call >24Hr,,Rincy,59.0,No Information,,thirur aan veed /////21n   fee paranju....fee over avan frnds koranja feesil padikkunnund,No
8980,8980,Untouched,,Unknown,0.0,No Information,,No Information,No
8981,8981,Call < 5 mins,,Najiya,2.0,No Information,,"he is interested and tirurangadi, family in germany",No
8982,8982,Call <8Hr,,Rincy,17.0,No Information,,rnp//21n call eduth bridgeon paranjappo cut aakit,No
8983,8983,Call >72Hr,,Rincy,26.0,No Information,,"He studied Arabic. He is interested, But he will update after his mom arraived. His mom going to hujj.
RNP, messaged in whats app.
Financial issue.
RNP",No
8984,8984,Untouched,,Safa,254.0,No Information,,No Information,No
8985,8985,Call <8Hr,2026-01-06,Afees,0.0,No Information,,no idea about it ifled just enquired basic details shared on wtsp,No
8986,8986,Call <8Hr,2026-03-06,Rincy,16.0,No Information,2026-03-06,incoming call illa//same/23n ..husinod choycjit p[aray enn///25n aalalla phone eduthe//26N RNP///30n rnp,No
8987,8987,Untouched,2026-03-06,jaiharish,0.0,No Information,,"call later
he said he will visit our hub after two days , already sanju is folllowing his frnd
23/5 rnp,rnp2",No
8988,8988,Untouched,,Safa,0.0,No Information,,"20/5-2 times rnp
22/5-rnp
27/5-rnp 
30/5-rnp",No
8989,8989,Call <8Hr,2026-07-06,Sumayya,0.0,No Information,,"rnp(3)watspp connecteddd///21/5//bcom kayinjathaa/perinthlmanna ann place//data analytics aann nokunneee///job kittanamm/naala calicut vern chance ind 
23/5//rnp//2//watspp conncted      26/5/fund issuuee ann prashnammm",No
8990,8990,Call >72Hr,,Rincy,20.0,No Information,,"ba engglish kayinj 4 years aayitt graphic designer chetriya comapny illl//kottakall aann placee//                 21/5//rnp(2)watspp connecetd   23/5//rnp//2//         25/5//rnpp
//24n onnum nokeellsa",No
8991,8991,Call >72Hr,,Sumayya,37.0,No Information,,talked to father  he is okayy...pymnt ready aakanmm,No
8992,8992,Call < 45 mins,,Rincy,0.0,No Information,,invalid number //same,No
8993,8993,Call <4Hr,,arathi,0.0,No Information,,"He is busy call back later. Connected in whats app too.
RNP
RNP
RNP
RNP",No
8994,8994,Call <4Hr,,arathi,0.0,No Information,,She cut the call while speaking,No
8995,8995,Call <4Hr,,arathi,14.0,No Information,,He said that he is not interested.,No
8996,8996,Untouched,,Afees,193.0,No Information,,"He is interested, discussed with parents and update tomorrow.
He didn't discussed with family. update within 2 days. Update tomorrow.
RNP, messaged inwhats app.
RNP. Messaged.",No
8997,8997,Untouched,,arathi,95.0,No Information,,Always busy. She is not interested in IT field,No
8998,8998,Call >72Hr,,Rincy,0.0,No Information,,"RNP, He got an accountant job, he is confused. want to convince him. RNP
Messaged in whats app.
Messaged in whats app20 junenn onnum mindunnilla//22n rnp//25n rnp",No
8999,8999,Call <8Hr,,arathi,0.0,No Information,,"RNP, messaged through whats app.
Update tomorrow.
RNP
RNP
She didn't call back.RNP
No response in both calls and messages",No
9000,9000,Call >24Hr,,Najiya,19.0,No Information,,"he is areekode walk with parents ,inform after keam result,9074423097,visit hub today,tmrw will payment",No
9001,9001,Untouched,,Safa,0.0,No Information,2026-01-06,"20/5-rnp
21/5-rnp
23/5-rnp -wtsp vere number share cheythu thannnu 9633669592(connect aayila)
27/5-rnp 
rnp",No
9002,9002,Call < 45 mins,,jaiharish,83.0,No Information,,rnp///plus 2 malappuram aan veed////21n rnp //22n monday hub visit cheyyam//inn hub visit vera paranju ...cheydhu//,No
9003,9003,Call < 5 mins,2026-05-06,Afees,0.0,No Information,,No Information,No
9004,9004,Call < 5 mins,,nafi,41.0,No Information,,rnp contacted on wtsp,No
9005,9005,Call < 45 mins,2026-09-06,Rincy,16.0,No Information,2026-08-06,"i phone aayadhond call ponilla//same//plus 2 commerse///
frnd ivde padiknd///22 result vannitt aan nokne////26N msged result varalle adhond msg ayachu/////27n result vannitt nokak enna planilla ..korch kayyum////3n rnp",No
9006,9006,Call < 5 mins,,Sumayya,49.0,No Information,,No Information,No
9007,9007,Untouched,,Safa,0.0,No Information,,"20/5-2 times rnp 
21/5-rnp wtsp msgd 
23/5-rnp no respond wtsp 
26/rnp",No
9008,9008,Call <1Hr,,Muhammed,0.0,No Information,,Rnp 21/5-Rnp 23/5-Rnp,No
9009,9009,Call <4Hr,,Sumayya,698.0,No Information,,No Information,No
9010,9010,Call <4Hr,,Rincy,15.0,No Information,,switched off//same//21n same/////22rnp///23n bc///25n rnp//27n rnp,No
9011,9011,Call <4Hr,,Sumayya,0.0,No Information,,internship aaa nokunnee 6 months nte//courase pitch aakiii//,No
9012,9012,Call <4Hr,2026-07-06,Sumayya,16.0,No Information,,+2 computer commerce  aarrnnuu//aaalkk nallaa tention indd soo// initiall detaill maathree paranjulluuu//rnp@evening   connected on watsappp        21/5//rnp(2)watsppp connected,No
9013,9013,Call <4Hr,2026-08-07,Sumayya,0.0,No Information,,"btechh graduated//1 supply ind 1 st sem ill nala examm aannnn//perumbaavoorr//pay after placement aa choichathh  21/5//rnp(2)watspp connected
23/5//rnp(2)watspp connected",No
9014,9014,Call >72Hr,2026-03-06,Rincy,14.0,No Information,,"no incoming//watsapp rnp   no responsee
21/5//no inc//rnp on watsappp",No
9015,9015,Untouched,,Safa,123.0,No Information,,19/5-medical coding aan vijjrich nokye anu,No
9016,9016,Call <8Hr,,arathi,133.0,No Information,,He is not interested in tech,No
9017,9017,Call >72Hr,,Rincy,35.0,No Information,,"RNP.
Mom takes the call. She is in anganavaadi, callback later.
She is interested , Update tomorrow//20n rnp",No
9018,9018,Untouched,,Safa,0.0,No Information,,"20/5-2 times rnp
21/5-rnp 
23/5-rnp no respond wtsp
27/5-rnp",No
9019,9019,Call <24Hr,,Afees,0.0,No Information,,"Range issue,He will call back after 30 minutes. Messaged in whats app.
He will update day after tomorrow. contact keeping through whats app.
Messaged in whats app.Currently he working as a sales exicutive. Have some financial issues, so he can't drop the job right now.update later. 
He is decided to continue the work.",Yes
9020,9020,Call >72Hr,2026-10-08,Rincy,20.0,No Information,,"Update tomorrow. He have 3rd year exam in next month, after thet he will join. keep in touch with whats app. whats app messaged.Exam date is in next month.//exam nd adtha masam adhokke kayinjittt nokam enn...........thrissur aaan veed.....nokatte nokeett parayam...30n nale parayam enn",No
9021,9021,Untouched,,Safa,0.0,No Information,,"20/5-2 times rnp 
21/rnp wtsp msgd
23/5-rnp 
26/5-call declined not respond wtsp",No
9022,9022,Call <24Hr,,Afees,0.0,No Information,,incoming call facility not available contacted on wtsp,No
9023,9023,Call <24Hr,,arathi,0.0,No Information,,"RNP.
RNP, Connected through whats app.",No
9024,9024,Call >72Hr,,Rincy,0.0,No Information,,"busy will connect later. Call back within 5mins.
RNP.
RNP///21n rnp//9n onnum keeknilla paranj cut aaki///10n rnp/14n rnp",No
9025,9025,Untouched,,Safa,2.0,No Information,,"20/5-rnp
21/5-rnp-wtsp connected branding vendi chythe aaanu",No
9026,9026,Unknown,,nafi,0.0,No Information,,rnp contacted on wtsp// switch off try to connect on wtsp//all dubayill ann illath sales executive ayitt ann work cheyanne  so allod online njann sujest cheythind // no response on wtsp,No
9027,9027,Call >72Hr,,Afees,38.0,No Information,,rnp//////////20n rnp//21n rnp////23n rnp///25n rnp,No
9028,9028,Untouched,,Safa,1.0,No Information,,"20/5-2 times rnp 
21/5-rnp no wtsp
22/5-rnp
23/5-rnp",No
9029,9029,Call <24Hr,2026-01-06,Afees,0.0,No Information,,no idea about bridgeon and it field basic details shared on wtsp,No
9030,9030,Call <24Hr,,Rincy,8.0,No Information,,functionil aanu //21n bc aanu///22rnp//23n functionil aanu///25n vtl illa///30n call cut aaki poyi,No
9031,9031,Call <24Hr,,Afees,119.0,No Information,,No Information,No
9032,9032,Call <24Hr,2026-04-09,Rincy,0.0,No Information,,bsc physcology padichu vadakara veed nokeet paray paranju//21n rand divasam kond parayam///22 intrest und onn hold cheydh vaekkan 2 dhivasam kond paraym enn///25n rnp//26N RNP//27n rnp///30n rnp////3n ok aan///5n rnp ///8n rnp//9n rnp//12n rnp//time idkum//1n msged///4n rnp//17n nale parayam sep aan nokn///18n rnp///19n rnp...24n next week cheyyam...29n sir vilich nale parayam enn//30n rnp///31n rnp//5n rnp///18n rnp///24n rnp.............................4n call kittunnilla,No
9033,9033,Untouched,,Safa,0.0,No Information,,"19/5-rnp
20/5-rnp 
22/5-rnp 
23/5- wtsp msgd - tamil",No
9034,9034,Call <4Hr,,jaiharish,333.0,No Information,,No Information,No
9035,9035,Call < 5 mins,,Ambili,40.0,No Information,,No Information,No
9036,9036,Call < 5 mins,,jaiharish,36.0,No Information,,No Information,No
9037,9037,Call >72Hr,,Ambili,369.0,No Information,,"looking for online course
rnp , rnp2 21/ 5
he said he want to arrange lap so he want 10 to 20 days for it
rnp",No
9038,9038,Call <1Hr,2026-01-06,Afees,0.0,No Information,,bcom next ds nokkiyal kollam ennundd basic details shared,No
9039,9039,Call <1Hr,,Rincy,17.0,No Information,,rnp///////20n bc aanu//21n details pARANJ KODTHU///22rnp/23n rnp///25n rnp//26N RNP,No
9040,9040,Call <24Hr,,arathi,27.0,No Information,,She is not interested.,No
9041,9041,Call <24Hr,,Rincy,16.0,No Information,,He is busy call back after 20 minutes. he got a sales exicutive job in realestate. so he wants to think about picking the course. He update within 2 days.He wants to join there after one month he will update.,No
9042,9042,Call <24Hr,,arathi,203.0,No Information,,He is 10 th passout.,No
9043,9043,Call <24Hr,,Rincy,0.0,No Information,,brotherin veendi thatha cheydhadha///20n incoming call illa//21n same////////////22rnp///25n rnp same msgnoknilla...30n same///31n rnp same,No
9044,9044,Call <24Hr,,arathi,9.0,No Information,,"He cut the call while speaking. so texted in whats app.
Cut the call after saying it's the call from bridgeon.",No
9045,9045,Call >72Hr,2026-03-06,Rincy,24.0,No Information,2026-01-06,"19/5-rnp
20/5-rnp 
22/5-took plus two kazhinj irikaanu- humanities- amma chyethe aaanu- trvdrm aaan veed 
23/5-rnp
26/5-rnp /////30n rnp",No
9046,9046,Call <24Hr,,arathi,0.0,No Information,,"RNP
RNP",No
9047,9047,Call >72Hr,,Rincy,0.0,No Information,,"RNP, She will call back after 7.RNP
RNP.
RNP.///21n rnp///23 n rnp",No
9048,9048,Call <24Hr,,arathi,3.0,No Information,,"RNP,Always busy.
RNP.
RNP",No
9049,9049,Call <24Hr,,arathi,0.0,No Information,,He is alredy plan to join Digree.Admission also confirmed,No
9050,9050,Call < 5 mins,,nafi,0.0,No Information,,call not snd contacted on wtsp//rnp try to connect on wtsp,No
9051,9051,Call <24Hr,,arathi,0.0,No Information,,"Mom takes the call. She is going to cooking class. She will call back when she back.
RNP
RNP
RNP",No
9052,9052,Call <24Hr,2026-04-07,Afees,24.0,No Information,,rnp contacted on wtsp,No
9053,9053,Call <24Hr,,Sumayya,27.0,No Information,,ba english kayinjuu//ok aannn details okkee//hstll sammaikillaaaa   21/5//rnp(2)watspp cobnneecteed,No
9054,9054,Untouched,,Safa,0.0,No Information,,"19/5-umma -student degree kazhinj irikaaanu- place manarkad- thaazhe 3 kuttyel indd- aaal course onum venda paranj irikaaanu -umma aaaytt enquiry cheythe aaanu
20/5-rnp  
22/5-rnp
26/5-rnp wtsp not respond",No
9055,9055,Unknown,2026-04-07,Sumayya,0.0,No Information,2026-06-07,"28 years old.He is interested. Update within 2 days.
RNP.
He is interested. wants to join.//20n  free aayit oru divasam palarivattam poyit kanam//24n rnp//25n rnp ...28n nale povam//29n rnp //30n ee week nokaam///3n rnp//4n cut aaki poyi",No
9056,9056,Call >72Hr,,Rincy,57.0,No Information,,"He is in driving. Call back @ 3.30, He didn't call, Messaged in whats app.
Connected through whats app.Uppa have a health issue. He is interested to join but financial issue. pitch the scolership option. He send his friends number, want to talk with them.
RNP.
She will update today...fund issue aan ....cheerunnilla",No
9057,9057,Call <24Hr,,Sumayya,25.0,No Information,,"mnjerii aann nokunnee//bcom kayonjjuu tention indd no  background ayoondd
21/5//inn visit pokumm aayirunuu but  hsptll issuee vannonnddd poyilllaa",No
9058,9058,Call <24Hr,,Muhammed,31.0,No Information,,No Information,No
9059,9059,Call <4Hr,,Sumayya,14.0,No Information,,No Information,No
9060,9060,Call <24Hr,,Muhammed,63.0,No Information,,Rnp 21/5-Rnp,No
9061,9061,Call <4Hr,,Sumayya,54.0,No Information,,No Information,No
9062,9062,Call <24Hr,,Muhammed,0.0,No Information,,Rnp,No
9063,9063,Call <4Hr,,Sumayya,0.0,No Information,,evening vilikkaa avn vtl illaa//buzy @evening,No
9064,9064,Call <8Hr,,Rincy,21.0,No Information,,cheydhittilla paranju,No
9065,9065,Call <8Hr,,Sumayya,0.0,No Information,,"initially ulla kurchh details poiitulluu//buzy aann//tvm kattakada//uit ill aann padichhhe//hst;l taslkk aannn  
23/5/rnpp(2)",No
9066,9066,Call >72Hr,,Afees,0.0,No Information,,rnp///////20n rnp//21n rnp,No
9067,9067,Call >24Hr,,Rincy,37.0,No Information,,i phone aydh kond call ponilla///SAME//ariyand ayadah nokunnilla,No
9068,9068,Call <24Hr,2026-01-06,Afees,0.0,No Information,,plus two kazhinju bfam poyi but drop cheythu no idea about bridgeon and it field,No
9069,9069,Call >72Hr,,Afees,9.0,No Information,2026-10-06,///8n rnp,No
9070,9070,Call <8Hr,,Rincy,11.0,No Information,,vadakara veed age 22 BTECH CSE PADICHU//vtl samsarikatte///////20n ippo nokunnilla //22n porathanu illath theerumanichit vilikam enn///25n fund issue nokeett paraym//26N cheerunnilla,No
9071,9071,Call <8Hr,,Rincy,0.0,No Information,,rnp//bba nilambur aan veed brother developer aanu//21n rnp//////////22rnp//23n sumayya vilichu rnp///25n rnp incomming call illa//26N RNP same///30n rnp onnum mindunnnilla////3n rnp ///8n rnp///15n rnp,No
9072,9072,Call <8Hr,,Rincy,23.0,No Information,,rnp///////20n rnp//21n rnp///22rnp 23n not intrested,No
9073,9073,Call < 5 mins,,Najiya,0.0,No Information,,Enquiry for  wood be for data anaytic course enquiry,No
9074,9074,Call <24Hr,,Najiya,0.0,No Information,2026-05-06,"Rashi frnd,interested",No
9075,9075,Untouched,,Safa,92.0,No Information,,"19/5-cheythath ooormala-vedio share cheyth kodthittund 
20/5- took- degree agriculture - palarivattom hub suggest cheythu 
22/5-rnp 
25/5- course -noknila - job aaayyttene nokkaaanu",No
9076,9076,Call <8Hr,,Afees,431.0,No Information,,No Information,No
9077,9077,Call <4Hr,,Ambili,0.0,No Information,,"housewife aan, one yr gap und, marriage kazhinju after dgree, IT fieldne kurich idea illa, initial details prnj koduthu veed chalakkudi hus sales aan",No
9078,9078,Call <4Hr,,Rincy,0.0,No Information,,incoming call illa msg ayachittund//whats app call cheydhittund//sumayyakk lead nd,No
9079,9079,Call <24Hr,2026-03-06,Sumayya,86.0,No Information,,"rnp//thnn buzyy//rnp    20/5//buzy aaannnn vilikkaamm  21/5//rnp(2)watspp connecetd
23/5/rnpp(2) 25/5//details sahred//keezhsherrii aann palce//plus two ayioonndd nallaa doubt inddd//so clear cheyynmmm",No
9080,9080,Call >72Hr,,Rincy,0.0,No Information,,"rnp(3)rnp(4)watspp conncted  20/5//rnp(2)watsapp connectedd   21/5//same situationn
25/5//rnp//2//watspp no responseee///21n rnpsame//22n rnp same",No
9081,9081,Call <24Hr,,Sumayya,51.0,No Information,,"rnp(2)then eduthu shnaid alee choichthum cut aaakii//then not responding//rnpp
20/5//no responnseee//rnpp aannn   21/5//rnp//2//watspp connecetd",No
9082,9082,Call <24Hr,2026-10-06,Sumayya,0.0,No Information,,rnp(3)rnp (4)watspp connecetd//20/5//bcom kayinjuu 2026 ill//kottakkall aannplacee//vtll distance aann problmm aavukkaa//deteils okkee paranjuu koduthuu// 21/5//rnp(2)watspp concetd,No
9083,9083,Call <24Hr,,Sumayya,20.0,No Information,,msc psychology//wife nu vnditt husbnd cjeyththh aann//mallpprm aan place//wife ne connect chyynn sammaikunnillaa//ayyall thannee kaarym parankjollamm paranjj//details sahre cheythuu//     21/5//rnp(2)watspp conncted,No
9084,9084,Call <24Hr,,Sumayya,33.0,No Information,,No Information,No
9085,9085,Call <24Hr,,Sumayya,0.0,No Information,,"switchedd offf(2)switched off    20/5//switched off//rnp on watsappp 21/5//same situation 23/5//same situation    25/5//no updatess same situationn
same suituationn   4/6//switched off",No
9086,9086,Call >72Hr,2026-04-07,Sanju,0.0,No Information,,uppa parayunath degree chyan aan ennau avan paranjathu but onu motor aakindu set aavum enn vijarikunnu,No
9087,9087,Call <24Hr,,Sumayya,3.0,No Information,,"rnp(3)call back buzy  20/5//rnp(2)  21/5//oormayillaa thirakill aannn//vilikkaaaa
23/5//rnpp(2)no responsee 255/5//rnpp//no watsappp",No
9088,9088,Call <24Hr,,Sumayya,44.0,No Information,,No Information,No
9089,9089,Call <24Hr,,Sumayya,98.0,No Information,,No Information,No
9090,9090,Call <4Hr,,Muhammed,18.0,No Information,2026-01-10,busy degree bcom  aanu padikunne 3 year thudagunne illu ippo nokunnilla next year nokkunnillu ennu paranju.,No
9091,9091,Untouched,,Safa,20.0,No Information,,"18/5-rnp
19/5- digital marketing course aaanu nokune it interested ala -just basic vedio ayychodthu
22/5-shopilaaanu -wtspil already nokunila paranjernu",No
9092,9092,Call >72Hr,2026-04-06,Sumayya,35.0,No Information,,"18/5-rnp
19/5-rnp 
21/5-rnp
23/5-rnp 
second call plus two commerece place valanchery -vtil umma uppa sister -kore coursine patty enquiry cheythu - 
26/5-rnp",No
9093,9093,Call <24Hr,,Muhammed,185.0,No Information,,18/5-rnp 19/5-Rnp 20/5-connect the whatsapp 21/-connect the whatsapp 22/5- not interest,No
9094,9094,Untouched,,Rincy,1.0,No Information,2026-09-09,"18/5-took- detail shared place palakad-degree supply und- engaged aaan - vtil financial issue und 
20/5- whtspil msg ayychu hub visist kaarym 2 days ulil parayaam 
22/5-rnp 
26/5-rnp
//////30n rnp
////3n fund set aakan korch time veenam ///8n rnp//9n rnp///11n porathan ///17n rnp///18n rnp////19n np///23 n rnp///28n rnp//30n sumayya vilichuu...fund set aakan  time veenam enn/15n  rnp/,,/22n rnp//23n rnp//24n rnp///29n rnp///6n rnp///24n rnp",No
9095,9095,Untouched,,Safa,0.0,No Information,,"1`8/5 no incoming-wtsp msgd
21/5-no incoming not respond wtsp
27/5-rnp
30/5-no incoming - not respond wtsp",No
9096,9096,Call >72Hr,2026-10-06,Sumayya,0.0,No Information,,"18/5-rnp
19/5-rnp wtsp msgd 
21/5- detail shared wtsp through 
22/5- rnp 
23/5-rnp
26/5-rnp not respond wtsp",No
9097,9097,Untouched,,Rincy,19.0,No Information,,"18/5-rnp
19/5- student- place kollam- degree 2nd year vere poyi complete aaakila- vtil achan amma sister - achan retired aaayi amma work cheyunnund dca course cheythu result wait cheyuvaaanu 
20/5-wtsp connect cheythu 
22/5-rnp
23/5-rnp 
26/5-rnp-wtsp msg ayychu -dca kazhinjente internship kerii 2 months adhh kayynj course nokkaa vechttaaan ///21n join cheyyunnilla vere sthalath noki",No
9098,9098,Call <24Hr,,Rincy,30.0,No Information,,bridgeon paranjappo call cut aaki///////20n thalparyalla,No
9099,9099,Call <24Hr,,Rincy,0.0,No Information,,bc aanu umma aan call eduthe mol vannitt vilika paranju/////20n rnp//21n rnp///22rnp///23n rnp///25n rnp,No
9100,9100,Unknown,2026-03-06,Rincy,0.0,No Information,,not available..not available,No
9101,9101,Call <4Hr,,Afees,0.0,No Information,,kannur irutti plus two next entha cheyyandenn oru idea illa,No
9102,9102,Call <4Hr,,Afees,0.0,No Information,,"kondotty place,visited here//rnp",No
9103,9103,Call <24Hr,,Rincy,18.0,No Information,,No Information,No
9104,9104,Call >72Hr,,Afees,79.0,No Information,,"19/5-detail shared-place kanur- psychology degree cheyaan aaan aagrhm-idh kandapo just nokye aaanu- arabi college aaanu plus 2 padiche 
21/5- not interested",No
9105,9105,Call < 5 mins,,Najiya,75.0,No Information,,No Information,No
9106,9106,Untouched,,Safa,0.0,No Information,,18/5-iti padikunu- plus two science aaayirunulast month aaanu financial issue kaarnm idhil poyadhanu vedio shared,No
9107,9107,Call <4Hr,,Muhammed,0.0,No Information,,Rnp 19/5-Rnp 20/5-Connect the whatsapp 21/5-Rnp 22/5-busy 23/5-Rnp 25/5-Rnp,No
9108,9108,Call <24Hr,,Afees,34.0,No Information,,No Information,No
9109,9109,Call < 45 mins,,Afees,0.0,No Information,,rnp contcated on wtsp,No
9110,9110,Call < 5 mins,,jaiharish,95.0,No Information,,No Information,No
9111,9111,Call < 5 mins,,jaiharish,67.0,No Information,,No Information,No
9112,9112,Unknown,,Sumayya,2.0,No Information,,Referedd by frnd  no callss only msghsss,No
9113,9113,Call >72Hr,,Rincy,19.0,No Information,,"rnp
He studied in brototype for 2 months and dropped from there and then compleate BCA. now he planning to join a institute in kannur. Update later////19n np///21n rnp//22n rnp JOIN  CHEYDHENN PARANJ CUT AAKI",No
9114,9114,Untouched,,Safa,0.0,No Information,,"18/5-2 times rnp
19/5-rnp
21/5-rnp
27/5- rnp
30/5-rnp not respond wtsp",No
9115,9115,Call < 5 mins,,Muhammed,266.0,No Information,,interest aanu. imma oman work cheyuvaanu. veed calicut aanu. 19/-Contact the whatsapp 21/5-Rnp 22/5-Rnp 23/5-Rnp,No
9116,9116,Call >72Hr,,Sanju,27.0,No Information,,"18/5- place malappuram - degree drop out aaaki ee month - details whatsapp ayycha madheen paranju 
20/5-wtsp connect cheythu 
22/5-took- fund ready aavanittaaan details oke okay aaanu- event paribaad cherthaayi cheynd appo adhh onuu settaakanm 
26/5-rnp",No
9117,9117,Call >48Hr,,jaiharish,40.0,No Information,,No Information,No
9118,9118,Call >72Hr,,Rincy,17.0,No Information,,rnp,No
9119,9119,Call >72Hr,,arathi,0.0,No Information,,"18/5-place ernamkulam- hotel work cheyuvaaan plus two kazhinjtt - achan amma sister -course structure paranj kodthu 
19/5-rnp 
21/5-rnp
22/5-rnp msgd 
23/5-hospital aaanu - vandi thatty innale- 
25/5-rnp
26/5-rnp 2nd call rnp 
27/5-rnp 
rnp",No
9120,9120,Untouched,,Safa,165.0,No Information,,"18/5- busy aaanu vilikaaam 
19/5-rnp wtsp connect cheytho vedio share cheythu
20/5 accounting course aaan vijjriche nokye aanu- ttc kazhinje aanu -ippo teacher aaytt work cheyunund -",No
9121,9121,Call >72Hr,2026-04-06,Sumayya,32.0,No Information,,"18/5- mother- vtil illa etheet vilikaaaam 
19/5-took plus two student- just kandapo nokyye aaanu- civil aaanu main aaytt nokune avalkum adhaan interest ulath- just vedio share cheyth kodth place malappuram 
20/5-rnp
22/5-took- vandeel aaan 
25/5-rnp 
27/5-rnp 2nd call - paranjth medical aaan nokune - short aaytt course paranjodth -aaal vtil illa vnnnt vilikaaam 
30/5/2026-rnp not respond wtsp",No
9122,9122,Unknown,,nafi,158.0,No Information,2026-01-08,call not snd contacted on wtsp// all ippo plustwo kayinjitta illee so alkk ore one yr gap edkanna plan so just details onn aykkan paranjuu enthayllum nokkitt parayam enn paranjuu //all details nokkit update cheyam enn paranju// rnp try to connect on wtsp// one week nntte ullil prayam enn paranju,No
9123,9123,Untouched,,Safa,22.0,No Information,,18/5-rnp cheythittila sorry paranj cutt cheythu,No
9124,9124,Call >72Hr,2026-04-06,Sumayya,24.0,No Information,,"18/5- kochi work cheyunu - customer service executive aaaytt , online - place kollam- work cheyunnath ernamkulam aaanu , degree kazhinj hospital administration course kazhinju salary koravaaayond adhil poila 
19/5-took work aaayond busy aaytt vedio kandila contact cheyaam 
21/5 -rnp
22/5-rnp 
23/5-rnp 
26/5-rnp 
27/5-rnp",No
9125,9125,Untouched,,Safa,43.0,No Information,,18/5- register cheythittila,No
9126,9126,Untouched,,Muhammed,77.0,No Information,,No Information,No
9127,9127,Untouched,,Safa,0.0,No Information,2026-01-06,"18/5- 2 times rnp
19/5-rnp 
21/5-rnp
27/5-rnp rnp",No
9128,9128,Untouched,,Safa,68.0,No Information,,18/5-cheythittila course onum nokunila,No
9129,9129,Call >72Hr,,Sanju,0.0,No Information,2026-01-06,busy mba cheythu kondu irikkuva 22/5-Rnp 22/5-Rnp 23/5-Rnp 31/5-Rnp,No
9130,9130,Untouched,,Safa,42.0,No Information,,18/5- said wrong number -cheythilla,No
9131,9131,Untouched,,Unknown,0.0,No Information,,frnd nu vendi noki ennanu paranje whatsapp il msg chythind,No
9132,9132,Call <24Hr,,Muhammed,0.0,No Information,,rnp,No
9133,9133,Untouched,,nafi,35.0,No Information,,rnp contacted o  wtsp// allk Devops ann nokkanne veree onnum vendaa so ath evidaa indoo enn confirm akkitt paryaam enn paranjuu //rnp try to connect on  wtsp // rnp//he said he is not intrested,No
9134,9134,Call >24Hr,,Sanju,0.0,No Information,,"rnp,switchoff",No
9135,9135,Call >72Hr,,Sumayya,0.0,No Information,,"18/ 5 humanities plustwo , her and her frnd also is there but 
family : father tailor mother also working average student 
deatils shared through wp",No
9136,9136,Call <1Hr,,jaiharish,0.0,No Information,,No Information,No
9137,9137,Call >72Hr,2026-11-06,Rincy,0.0,No Information,2026-11-06,"18/5- age 26-plce alappuzha - divorce aaan- degree distant aaayitt cheynm -
20/5- courtil case und strdy adhond velyammde vtil aanu- aniyathiyond paranjittund aneshikaan - 

26/5- interested aaanu- next week ndhaylum kochi p0vunund appo hub visit cheyaam vech nikkaaanu
/////31n rnp////3n rnp //9n rnp///11n rnp",No
9138,9138,Call >72Hr,2026-11-06,Rincy,0.0,No Information,2026-11-06,"18 / 5 he said he is busy not interested to talk he said just share the details through wp
22 / 5 he said he wil update tmr//26n rnp///30n rnp///31n rnpv////3n rnp ///8n rnp ///11n rnp",No
9139,9139,Untouched,,Safa,33.0,No Information,,"18/5-connected age 24- place ernamkulam , degree drop out aaki health issue aaayt - work cheythernnu- resign itt porth povaan nikken egathesham ready aaayittund 
20/5-rnp 
22/5- ui/ ux join cheythu",No
9140,9140,Call >72Hr,,arathi,16.0,No Information,,"bba e varsham kazhinju, data analytics aan nokkunnedh.
Joined another institute",No
9141,9141,Call >72Hr,,Rincy,0.0,No Information,,No Information,Yes
9142,9142,Call <4Hr,,Afees,0.0,No Information,,enquired for sister mannarkkad place valiya reethikk rapo build ayittilla basic details shared on wtsp,No
9143,9143,Untouched,,Unknown,0.0,No Information,,No Information,No
9144,9144,Call <24Hr,,jaiharish,0.0,No Information,,no doesnt exist,No
9145,9145,Call < 5 mins,,jaiharish,0.0,No Information,2026-01-06,teacher enquired for her students erkm place deatils shared through wp,No
9146,9146,Call <24Hr,,Ambili,46.0,No Information,,busy aan umma phone edthedh,No
9147,9147,Call >72Hr,,Rincy,2.0,No Information,2026-12-07,rnp///26n rnp//9n rnp///10n rnp//13n rnp,No
9148,9148,Call <24Hr,,Ambili,53.0,No Information,,"brothr ivde vilich anyeshichind enn paranju, bca e varshm kazhinjedhan, intrstd aan datascience aan nokkkunnedh",No
9149,9149,Call >72Hr,,arathi,173.0,No Information,,"plustwo kazhinjollu, gudallur veed, initial karyngal paranj koduthu, plstwo computer commerce. He is applied to take Bcom not interested in Coding. Friend applied.",No
9150,9150,Call >72Hr,2026-04-07,Najiya,68.0,No Information,2026-10-06,"Visited hub on 6/6/2026,interested data science course,join immediately",No
9151,9151,Call <24Hr,,Ambili,411.0,No Information,,"just endhokke crse indnn ariyanokke msg ayachedhan kasarkode veed, data science aan chodhichedh initial karyangalan paranj koduthedh",No
9152,9152,Call <24Hr,,Ambili,257.0,No Information,,No Information,No
9153,9153,Call >72Hr,2026-10-07,Rincy,0.0,No Information,2026-10-07,rnp contacted on wtsp///3n rnp//9n rnp///10n rnp,No
9154,9154,Call >72Hr,,Rincy,20.0,No Information,,"busy will connect later.
RNP///26n nokunnilla",No
9155,9155,Untouched,,Safa,369.0,No Information,,"18/5-2 times rnp 
19/5-rnp
21/5-took- already vere institution join cheythu",No
9156,9156,Untouched,,Safa,22.0,No Information,,"18/5- place alapuzha detail vedio ayychodthu- already business und kandapo just cheythe aaanu 
20/5-took inn evening paraym
22/5-took declined 
23/5-took- nokknila",No
9157,9157,Untouched,,Safa,0.0,No Information,,18/5- number not exist,No
9158,9158,Call <24Hr,2026-04-07,Afees,10.0,No Information,2026-07-07,busy will connect later,No
9159,9159,Untouched,,Safa,209.0,No Information,,"18/5-1st call rnp 
2nd call classilanu call back cheyam
19/5-took call declined 
20/5 place kollam-psc coaching povaanu- online details share cheyth kodth- 
22/5-np 
25/5-rnp 
26/5-rnp 
2 ND CALL- connect aal psc coaching povaanu place alappuzha exam wait cheyuvaan-so ippo padikal practical aaavula time manage cheyaan pattula",No
9160,9160,Untouched,,Safa,14.0,No Information,,"18/5-no incoming wtsp msgd 
21/5 rnp wtsp call not respond wtsp
22/5-took declined 
23/5-call declined after hearing bridgeon -no respond wtsp",No
9161,9161,Untouched,,Safa,0.0,No Information,,"18/5-2 times-rnp
19/5-rnp
21/5-rnp-jobn vendi enquiry itte aaanu wtsp connect cheyth paraanju",No
9162,9162,Call <24Hr,,Afees,50.0,No Information,,"kannur ann place bsc computer science ann padiche next entha cheyyandenn oru idea illa achan kooli pani ann amma house wife he is the elder son,basic details shared...",No
9163,9163,Untouched,,Safa,0.0,No Information,,"18/5-2 times rnp
19/5-rnp
20/5-rnp
22/5-rnp not respond
27/5-rnp",No
9164,9164,Call >72Hr,2026-10-06,Sumayya,22.0,No Information,,"18/5-rnp switched off
second call-rnp 
19/5-rnp
21/5 busy aaanu
23/5- background nala sound keknd -degree b.com kazhinje aaanu -coding korchh cheyth nokittoke und 
26/5-took- pernnaaal therakil aaanu- adhh kayynj vilikaa vech irikaaayirunu",No
9165,9165,Call >24Hr,,Muhammed,0.0,No Information,,Rnp,No
9166,9166,Call >72Hr,,Sanju,61.0,No Information,2026-01-06,degree 2 year aanu. online aanu nokunne. imma illa ikka gulfil aanu ikkakaya aanu kariyaggal okkey nokunne. bridgeon ne patti nalathupole ariyam. 20/5-Rnp 21/5-Rnp 22/5-Rnp 23/5-Rnp 31/5-Rnp,No
9167,9167,Call >72Hr,,Sanju,17.0,No Information,2026-01-06,19/5-uraguvaayirunnu. 19/5-busy 20/5-Busy 21/5-Busy kaliyannathinte ppdi aanu.. 2days akazhinju condact cheythaal mathi enna paranje.. 22/5- connect the whatsapp 23/5-shopil aanu . 31/5-busy,No
9168,9168,Call < 5 mins,,jaiharish,195.0,No Information,,enquired for short trem course,No
9169,9169,Unknown,2026-04-07,nafi,42.0,No Information,,rnp contacted on wtsp,No
9170,9170,Untouched,,jaiharish,1514.0,No Information,,"18/5-rnp
21/5-umma porthaanu vti etheet vilikaam 
22/5- it field interest illa",No
9171,9171,Call >72Hr,,Afees,147.0,No Information,2026-10-07,manjeri place enquired for data analytics course he said he is intereste   deatils shared throuh wp,No
9172,9172,Call >72Hr,,Afees,0.0,No Information,,rnp contacted on wtsp,No
9173,9173,Call >72Hr,,Afees,0.0,No Information,,18 / 5 rnp2,No
9174,9174,Call < 5 mins,,Muhammed,848.0,No Information,2027-01-01,ippo plus one kazhijitte illu. next year ilekk  aanu nokunne.. course ine pattiyokke paranju koduthittindu.,No
9175,9175,Call <24Hr,,Sanju,0.0,No Information,2026-08-06,"details shared aan financial okanu father gulf il aan 2 sisters ind banglore aan cma aayt wrk chyne 

watsap followup chyind but no responce call not picking",No
9176,9176,Call >72Hr,,Ambili,62.0,No Information,,"16/  studing in beharin , his uncle enquied for the course plACE : trivandrum 
he gave hers father number wants to content a google meet
+97336445075, rnp, e week hubil varunnund
sanjunte phonelnn vilichu, monday or tuesdy hub visit",No
9177,9177,Call >72Hr,,nafi,52.0,No Information,,rnp contacted on wtsp,No
9178,9178,Call <24Hr,,Afees,117.0,No Information,,No Information,No
9179,9179,Call <24Hr,,Afees,105.0,No Information,,No Information,No
9180,9180,Untouched,,Safa,0.0,No Information,,"18/5-rnp
19/5-rnp wtsp msgd 
20/5- vere join chythu wtsp msgd",No
9181,9181,Call <4Hr,,Muhammed,44.0,No Information,,No Information,No
9182,9182,Untouched,,Safa,2.0,No Information,2026-01-06,"18/5-rnp
19/5-rnp
21/5-rnp
23/5- took porthaaan
26/5-rnp not respond wtsp  rnp",No
9183,9183,Call <24Hr,2026-05-07,Afees,25.0,No Information,2026-06-07,busy on driving,No
9184,9184,Call <4Hr,,Muhammed,0.0,No Information,,17/5- rnp,No
9185,9185,Untouched,,nafi,0.0,No Information,2026-03-08,"he was doing bca in mumbai , he was looking for online course//rnp try to connect on wtsp// rnp wtsp no response// rnp// rnp // still the same",No
9186,9186,Call <8Hr,2026-05-06,Afees,0.0,No Information,2026-06-06,"tvm,plus two kazhinju nikkanu cbse next entha cheyyandenn oru idea illa skll first pitch cheythittund//fqtherinu financial issues und",No
9187,9187,Call <24Hr,2026-10-06,Muhammed,0.0,No Information,,ba arabic aanu. padikkan interest indu. married aanu. veed malappuram.19/5-Rnp 20/5- 22 hub vist cheyyan varunnindu.. 21/5- location send cheythittindu. 22/5- connect 23/5- connect the wp  24/5 connect wp 25/5- night payment cheyyam enna paranje..,Yes
9188,9188,Call <8Hr,,Rincy,28.0,No Information,,veed vaarunathu kollam aanu. but trivandrum or kollam hub indel nokkam enna parnje.,No
9189,9189,Call <8Hr,,Muhammed,0.0,No Information,,17/5-RNP,No
9190,9190,Untouched,,Afees,41.0,No Information,,No Information,No
9191,9191,Call >24Hr,2026-04-07,Afees,33.0,No Information,,switched off contacted on wtsp,No
9192,9192,Untouched,,Safa,56.0,No Information,,"18/5-rnp second call took mother -plus two kazhinj humanities aaayrn- kodkaan paranjpo korcheram wait chythu pine aaal porth poyikn paranju 

20/5- student- idathappade place choich porth povaan thalparyam illa kanur thane aanu nokune",No
9193,9193,Untouched,,Safa,108.0,No Information,,"18/5-rnp 
19/5-frnd verthy  cheythe aaanu- it course onum noknila",No
9194,9194,Untouched,2026-04-07,Afees,0.0,No Information,2026-07-07,rnp contacted on wtsp,No
9195,9195,Call >72Hr,,Sumayya,0.0,No Information,,"18/5-rrnp
19/5-rnp
22/5-rnp msgd
27/5-call declined while hearing bridgeon
30/5 declined  not respond wtsp
3/6//rnpp",No
9196,9196,Call <8Hr,,Muhammed,32.0,No Information,,17/5- friend inu vendittayirunnu. enquiry cheythittandayirunne.. pullikari degree 2 year aanu.,No
9197,9197,Call >72Hr,2026-05-06,Sumayya,0.0,No Information,,"18/5- details shared , place kollam, ba economics nokkyernn complete aaayila - porth povaanula planing aaanu cherye baby und 1 vayas- adhond online aaan nokune 
19/5-rnp
21/5-rnp
22/5-took-offline aaan nokune-athrem long vnn padikunnthinte issue aaan kochu ulond 
26/5-rnp",No
9198,9198,Call >72Hr,2026-09-06,Rincy,0.0,No Information,2026-09-06,"18/5- place kollam-porth povaan vendi nikkaaanu- sep povum- adhin mune online course nokkaa vechtttaaan humanities aaayirunu- 
20/5-rnp
22/5- took fees paranjodth 
25/5-rnp
26/5-rnp  /////30n rnp////3n rnp ///9n rnp",No
9199,9199,Untouched,,Sumayya,0.0,No Information,,"18/5- mother- just nokkyedhaanu- mon result vannaaale ndhelum parayu -ippo ivde illa 
20/5-rnp
22/5-rnp 
26/5-rnp
27/5- call cutt cheythu 
30/5- mothernod samsaarich - avan oru subject poyi irikaanu accountancy - onum paraynila  -number share cheyth thannu 6238672993
second call aalod samsaarich details oke paeranj kodth",No
9200,9200,Call >24Hr,,Muhammed,0.0,No Information,,Rnp,No
9201,9201,Call >24Hr,,Sanju,0.0,No Information,,rnp,No
9202,9202,Untouched,,Safa,18.0,No Information,,"18/5-rnp
19/5-rnp
21/5- took not hearing- wtsp msg ayychu cheythittila parannu",No
9203,9203,Untouched,,Safa,0.0,No Information,,"18/5-off
19/5-off 
22/5-off no respond wtsp",No
9204,9204,Call >24Hr,,Sanju,0.0,No Information,,rnp,No
9205,9205,Untouched,,Safa,0.0,No Information,,"18/5-switched off
20/5 off no wtsp
23/5-off 
26/5-off",No
9206,9206,Call >24Hr,2026-05-06,Sanju,0.0,No Information,2026-05-06,ipol avan course nokanilla oru army nte program chythondirikaanu apo ath kaynjite nokullu almost 6 mnths avum,No
9207,9207,Call >72Hr,2026-05-06,Sumayya,577.0,No Information,,"19/5-bridgeon kettapo call cutt cheythu 
21/5- shopilaaan- wtsp details ayykaan paranjum- place calicut- bcom kazhinju
22/5-took - shopil nikenu- long aaayond noknila - vedio idhverr kandittila kandtt 
paraya 
25/5-rnp 
27/5-rnp
30/5-rnp",No
9208,9208,Call >24Hr,,Afees,23.0,No Information,,no idea about bridgeon basic details shred,No
9209,9209,Untouched,,Safa,0.0,No Information,,"19/5-no incoming msgd
21/5- took- details already share cheythttnd- ippo noknila just ariyaan vendi aayirunu (wtsp msg ayychu paranju)",No
9210,9210,Call <24Hr,,Muhammed,108.0,No Information,,No Information,No
9211,9211,Call >24Hr,,Muhammed,0.0,No Information,,tamil or kannada aanu ennu thonunnu,Yes
9212,9212,Untouched,,Safa,35.0,No Information,,19/5- ariyaathe vanndhanu,No
9213,9213,Untouched,,Unknown,0.0,No Information,,"+,contacted on wtsp",No
9214,9214,Call >72Hr,2026-07-07,Rincy,0.0,No Information,2026-06-07,they cut the call//nkatte enn///28n rnp//29n rnp///3n rnp////7n rnp,No
9215,9215,Call >72Hr,,arathi,34.0,No Information,,"busy will connect later.
Joined another institute.",No
9216,9216,Call >24Hr,,Afees,66.0,No Information,,No Information,No
9217,9217,Call >72Hr,2026-05-06,Muhammed,0.0,No Information,2026-10-06,Rnp 19/5-Rnp 20/5-Rnp 21/5-Rnp 22/5-Rnp +2 commers aanu. achan workshop annu. padikkan interest indu. oru friend kodi indu. 25/5- result vannitt parayam enna paranje. 30/5-Rnp 4/6-Rnp ///8n rnp///10n rnp,No
9218,9218,Call >72Hr,,arathi,53.0,No Information,,"busy will connect later.
He joined another company( His own relatives Company).",No
9219,9219,Call < 5 mins,,Ambili,103.0,No Information,,"brthrin vendittan, kondotty veed no idea about IT field intrst und, intrstd aan ivde visiteyynm, prebookeyyan ok aan vtl  korch issues und 3 days ullil cheyum, nael hub visit",No
9220,9220,Call >24Hr,,Muhammed,0.0,No Information,,busy but data analytics aaanu nokunne.. 20/5-Rnp.  21/5-Rnp 22/5-Rnp 23/5-Rnp,No
9221,9221,Call >48Hr,,Afees,66.0,No Information,,No Information,No
9222,9222,Call >24Hr,,Muhammed,0.0,No Information,2026-01-06,Busy 23/5-Rnp 31/5-Rnp,No
9223,9223,Call >24Hr,,Muhammed,40.0,No Information,,No Information,No
9224,9224,Call <4Hr,2026-09-06,Rincy,0.0,No Information,2026-09-06,Msged//b tech kayinju idimuyikal aanu veed//19n rand divasam work nd njn endhaylum angott  varamm///////20n rnp////21 fund issue aanu//22N 3 WEEK TRAINING karyam paranju nokeett parayam enn//23n rnp///25n rnp//26n rnp...30nn rnp///31n rnp///4n infopark interview ready aayitund adh nokatte enn//9n rnp,No
9225,9225,Call >24Hr,,Muhammed,0.0,No Information,,Rnp 19/5-Rnp 21/5-Busy 22/5-Rnp 23/5-Rnp 23/5-Rnp 25/5-Rnp,No
9226,9226,Call >24Hr,,Muhammed,17.0,No Information,,other language aanu ennu thonunnu,No
9227,9227,Call >24Hr,,Muhammed,21.0,No Information,,18/5-Rnp 20/5-connect the whatsapp 21/5-Rnp 22/5-Rnp 23/5-Rnp,No
9228,9228,Call >72Hr,2026-04-07,Sanju,0.0,No Information,,pullikaran age 29 pullikaran oru tea shop nadathuvaanu. online course aanu nokunne. 19/5-Busy 21/5-Rnp 22/5-Rnp 23/5-Rnp 26/5-Rnp  4/6-Rnp,No
9229,9229,Call >24Hr,,Muhammed,0.0,No Information,,Rnp not incoming call,No
9230,9230,Call >24Hr,,Muhammed,168.0,No Information,,Rnp 19/5-Rnp contact the whatsapp 20/5- hus inodu choyichitt parayaam enna online course aanu nokunne. 21/5- connect the whatsapp 22/5-Rnp 23/5-Rnp call cheyyaruthu ennu paranjittindu. cheriya vava indu.  25/5- interest illa ennu paranju. 30/5- nokunnilla ennu paranju,No
9231,9231,Call >24Hr,,Muhammed,37.0,No Information,,No Information,No
9232,9232,Call >24Hr,2026-04-06,Muhammed,1361.0,No Information,,plustwo kazhinju  one year gap indu uppakku gulfil taxi driver aanu. manchery aanu nokunne. 19/5-Rnp 20/5-Rnp 21/5-Rnp 22/5- immanodu samsarichu 23/5-Rnp 25/5-ippane contact cheyyan kazhiyunnilla..imo 26/5-Rnp 30/5-Rnp,No
9233,9233,Untouched,,Safa,0.0,Not Connected,,17/5 rnp,No
9234,9234,Untouched,,Muhammed,84.0,No Information,,No Information,No
9235,9235,Call >72Hr,,Rincy,20.0,No Information,,"ummayanu phone eduthe basic details shared will connect later ramanattukara place.
Plus two bio science. They want to discuss and update tomorrow;
Umma takes the call, he is not in the home he will back at 7.30 - 8.00, so can call at that time.
Messaged in whats app///21n engineering join cheydhu",No
9236,9236,Call >24Hr,,Muhammed,94.0,No Information,,enquiry cheythittilla enna paryunne. vtl arellum cheythittindo ennu choyichitt parayaam. 21/5- ba arabic plustwo humanities annu veed eranakulam aanu   22/5-Rnp,No
9237,9237,Call >24Hr,,Afees,78.0,No Information,,No Information,No
9238,9238,Call < 5 mins,2026-08-06,Ambili,0.0,No Information,,No Information,No
9239,9239,Call <4Hr,,Sanju,0.0,No Information,,call eduthath mon aanu veetil illa thirich vilikam ennan paranje,No
9240,9240,Call < 5 mins,,Sanju,0.0,No Information,,rnp,No
9241,9241,Call <4Hr,,Sanju,0.0,No Information,,No Information,No
9242,9242,Call <4Hr,,Sanju,161.0,No Information,,No Information,No
9243,9243,Call >48Hr,,Sanju,0.0,No Information,,details shared aanu baki followup aan +2 kazhinjathan 2019 il married aanu hus ship il aanu,No
9244,9244,Call >72Hr,,Afees,0.0,No Information,,"kannur alkk enquiry cheytha oru idea illa basic details shared.
He studied +2 humanities, He have father mother elder sister and a brother.
He is interested Will update tomorrow and friday or saturday hub visit.
He is ok. but he is working in a shop so he will visit hub on monday.//21n bc ////22n rnp///26n rnp rincy vilichit idknilla so afeesin kodth nokeettund",No
9245,9245,Call <4Hr,,Sanju,0.0,No Information,,thirich vilikam ennan paranje seems like ariyathe register chytha lead,No
9246,9246,Call < 5 mins,,Muhammed,587.0,No Information,2026-04-06,interest aanu but immakum ippakum ippo hart oppreation kazhinju irikkuvaanu 7025331701 20/5-Connect the whatsapp 22/5- fees aanu preshnam 25/5- connect the wp scholership anu nokunnathu 3/6-connect the wp,No
9247,9247,Untouched,,Safa,0.0,No Information,,"16/5- workilaaanu WFH 6:00 sheshm vilikanm 
19/5- educations field tl aayt work cheyuvaaanu- banglur aaaanu- online aanu nokuneage 29 
21/5- thirich vilikam
22/5- nokkit parayaam busy aanu
23/5-rnp
26/5-call declined-npkunila paranju",No
9248,9248,Call >72Hr,,arathi,11.0,No Information,,"busy will connect later. Interested.cousin studied here(flutter). He wants to discuss with parents and update tomorrow.
He will update tomorrow.",No
9249,9249,Call <4Hr,,Sanju,110.0,No Information,,seems like ariyathe chythathaanu,No
9250,9250,Call <4Hr,,Ambili,0.0,No Information,,No Information,No
9251,9251,Call < 5 mins,,Afees,160.0,No Information,,No Information,No
9252,9252,Call <4Hr,,Najiya,0.0,No Information,,"Visit hub today ,interested,monday inform,she is not there mother attend  call,fees prblm",No
9253,9253,Untouched,,nafi,0.0,No Information,,rnp contacted on wtsp// rnp // rnp wtsp no response// still the same,No
9254,9254,Call < 45 mins,,Rincy,27.0,No Information,,cheydhittilla enn,No
9255,9255,Call < 5 mins,,Ambili,74.0,No Information,,No Information,No
9256,9256,Call <8Hr,2026-09-06,Ambili,0.0,No Information,2026-09-06,"veed chemmad, ippo religious study und so nokkunnedh part tym aan idh posibl aavonn ariyula details initial mathra paranj koduthind, innale vilichu avn tyinte issue und",No
9257,9257,Call < 5 mins,,Ambili,46.0,No Information,,rasik nte frndaan bca kazhinjedhan,No
9258,9258,Unknown,2026-08-06,Rincy,15.0,No Information,2026-07-06,alkk just skill developing course matram mathi online////20n bsc cs ...palakad aanu veed...............//21n rnp///22 nokeella parayam enn/23n rnp///25n rnp//26N RNP...3n rnp////3n rnp ///8n intrest illa,No
9259,9259,Call <8Hr,,Afees,101.0,No Information,,No Information,No
9260,9260,Call <8Hr,,Afees,0.0,No Information,,busy on driving will connect later,Yes
9261,9261,Untouched,,Safa,98.0,No Information,,"16/5-father- magan vendi nokkyedhaaanu - aaal bsc physics padichu, g.tech it course join cheythu placement onum kitteeela mone kond vilippikaam 
22/5-took inn vilippikaaam 
23/5-rnp
26/5- took- ippo idthpo mol vendi aaanu aal plus one - angne paranju",No
9262,9262,Untouched,,Safa,588.0,No Information,2026-02-07,"16/5- busy , banglore padikuvaanu -bca ippo busyy aaanu call back cheyaam 
18/5- vedio shared 
20/5- oct batch aanu nokune",No
9263,9263,Call >72Hr,2026-11-08,Sumayya,19.0,No Information,,"16/5-medical field work cheyunu- diploma course cheythu civil , just enquiry cheythe aaanu short term course aaanu nokune
17/5-rnp 
19/5-rnp
21/5-rnp
22/5-rnp 
25/5-officelaaanu- vilikaaam 
27/5-rnp 
///30n rnp
////3n rnp  ///8n nokeett parayam///17n rnp///21n rnp//26n call idth cut aaki",No
9264,9264,Call >72Hr,2026-10-06,Rincy,0.0,No Information,2026-10-06,"16/5-rnp 
18/5-rnp
20/5-rnp
23/5-rnp not respond whatsapp
26/5-took- ooty reception staff aaytt work cheyunu- ayurveda nursing kazhinje aaanu- it nokkanm ennu und place perumbavoor-ippo dutylaaanu -wtsp details aaykaan paranju 
27/5-rnp ////3n bc ///8n rnp///10n rnp",No
9265,9265,Untouched,,Safa,49.0,No Information,,"16/5- accounting diploma kazhinju- 2 year experience und -age 24- porthott povaaan vendi nikkaaanu adhaanu job resign ittadh just kandapo nokkyenne olu 
18/5- driving
20/5-rnp
22/5-Rnp-idth avde samsaarichtt 
25/5-jobn keraaan -course nokunila",No
9266,9266,Untouched,,Safa,117.0,No Information,,"16/5- 2 times , rnp 
27/5-took - age 24- kollam thane aaanu nokune- mobile sales work cheythernn plus two kazhinnitt",No
9267,9267,Call >72Hr,2026-04-06,Sumayya,18.0,No Information,,"16/5- detail shared -place wayanad- ba economics kazhinje aaanu - yedhelum course nokkanam 
18/5-rnp
20/5-rnp
22/5-rnp 
25/5-rnp
27/5-rnp
30/5-rnp",No
9268,9268,Call >72Hr,,Rincy,21.0,No Information,,"call attented by mother she is busy. Mom takes the call she is busy in office, call back tomorrow.
RNP//21n  umma call eduthu.....",No
9269,9269,Call <4Hr,2026-04-07,Afees,0.0,No Information,,rnp not in wtsp,No
9270,9270,Call <4Hr,2026-05-07,Afees,31.0,No Information,,rnp contacted on wtsp,No
9271,9271,Call <4Hr,,Afees,0.0,No Information,,No Information,No
9272,9272,Call <4Hr,,Afees,122.0,No Information,,No Information,No
9273,9273,Call <4Hr,2026-05-07,Afees,28.0,No Information,,call not snd contacted on wtsp,No
9274,9274,Call >72Hr,,arathi,0.0,No Information,,"busy will connect later.Take the call then hangup, didn't pick the call after dialling",No
9275,9275,Call <4Hr,,Afees,0.0,No Information,,bcom ann padiche next accounting field thalparyam illa.it field no idea alkk laptop onnum illa financial//uppayum ayi samsarikkanam,No
9276,9276,Call >72Hr,,arathi,0.0,No Information,,"plustwo computer e yr passout, kannur veed busy.
RNP",No
9277,9277,Call <4Hr,2026-05-07,Afees,73.0,No Information,,rnp contacted on wtsp,No
9278,9278,Call >72Hr,,arathi,39.0,No Information,,"kondotty busy will connect later plus two commerce.
RNP
He is joined another course",No
9279,9279,Untouched,2026-04-06,Najiya,0.0,No Information,2026-05-06,"Interested,visited hub and join next batch",No
9280,9280,Call <4Hr,2026-04-07,Afees,33.0,No Information,,rnp contacted on wtsp,No
9281,9281,Call < 5 mins,,Ambili,0.0,No Information,,No Information,No
9282,9282,Untouched,,Rincy,50.0,No Information,,rnp,No
9283,9283,Call <4Hr,,Muhammed,153.0,No Information,,"aeronautical engineering aanu padichathu athu kazhijitt 2 year gap indu. married annu. online annu nokunne.  18/5- onnujm thirumanichilla pinne hus inodu paranju but reply onnum, kittiyilla. 20/5-connect the whatsapp  ippo enthayalum  nokunnilla pinne course nokkaam ennu paranju..",No
9284,9284,Call < 45 mins,,Muhammed,9.0,No Information,,degree pokaan aanu thalpariyam athu pollichu koduthittindu plus two kazhinju oneyear gap indu. aa timeil cma poyirunnu. but athu drop cheythu 17/5-Busy 18/5-Rnp  20/5- medical field edukkan plan indu athupole thanne parents degree edukkan parayunnindu. 21/- Connect the whatsapp 22/5-hospital aanu nikkunne aniyan kondu vannatha..pinne villikam. 23/5- whatsapp connect,No
9285,9285,Untouched,,Safa,0.0,No Information,,16/5-rnp internship,No
9286,9286,Untouched,,Safa,357.0,No Information,,"16/5- ummumade phone aaanu student number 9207990886 - accounting coursn povunnund, college thane , it interested onum ala , avan english padippikunna institution kaarym aaanu chodhikunne -number avante add cheythittund",No
9287,9287,Untouched,,Safa,0.0,No Information,2026-01-06,"2 times -rnp 
18/5-rnp
21/5-rnp 
27/5-rnp rnp",No
9288,9288,Untouched,,Safa,13.0,No Information,,"16/5-2 times rnp 
hindi",No
9289,9289,Untouched,,Safa,29.0,No Information,,1st call rnp 2nd call interest illa sorry paranju,No
9290,9290,Untouched,,Safa,10.0,No Information,,"2 times-rnp 
18/5-hindi",No
9291,9291,Call <8Hr,,Rincy,19.0,No Information,,No Information,No
9292,9292,Call >72Hr,,Rincy,12.0,No Information,,"incoming illa,
RNP, messaged in whats app///26n rnp cut aaki poyi",No
9293,9293,Call <8Hr,,Rincy,93.0,No Information,,payeedh aan afees aan contact aakiye pap poyo enn choych msg ayachknu////////////bca final year aan next year nokanan,No
9294,9294,Untouched,,Safa,14.0,No Information,,"19/5-rnp
20/5-rnp
21/5-internship",No
9295,9295,Call <8Hr,,Rincy,0.0,No Information,,"house wife an age 30 //ramanatttukara aan veed///husband abroad kuttyadi veed rand kuttyeel details onnum paranjeella nokatte enn/17n rnp...msg ayachu 19n vilikan paranju ///////20n rnp///22 porathanu
/23n rnp.///25n fee paranj kodthu//26N  ippo nokunnikla enn msg ayachu",No
9296,9296,Call >72Hr,2026-08-06,Rincy,0.0,No Information,,"currently she is working as an intern, she is looking for online option.She is in work call back later.",No
9297,9297,Call >72Hr,,arathi,85.0,No Information,,"4 week internship [programme ndo ennan.
He is currently a BCA 2nd year student. looking for one month internship only for syllabus, for his studies.",No
9298,9298,Call <8Hr,,Rincy,15.0,No Information,,porathan pINNE vilikam enn//17n keelknilla paranju cut aaki pinne vilichit edknilla////21n intrest illa enn,No
9299,9299,Call <8Hr,,Rincy,16.0,No Information,,call eduth cut aaki pinne vilichitt edknilla//17n rnp////20n nilambur  dgree maths ...//21n rnp///25n sse coaching edkan idh veenda,No
9300,9300,Call >72Hr,,Rincy,0.0,No Information,,"rnp//rnp
She is little bit busy call back later ///8n rnp//12n rnp///17n rnp",No
9301,9301,Call <4Hr,2026-02-08,Rincy,0.0,No Information,,"palakad aan veed plus 2 commerse aayirunnu...frnds nd nokatte nokeett paraym////17n rnp///////20n time veenam//scolorship nokatte tta//22n result vanniit nokatte enn kochi aanu nokune//25n msged//27n nattil nokana plan//30n//msg ayakkunnund
..,,23n parayam...18n msged//22n msged //23n rnp msged//24n fund issue aanenn paranju",No
9302,9302,Call <4Hr,2026-08-06,Rincy,17.0,No Information,2026-10-06,onnuum mindunnilla cut aaki///16n bc//////////19n whats app contact aako paneelan enn///////20n rnp//21n rnp///23n rnp///25n rnp incomming illa//27n rnp same///30n rnp////3n rnp  ///8n nkunnilla,No
9303,9303,Call >72Hr,,Sumayya,37.0,No Information,,No Information,No
9304,9304,Untouched,,Unknown,0.0,No Information,,No Information,No
9305,9305,Call >72Hr,2026-09-06,Bridgeon Admin,42.0,No Information,,"Enquiry for sister ,place lakshwadeep ,interested",No
9306,9306,Call < 5 mins,,Ambili,46.0,No Information,,No Information,No
9307,9307,Call >72Hr,,Sanju,0.0,No Information,,No Information,No
9308,9308,Untouched,,Safa,114.0,No Information,,16/5-rnp,No
9309,9309,Call < 15 mins,2026-04-06,Muhammed,37.0,No Information,,4 year job cheythitt polum 15K aanu salary. 26 aanu age veed payyanoor. achan chumattuthozhilalli aanu. amakku shop indu. IT  field choose cheyyam ennu karuthi 16/5-Busy 21/5-Busy 22/5-Rnp 23/5-Rnp 26/5-Rnp 4/6-Rnp,No
9310,9310,Call <4Hr,,Muhammed,0.0,No Information,,15/5-Rnp 16/5-Rnp,No
9311,9311,Call >24Hr,,Afees,19.0,No Information,,ammayanu phone eduthe busy will connect later,No
9312,9312,Untouched,,Unknown,0.0,No Information,,No Information,No
9313,9313,Call <4Hr,,Muhammed,0.0,No Information,,sales work cheyyuvaanu. 21/5-Rnp 22/5-Rnp 23/5-rnp incoming cll apokunnillaa 26/5-Rnp,No
9314,9314,Call >72Hr,,Afees,4.0,No Information,,/-interest aanu. cs aaanu eduthathu. uppa saudhi accounting ayitt work cheyyuvaanu.  16/5-Rnp  19/5-Contact the whatsapp 21/5- monday hub visit cheyunnindu /- 22/5- connect 23/5- connect the wp 24/5-Rnp 25/5- uppanodu samsarichirunnu onnude alochichitt parayaam ennu 30/5-Rnp 3/5-rnp 4/6-Rnp ///8n rnp//9n rnp///10n rnp///11n rnp///17n msg ayachu join cheyyunnilla paranjitt/// dgree edukan aanealo plan,No
9315,9315,Call <4Hr,,Muhammed,0.0,No Information,,15/5- phone switch off aanu. 16/5-same avastha',No
9316,9316,Call >72Hr,,Muhammed,0.0,No Information,,busy ippo germen padichu kondu irikkuvaanu. 21/5-Busy 22/5-Rnp 23/5-Rnp call cut akkuvaanu.,No
9317,9317,Call <8Hr,,Muhammed,90.0,No Information,,No Information,No
9318,9318,Call >72Hr,,nafi,63.0,No Information,,busy  21/5- achan hospital icu aannu enthaayalum ippo course nokunnilla. veed thrissur aanu. 22/5- connect the whatsapp 24/ connect wp 26/5-Rnp 4/6-connect wp,No
9319,9319,Call >72Hr,,Sanju,3.0,No Information,,busy 20/5-Rnp 21/5 oru course eduthittindayirunnu 1laks inte but athu drop cheythu ippo distance ayitt degree cheyunindu.  24/5-Rnp 3/5-rnp,No
9320,9320,Call <8Hr,,Muhammed,0.0,No Information,,No Information,No
9321,9321,Call < 5 mins,,Ambili,0.0,No Information,,"tirur aan veed, shannte frndaan, intersted aan, hub visiteyyan paranjjind, bcom this year padichu, monday admissio,  edkkum, vishnu vilichirunnu avnte vtlnn inn evng contact cheyyamenn paranju, uppa vannitte admission nokkunnollu",No
9322,9322,Call >72Hr,2026-04-06,Rincy,0.0,No Information,2026-05-06,ithu achante number aanu. achanodu samsarichu pullikaranu nalla interest aanu. vtl eathitt villikaam ennu paranju /22/5-connect the wp 25/5 bca edukkan annu nokunne///4n rnp nokunnilla enn,No
9323,9323,Call >72Hr,,Sanju,40.0,No Information,,"mother aan call eduthe karyangal paranj koduthindu hub visit aan pitch chythe nokate ennanu paranje
degree ku admission kititund ennan paranje",No
9324,9324,Call >72Hr,,Sanju,52.0,No Information,,interest aanu. bba kazhinju nikkuvaanu.  16/5-Rnp 19/5-Rnp 21/5-Rnp 22/5-Rnp 26/5-incoming call pokunilla 4/6-Rnp,No
9325,9325,Call <8Hr,,Muhammed,0.0,No Information,,Rnp 16/5-Rnp,No
9326,9326,Call >72Hr,,Afees,11.0,No Information,,Busy 16/5-Rnp 20/5-Rnp 21/5-Rnp 22/5-Rnp 23/5- kondotti aanu veed varunnathu.  BA english aanu. achan hospital attender annu. digital markating interest indu. 25/5-Rnp 26/5-Rnp 3/6-busy ///8n rnp///10n rnp//12n rnp///17n rnp///18n rnp///21n rnp,No
9327,9327,Call <8Hr,,Muhammed,0.0,No Information,2026-01-08,"15/5- ravile call akkan paranju 16/5- BA english aanu. ippo pg 1year aanu, veed nilambur aanu. achanum chettanum jewlls business aanu cheyunnathu. 18/5-Rnp Rnp 20/5-Rnp 21/5-Rnp 22/5-Rnp 23/5- connect the wp nokunnila ennu parnaju 25/5- objection entha ennuvechal ippo ma padichu kondu irikkuvaanu . athu kazhijitt nokkam enna parayunne",No
9328,9328,Call >72Hr,,Rincy,21.0,No Information,,hashir inte wife aanu call eduthathu.  busy vere arkelum assign cheythu kodukkanam//23n wife aan call eduthe ippo nokunnilla paranju cuat aaki,No
9329,9329,Call < 5 mins,,Najiya,9.0,No Information,,"She is interested,visit manjeri hub  tomarrow 11am",No
9330,9330,Call < 45 mins,,Ambili,18.0,No Information,,No Information,No
9331,9331,Call < 45 mins,,Ambili,0.0,No Information,,No Information,No
9332,9332,Call < 45 mins,,Ambili,108.0,No Information,,No Information,No
9333,9333,Call < 45 mins,,Ambili,272.0,No Information,,No Information,No
9334,9334,Call <1Hr,,Ambili,85.0,No Information,,No Information,No
9335,9335,Call <4Hr,,Ambili,0.0,No Information,,"idh grand parent nte number aan, e number vech kodthittillaannan parayunnedh call cut aakki",No
9336,9336,Call >72Hr,,Sanju,43.0,No Information,,"pathanamthitta veed padichadhokke kochil, initial karyangale paranj kodutholl phone complaint aayitt clear aavunnilla

foundation program pitch chythindu

pg nokanu",No
9337,9337,Call <4Hr,,Ambili,14.0,No Information,,call dropped,No
9338,9338,Call >72Hr,,Muhammed,3.0,No Information,,job enquiry ba history kazhinu. hospital administration eduthu complete aaki but salary 11k illu vere job nokiyathaanu. 21/5-Rnp 23/5- job enquiry aanu ennu karuthiya whaths app connect,No
9339,9339,Call < 5 mins,,jaiharish,125.0,No Information,,No Information,No
9340,9340,Untouched,,Unknown,0.0,No Information,,No Information,No
9341,9341,Call >72Hr,,Afees,0.0,No Information,,rnp contacted on wtsp,No
9342,9342,Call >72Hr,,Afees,40.0,No Information,,rnp contacted on wtsp,No
9343,9343,Call >72Hr,,Sumayya,19.0,No Information,,"15 / 5 mom took the call deatils shared through wp vadakara house  
her mother is not well so they told tmr tehy will connect
22 / 5 rnp , rnp2",No
9344,9344,Call >72Hr,,Rincy,0.0,No Information,,he cut the call twice contacted on wtsp//9n rnp///10n rnp/14n rnp,No
9345,9345,Call >72Hr,,Rincy,18.0,No Information,,"avanu enquiry cheytha oru idea illa busy will connect later,manjeri ann place//10..plus 2 computer commerse....fail aayittund manjeri aan veed nokatte enn sherik samsarikan ninn thernilla///11n vtl paarayn time veenam enn///13nn msged................15n intrest illa nokatteenn............///nale hub visit varam enn//25n monday varam enn",No
9346,9346,Call >72Hr,,Afees,105.0,No Information,,"15 / 5 rnp , rnp2",No
9347,9347,Unknown,,Rincy,21.0,No Information,,rnp contacted on wtsp///21n rnp...........22n onnum keelkunnilla///26n rnp..28n nokinnilla enn,No
9348,9348,Call >72Hr,,Afees,52.0,No Information,,"15/5 rnp, rnp2",No
9349,9349,Call >72Hr,,jaiharish,0.0,No Information,,jaihareesh old lead result vannitte course nokkunnollu,No
9350,9350,Call <8Hr,,jaiharish,120.0,No Information,,umma enquiry cheythu enn paranju he is not interested,No
9351,9351,Call >72Hr,,Afees,0.0,No Information,,rnp contacted on wtsp,No
9352,9352,Call >72Hr,,Rincy,0.0,No Information,,"details shared aanu brthrs oke wrking aanu accounts lum logistics lim okke aalu intrested aanu baki followup ilaanu
called from joels phone waiting for results",No
9353,9353,Call <8Hr,,jaiharish,0.0,No Information,,No Information,No
9354,9354,Untouched,,Unknown,0.0,No Information,,job nokeedha,No
9355,9355,Call <8Hr,,Rincy,28.0,No Information,,just ivde endhokke nd aryan vendi //dgree multimedia kayinjadhanu//nokunnilla,No
9356,9356,Call < 5 mins,,Afees,177.0,No Information,,No Information,No
9357,9357,Call <24Hr,,Rincy,43.0,No Information,,nokate enn plus 2 cs kayinju cherpulasseri aan veed//long aan pattilla paranju,No
9358,9358,Call <24Hr,,Rincy,180.0,No Information,,bc aan nale vilikan_// samsarch ok aan////18n msged fund issue nd ////19n rnp///////20n rnp////22 fund issue scholorship pitch aaki vallya thalparyalla porath work cheyyuvan,No
9359,9359,Call >72Hr,2026-02-07,Sumayya,17.0,No Information,,"rnp
Incoming calls are not available in this number. messaged in whats app.26n nokeeella",No
9360,9360,Call <24Hr,,Sanju,0.0,No Information,,switch off aanu,No
9361,9361,Call <24Hr,,Sanju,0.0,No Information,,No Information,No
9362,9362,Call <24Hr,,Sanju,71.0,No Information,,No Information,No
9363,9363,Call <24Hr,,Sanju,44.0,No Information,,rnp,No
9364,9364,Call >72Hr,,Sumayya,0.0,No Information,,dgree bca kayinj thrissur aan veed nokatte nale vilikam ennitt bakki details nokam//16n rnp///////20n rnp///22rnp incomming illa///25n rnp,No
9365,9365,Call >72Hr,,Ambili,125.0,No Information,2026-10-06,15/5 rnp rnp3 nale,No
9366,9366,Call >24Hr,,Rincy,31.0,No Information,,diploma fair works safety field //nokeet paratam/15n rnp///16n rnp///////20n rnp//22n oru jobin keereettund pine nokam,No
9367,9367,Call < 5 mins,,Najiya,57.0,No Information,,"interested,exam finish june 16th  after visit kochi huub,discuss  with frnds after inform",No
9368,9368,Call < 5 mins,,Rincy,50.0,No Information,,bba finance //mannarkad ...sinsiya frnd aanu// choychit parayam,No
9369,9369,Call >72Hr,,Najiya,167.0,No Information,,No Information,No
9370,9370,Unknown,,Rincy,0.0,No Information,,"rnp.
RNP, messaged in whats app///26n rnp///28n rnp///30n rnp",No
9371,9371,Call >72Hr,2026-10-06,Rincy,0.0,No Information,2026-10-06,"bba kayinju mannarkad ///15n rnp//17n rnp////20n rnp///22rnp/23n rnp
26/5//rnp//2//////5n rnp///10n rnp",No
9372,9372,Call >72Hr,2026-07-08,Sumayya,32.0,No Information,,plus 2 kayij cs aayirunnu oru sub fail aayend...ok aanenn///29n cut aaki,No
9373,9373,Unknown,2026-05-06,Rincy,48.0,No Information,2026-05-06,ma economics kayinju malappuram aan veed fee over aan paranju vtl choykatte enn //pg kayinjit 2 year aayi /15n msged//16n rand dhivasm kayinjit varam////20n monday visit aakam//22n monday povam enn///25n  function nd parents free aavunna time aanu povan pattuka nokatte ennn///30n czn anneshikunnund////3n msged///5n intrested alla,No
9374,9374,Call < 5 mins,,Rincy,35.0,No Information,,bca kayinju//job kitty,No
9375,9375,Call < 5 mins,,Najiya,0.0,No Information,,interested course now not decide,No
9376,9376,Call < 5 mins,,Najiya,50.0,No Information,2026-03-06,"interested,he is coming tommorrow calicut may be visit pantheerankavu hub,pg result after inform",No
9377,9377,Call <4Hr,,Najiya,35.0,No Information,,bsc statistics//bc aan night vilikam/15n bc aanu//2 divasam kond parayam//////20n czn 20000 aanu placed ayadh ivde padichadhan appo adhi te okke oru idh nd data science anu nokunne//25n hub visitin varam ee week//26N msg ayach inn varunnilla enn,No
9378,9378,Untouched,,Unknown,0.0,No Information,,job aanu,No
9379,9379,Call < 5 mins,,Rincy,60.0,No Information,,aal currently plus 2 aan next year aan nokne ippo noknilla online pitch aaki but veend aparanju,No
9380,9380,Call < 5 mins,,Rincy,0.0,No Information,,aadhyam fee choych thamil nad aan veed coimbathoor aan nokne choychit parayam enn paranju quality onnum ariyanda  fee arinja madhiyenn paranju/15n rnp///16n rnp bc///verdhe call bc aakan,No
9381,9381,Call >24Hr,,Ambili,0.0,No Information,,"hub visiteydhind, risvanennte frndaan, fund aan issue ulledh",No
9382,9382,Untouched,,Safa,70.0,No Information,2026-01-06,"2 times rnp 
call declined
30/5-rnp
second call took- hospital administration course kazhinj irkuvanu vere onum nokunila",No
9383,9383,Untouched,,Safa,21.0,No Information,2026-01-06,"15/5- call picked by father- officelaanu 8:30 vtil ethum 
16/5-contact cheyaaam
21/5-rnp
26/5-took inn vilippikaam enn parannu
27/5-rnp rnp",No
9384,9384,Call < 5 mins,,jaiharish,0.0,No Information,,"14 / 5 plustwo , her cousin recoomended our institute , mother enquired but they are enquring all the course",No
9385,9385,Call >72Hr,,Sumayya,51.0,No Information,,"15/5- call picked by mother- hospital ethiyitt vilikaam
16/5- student surgery kazhinj irikaaanu bikeman veeentt
22/5- bed restil aaanu- kelvisheshi valathe chevik mathrm olu- 3 month proper bed rest parannirikaanu- adhh kazhinjtte course nokkaan pattu- details wtspil ayychodth  ////6n rnp//8n rnp//13n rnp//17n rnp////2n rnp
11/8//wtaspp connected 14/8/rnp/2/

18/8/BROUCHURE AYIKK NOKKIITTT PARAYAAMM  21/8//rnp/2/watspp no response

25/8//surjery kayinj rest il aann2,3 months kayiinje admissuon edukulluu",No
9386,9386,Call >72Hr,2026-04-06,Sumayya,132.0,No Information,,"15/5- detail shared- place trissur- 
21/5-took -travelling 
22/5-rnp 
23/5-took- event work cheyuvaaanu-kaaanan time kitteeela 
25/5-rnp
26/5-rnp",No
9387,9387,Untouched,,Safa,1.0,No Information,,"2 times-rnp 
21/5-call declined while hearing bridgeon
23/5-rnp 
26/5-rnp 
27/5-rnp",No
9388,9388,Call < 5 mins,,Rincy,8.0,No Information,,plus 2 humanites aayirunnu kondotty oru shopiln nikunnu avde aan veed age 30 ..nokatte tyming set aavvonn ennitt cheyyam///15n call cut aaki poyi/17n rnp///21n call eduth cut aaki,No
9389,9389,Call >72Hr,,Najiya,13.0,No Information,2026-10-09,"interested,september batch interested ,slot booking inform tmw",No
9390,9390,Untouched,,Safa,0.0,No Information,2026-01-06,"15/5-rnp
rnp 
rnp",No
9391,9391,Call < 5 mins,,Rincy,0.0,No Information,,ivdnn aaro vilichenn paranju//aniyathik veendi cheydhadah/15n result vannitt parayam///18n result vannitt///22 vtl illa rinsha illa tymil call aakan paranjittund.........result vannitte opru therumanam aavollu..veeteerod okke discuss cheyyanam//25n msg ayachu//26n rnp///30ntherakilayi poy////3n rnpi///5n rnp///10n rnp/////15 choychit parayam///18n rnp///21n rnp,No
9392,9392,Untouched,,Safa,0.0,No Information,,"2 times-rnp 
30 minutes kazhinjt vilik
16/5-took- house wife-bba graduate , mba idkanam ennaaanu- it patty onum areela vedio share cheyth kodthu 
18/5-busy aaanu nale vilikaan paranju
19/5-rnp
20/5- wtsp connected ippom nokunila",No
9393,9393,Call < 5 mins,,Rincy,67.0,No Information,,plus 2 kayinju computer science .. choychitt parayam/15n umma aan call edthe/17n vere nokuvan///22rnp/23n rnp///25n seat cancel cheyyan,No
9394,9394,Call >72Hr,,Afees,31.0,No Information,,13 / 5 rnp,No
9395,9395,Call < 5 mins,,Rincy,0.0,No Information,,plus 2 kayinuu malappuram ponmala aan veedd vilivhu umma aan call eduthe aval vtl illa whats app msg ayakan parasnu////16n aval vannilla///17n msged no respond///////20n call cut aaki///22rnp bc aakunnu/23n rnp//////25n rnp,No
9396,9396,Call >72Hr,,Rincy,7.0,No Information,,"12 th completed ,commerce 
rnp///22rnp//23n cut aaki poyi",No
9397,9397,Call < 5 mins,,jaiharish,0.0,No Information,,"13 / 5 bca graduated his friends recommended here , he said he will visit our hub 
he aid he is looking for short trem course",No
9398,9398,Call >72Hr,,Sanju,0.0,No Information,,details shared aanu btech last yr one mnth koode ullu full stack nokan aanu plan whatsapp connected aanu,No
9399,9399,Call >72Hr,,Afees,33.0,No Information,,No Information,No
9400,9400,Call < 5 mins,,Najiya,40.0,No Information,,Plustwo fail,No
9401,9401,Untouched,,Ambili,13.0,No Information,,No Information,No
9402,9402,Call <8Hr,,Sanju,227.0,No Information,,No Information,No
9403,9403,Untouched,,Safa,22.0,No Information,,14/ 5 other language,No
9404,9404,Untouched,,Sanju,963.0,No Information,,register chythatilla ennanu paranje pakshe nyz aayt pitch chythitund but no hope financial issues nalonam indu achan job nu ponilla amma nurse aanu ival oru clinic il ponind parttime aaytu but karyangal manasilaki kodukan patetund,No
9405,9405,Call <4Hr,,Sanju,37.0,No Information,,No Information,No
9406,9406,Call <4Hr,,Sanju,28.0,No Information,,No Information,No
9407,9407,Untouched,,Safa,39.0,No Information,,"14/5- 2 times rnp
15/5-rnp msgd
17/5 enquiry cheythittila",No
9408,9408,Untouched,,Safa,59.0,No Information,,14/5- cheyttittila,No
9409,9409,Call <8Hr,,Muhammed,2.0,No Information,,14/5-Rnp 15/5-Rnp 16/5-Rnp,No
9410,9410,Call <8Hr,,Muhammed,0.0,No Information,,14/5-Rnp 15/ 5- amma aanu call eduthathu. pullikari intership poyekkuvaanu. 16/5- job enquiry aanu cheythathu.,No
9411,9411,Untouched,,Safa,25.0,No Information,,internship,No
9412,9412,Unknown,,Sumayya,332.0,No Information,,btech finaal year//tvmm clg///kollmm place,No
9413,9413,Call <4Hr,2026-05-06,Sanju,0.0,No Information,,"hub visited aanu thirich vilikam ennanu paranje
5 frnds",No
9414,9414,Untouched,,Unknown,0.0,No Information,,"hub visited 
5 frnds
ithvare theerumanam eduthitilla 5 perum",No
9415,9415,Call >72Hr,,Sanju,71.0,No Information,,5 frnds,No
9416,9416,Call >72Hr,,Sanju,15.0,No Information,,"not yet decided oru trip il aanu ullath 2 weeks aavum veran athinu munne enthayalum parayam ennan paranje

5 frnds",No
9417,9417,Call <4Hr,,Sanju,654.0,No Information,,ivanu course edukan oru pedi ind avane kond patuo nn arayathondu samsarichitundu onoodi nokate ennanu paranje,No
9418,9418,Untouched,,Safa,43.0,No Information,,"14/5- digital marketing freelance aayi work cheyunu- place malappuram -busy aaanu
16/5-next batch start aaakumbo parayaaan marriage kazhinjond kadathil aaanu- 
22/5-Took- prayer time aanu vilikaam
23/5-took- ippo enthyaalam pattula- kadam ond- 3 months kazhinjitte nokkaan ippo pattu",No
9419,9419,Call <24Hr,,Ambili,129.0,No Information,,"online python aan chodhichedh, ippo 1st yr btech aan padikkunnedh tvm",No
9420,9420,Untouched,,nafi,97.0,No Information,,rnp wtsp msgd,No
9421,9421,Call >72Hr,2026-12-06,Sumayya,0.0,No Information,,"14/5- just kandappo nokye aaanu - boutique work cheyunu- 
15/5 -rnp 
19/5-rnp
22/5- hospital fever aaayyt kedkuvaaanu - 2 daysinte ulil discharge aaavum 
26/5-rnp 
4/6//rnp",No
9422,9422,Call >72Hr,,Rincy,15.0,No Information,,"14, busy aaanu call back cheyaam
15/5 picked Malappuram tirurangadi - cma padikunu wtsp ayykaan paranju
16/5-rnp
19/5-rnp
22/5-fund issue und- 
26/5-off
27/5-rnp
////3n rnp switched off///4n rnp same ///8n rnp incomming illa///15n rnp//17n nokeett vilikam///19n....nokatte dgree //22n rnp//25n dgree nokuvan",No
9423,9423,Call <24Hr,,Sanju,0.0,No Information,,"rnp msgd
oru bodham illatha varthanam aanu valya hope illa",No
9424,9424,Untouched,,Safa,14.0,No Information,,14/5-rnp,No
9425,9425,Call >72Hr,2026-04-06,Sumayya,26.0,No Information,,"14/5- place karnataka, online aaanu nokune- ippo pharmacy work cheyuvaaanu duty time: 9 to 1:30- 7 to 10
15/5 rnp
19/5-details paranj kodthu
21/5- wtsp connect -parayaan parannju
22/5-RNP
23/5-rnp
26/5-rnp",No
9426,9426,Call >72Hr,,Sanju,71.0,No Information,2026-08-07,details shared aan father water authority il aayrnu brthr cbe lu oru medical field lu wrk chyanu hub visit aan pitch chythekne,No
9427,9427,Untouched,,Safa,89.0,No Information,,14/5- mother- cma vijjarich nokye aaanu- ippo ttc aaan nokunne -it intrst ala,No
9428,9428,Call >72Hr,,Sanju,0.0,No Information,,whatsap through ayakan patuo nn aan choiche ayachkoduthindu,No
9429,9429,Call < 5 mins,2026-11-06,Najiya,0.0,No Information,,"she is calicut  puthiyapalam ,after plustwo 1 year iti hardware course ,interested with frnd",No
9430,9430,Untouched,,Safa,0.0,No Information,,"14/5-no incoming-
16/5- no incoming wtsp msgd 
19/5-no incoming not respond whatsap",No
9431,9431,Untouched,,Safa,0.0,No Information,,"14/5- mother- busy aaanu, vtil poyitt vilikaam
16/5-rnp
19/5-rnp ,sgd 
22/5-rnp 
26/5-rnp not respond wtsp",No
9432,9432,Call >72Hr,2026-12-08,Ambili,0.0,No Information,2026-01-08,"13/ 5 he already visited u not inside oitside came to brotpotype , 
26 years old , he works in fabric work now he likely to resign his job and wants to join , deatils shared in wp
14 / 5 he visited panthirikaavu hub
15 / 5 he said he will update me within two days we applied for loan",No
9433,9433,Untouched,,Unknown,0.0,No Information,,matrrketng team,No
9434,9434,Call <24Hr,,Rincy,0.0,No Information,,"online aan b tech join cheyyan povan appo adhin munne oru idea kittan veendi aan chelari aan veed ..set aka paranju
15 / 5 rnp , rnp2",No
9435,9435,Call <24Hr,,Sanju,0.0,No Information,,switchoff,No
9436,9436,Call >72Hr,2026-08-06,Ambili,82.0,No Information,2026-03-06,No Information,No
9437,9437,Untouched,,nafi,0.0,No Information,,"Call connected by his mom, she said he was not in home // rnp try to connect on wtsp// rnp wtsp no response// rnp",No
9438,9438,Call <4Hr,2026-04-07,Afees,62.0,No Information,2026-03-09,financial issues,No
9439,9439,Untouched,,Joel,29.0,No Information,,No Information,No
9440,9440,Untouched,,Safa,11.0,No Information,2026-02-06,"13/5- place kollam- bba padikaaan irregular aaayt- pine accouting feild work cheyunnud- course details okea paranj kodthu- ippo naatil aaanu- 1 week kazhinja ernamkulam hub poyi visit cheyum 
15/5-wtsp connect cheythu 
19/5-rnp
20/5-rnp
22/5-rnp
25/5-rnp
rnp
took declined not respond wtsp",No
9441,9441,Call <4Hr,,Afees,31.0,No Information,,busy will connect later,No
9442,9442,Call >24Hr,,nafi,25.0,No Information,,All married ann ore kutti ind all office administration course cheythitt nikkan athintte job noknind allk distance ore mater ann so njann online sujest cheythuu details aychind nokkit parayam enn ann paranjeth,No
9443,9443,Untouched,,Rincy,30.0,No Information,,"13/5- detail shared- place malappuram, bba graduate , married baby und- online aaanu nokune  15/5-Rnp 20/5-Rnp  21/5-Rnp 22/5-Rnp///23n ippo nokunnilla",No
9444,9444,Untouched,,Safa,0.0,No Information,,"13/5- plus two kazhinju- kanur- parayne onum manasilaavnila 
14/5-call declined 
16/5-rnp- wtsp msgd nokunila",No
9445,9445,Call <4Hr,,Muhammed,14.0,No Information,,interest aanu. onte friend ivide work cheythittindeyinu .. pinne cousins IT il work cheyunnindu. degree  recently aanu kazhinjathu.  15/5-MONDAY hub visit varunnindu. kakkanchery. 16/5-Contact the whatsapp 21/5-Rnp whatsapp connect am 24/5- 26 hub visit 25/5- connect the wp 26/5- hub visit cheythu,No
9446,9446,Untouched,,Muhammed,24.0,No Information,,13/5-Busy 14/5-Busy  15/5-busy,No
9447,9447,Untouched,,Safa,0.0,No Information,,"13/5- sughala paranju call cutt cheythu 
15/5 call declined 
18/5-rnp no wtsp
21/5-took not reply properly - wtsp illa",No
9448,9448,Unknown,,Afees,52.0,No Information,,akshay ref,No
9449,9449,Call >72Hr,2026-05-06,Rincy,12.0,No Information,2026-05-06,"13/5- 2 times rnp detail shared
14/5-rnp
18/5-rnp
22/5-rnp
26/5-rnp ///30n bc aanu////3n rnp",No
9450,9450,Call >72Hr,,Sumayya,253.0,No Information,,"referd by frndd///paymnttt iszzuee
Ivnte frnd paymnt chythuu.. Ivnn vtl illaa so nala  avne connecte aknn pattulluu
16/5//called avnn vtll samsarikkunndd brother nteell parayamm ennitt connecetd aajkkm",No
9451,9451,Call >72Hr,,Sumayya,15.0,No Information,,todayy visitedd///pauymntt issuee,No
9452,9452,Call <24Hr,,Rincy,151.0,No Information,,record class aan veendath elladhum koode ilath,No
9453,9453,Call < 5 mins,2026-09-06,Rincy,0.0,No Information,2026-08-06,wayanad veed plus 2 kayinj trading noki aalk ok aan//vellippa hospitalil aayirunnu ///night vilikam enn paranjum msg ittu/////16n rnp switched off aan/17n rnp////20n rnp///22rnp/23n rnp///25n rnp//26N RNP///30n rnp////3n rnp //9n rnp,No
9454,9454,Call <8Hr,,Athira,0.0,No Information,,No Information,No
9455,9455,Untouched,,Safa,74.0,No Information,,already take admission yesterday,No
9456,9456,Call <4Hr,,Afees,0.0,No Information,,No Information,No
9457,9457,Call < 5 mins,,Rincy,0.0,No Information,,b tech 3year//veed malappuram alk okm aan vtl choyvhit parayam///14n nale nattil povnd neerit veeteerod samsarikan aanu//msged//17n onnnum kelknillla//16n rnp///////20n onnum keelkunnilla///22rnp/23n rnp///25n rnp//26N RNP///30n rnp////3n rnp  ///8n rnp///17n rnp,No
9458,9458,Call < 5 mins,,jaiharish,18.0,No Information,,No Information,No
9459,9459,Call <8Hr,,Athira,459.0,No Information,,"intrested ,need to discuss with parents",No
9460,9460,Call <8Hr,,Muhammed,2.0,No Information,,driving il ayirunnu aniyan aanu nokiyathu aniyan +2 kazhinju nikkuva 15/- Busy 21/5- connect the whatsapp 25/5-Rnp,No
9461,9461,Untouched,,Safa,0.0,No Information,,"13/5-no incoming 
16/5- no incoming wtsp msgd 
19/5-rnp
22/5-rnp not respond wtsp
23/5-rnp -",No
9462,9462,Untouched,,Safa,99.0,No Information,,13/5- 10th classil padikna monk vendi,No
9463,9463,Call >72Hr,2026-04-06,Sumayya,62.0,No Information,,"2 times rnp
15/5 nios kazhinj irikaanu result vannittila degree cheynm orhh plan illa vedio share cheyth kodth
17/5 took mother mon ivde illa vanntt parayaaan paranju
19/5-busy porthanu
22/5- shopilaaanu 
26/5- degree aan nokune - wtsp number 9846823178
27/5-rnp",No
9464,9464,Untouched,,Safa,28.0,No Information,,13/5- ariyaathe cheythe aaanu - interested ala,No
9465,9465,Untouched,,Safa,0.0,No Information,,"2times-rnp
14/5-rnp
17/5 rnpmsgd not respond 
19/5-rnp",No
9466,9466,Call <4Hr,,Sanju,58.0,No Information,,No Information,No
9467,9467,Untouched,,Joel,27.0,No Information,,No Information,No
9468,9468,Call <1Hr,,Sumayya,71.0,No Information,,No Information,No
9469,9469,Call <1Hr,,Sumayya,0.0,No Information,,"no incoming////rnp on watspppp
14/5/same situation
15/5/same /no incomng Also rnp in watspp
16/5//no inocming///rnp in wayspp also single tick only",No
9470,9470,Call <8Hr,,Sumayya,1.0,No Information,,"buzyyy//rnpp
14/5//mazhga ann //16/5///merrige function ill aann//        19//5/rnp(2)watspp conecetd
21/5//rnpp(2)watsapp connected   25/5//rnp(2)",No
9471,9471,Call <1Hr,,Sumayya,18.0,No Information,,No Information,No
9472,9472,Untouched,,Safa,42.0,No Information,,"13/5- 2times rnp 
14/5-cheythittila paranju ariyathe vannathan",No
9473,9473,Call < 45 mins,,Sumayya,50.0,No Information,,No Information,No
9474,9474,Call >24Hr,,Ambili,0.0,No Information,,"thamarasseri aan veed, plustwo science e yr kazhinju, it fieldne kurich idea illa details paranj koduthind, vellyoru intrst illathapole samsarikkunnedh, hub visit parayunnund, call drop aayi he is bsy, not attending calls",No
9475,9475,Call <24Hr,,jaiharish,0.0,No Information,,"13 / 5 mpother enquired for the course , 
14 / today payment",No
9476,9476,Call <8Hr,,Sanju,0.0,No Information,,details shared aanu kuttyku entho vayatha pole thoni samsarathil father carpenter aanu ellam pitch chythindu no hope for this client,No
9477,9477,Untouched,,Safa,0.0,No Information,2026-01-06,"13/5-2 times rnp
3rd time rnp wtsp msgd 
27/5-rnp not respond wtsp rnp",No
9478,9478,Call >72Hr,,Bridgeon Admin,79.0,No Information,,detail share chythondirikumbo phone cut ayi pine vilichapo switch off anu alu btch 3rd yr aanu dropout situation aan,No
9479,9479,Call <8Hr,,Rincy,18.0,No Information,,dgree maths kayinju 2 paperback nd koypallya details onnnum paranjeaella//14n rand dhivasam kond parayam /15n rnp/17n ee month last avale ippa varunnund ennit noknollu///22 uppanod choykattae ennit parayam uppa vannitt nokiya madhiyenn paranjikn//25n msged//26n ////3n rnp ee week nokam////9n rnp//12n rnp ///17n noknilla,No
9480,9480,Call <24Hr,,Rincy,16.0,No Information,,bc//ippo intrest illa,No
9481,9481,Call >72Hr,,Afees,0.0,No Information,,"rnp contacted on wtsp
14/5-rnp",No
9482,9482,Call >72Hr,2026-08-07,Sumayya,12.0,No Information,,"looking for a BCA course 
was busy , intrested 
will discuss with parents and update",No
9483,9483,Unknown,,nafi,0.0,No Information,,No Information,No
9484,9484,Call >72Hr,,Sumayya,0.0,No Information,2026-07-09,"looking for an online program
but need cloud course
so will come to manjeri hib and decide                 15/8//rnp/2.   20/8/switchedd off   aannn   29/8//switched off//watspp  no response
27/8//swiytched offf   4/9//switchedd off//wtasapp conneccted",No
9485,9485,Untouched,,Safa,0.0,No Information,,"13/5-aaadhym ariyaan parannju -pine areela sister aaavum paranj call cut chythu
16/5-rnp
19/5-rnp
23/5-rnp not respond wtsp 
26/5-rnp",No
9486,9486,Unknown,,Sumayya,670.0,No Information,,"+2 scince aarnnuu//nurssing aarrnuu intrest but pettennn marrige nte kaaarymm vannondd//it illl nokkiythhh aannn///perumbavoorr aaann placee//ummaa,2 brothers aannn ullllee//
13/5//vtll sasmarichuu reslut vararttee ennaa parayunneee
15/5/rnp(2) watspp connctesd 19/5//no responseee rnp(2)",No
9487,9487,Call < 15 mins,,Sumayya,76.0,No Information,,"+2humanities..bcom dropped ,marrige kayinju..24 age indd...oru idea onnummillaa//shared videos
13/5//rnp(2)watspp conncted",No
9488,9488,Untouched,,Najiya,0.0,No Information,,he cut the call first ring and msg while text he is busy,No
9489,9489,Call >72Hr,2026-04-07,Afees,44.0,No Information,,rnp contacted on wtsp,No
9490,9490,Untouched,2026-12-05,Afees,60.0,No Information,,No Information,No
9491,9491,Call <4Hr,,Muhammed,38.0,No Information,,12/5-ummante number aanu oon vtl eathumbo villikaam  13/5-Busy 15/5-busy 20/5-Busy connect the whatsapp. /-connect the wp 25/6-B8sy,No
9492,9492,Call < 5 mins,2026-12-05,jaiharish,35.0,No Information,,No Information,No
9493,9493,Call < 45 mins,2026-12-05,Joel,30.0,No Information,,"need offline ,but time is problem'
already studying online ,money issue ,need to follow up",No
9494,9494,Call >72Hr,,Sanju,112.0,No Information,,"looking for a course, already had a cousin in bridgeon
but she did not told that 
confused ,need to follow up
//
vtil oru death indayi so ipo nokunilla ennoke aanu paranjathu wana do followup after a week",No
9495,9495,Call < 30 mins,2026-12-05,Joel,0.0,No Information,,no incoming,No
9496,9496,Untouched,,Muhammed,0.0,No Information,,12/5-Rnp 13/5-Rnp 15/5-Rnp,No
9497,9497,Call <4Hr,,Muhammed,0.0,No Information,,12-5-Busy 21/5-Rnp 22/5-Rnp 23/5-Rnp 31/5-Rnp,No
9498,9498,Call <4Hr,,Muhammed,369.0,No Information,,busy 13/5-Busy 14/5-Rnp  17/5- degree kazhinjitt 4 year gap indu pullikari married annu hus aanu padipikunnathu. offline aanu nokunne..19/5-Rnp 20/5-Rnp 22/5- hostl nikal possible alla athupole hubilekku daily varalum. online edukkan thalpariyam illa  2 months kazhinju nokkam enna parayunne.,No
9499,9499,Call < 5 mins,2026-12-05,Joel,102.0,No Information,,"looking for a data analyst course ,
had 3 friend s also 
no idae about IT, gave details need to follow up",No
9500,9500,Call < 45 mins,2026-12-05,Joel,9.0,No Information,,No Information,No
9501,9501,Call < 45 mins,2026-12-05,Joel,195.0,No Information,,No Information,No
9502,9502,Call >72Hr,2026-08-06,Afees,54.0,No Information,,sreya ref,No
9503,9503,Call >48Hr,,Muhammed,0.0,No Information,,12/5-Busy 13/5- BA Ecnomics aanu eduthathu age 20 aanu kottayam aanu veed. otta mole aanu.  14/5-Rnp 15/5-Rnp 16/5-Rnp 18/5-Rnp,No
9504,9504,Untouched,,Muhammed,21.0,No Information,,12/5-busy 13/5-Rnp 14/5-Rnp 16/5-busy 18/5- bridgeon ennu parnjapo interest illa course nokunnila ennu paranju,No
9505,9505,Call >72Hr,2026-04-07,Sanju,29.0,No Information,,"12/5- detail shared- place manjeri -
14/5-rnp
16/5-rnp 
18/5-rnp
20/5-connected- manjeri hub visit cheyum tomorrow 
21/5-wtsp connect tmrw hub visit
22/5-rnp msg ayychu monday hub visit cheyaamen parannju 
25/5-rnp
26/5-rnp wtsp msg ayychu-
 2nd call connected hub visit kazhinju - manjeri 
27/5- rnp - wtspil connect cheythu inn payment cheyum enn parannu
second rnp///30n rnp///4n rnp//5n bc aanu ///8n rnp //9n rnp//12n rnp",No
9506,9506,Call < 30 mins,,Najiya,74.0,No Information,,"she is wandoor,interested",No
9507,9507,Untouched,2026-12-05,Afees,54.0,No Information,,busy will connect later,No
9508,9508,Call < 45 mins,2026-12-05,Sanju,0.0,No Information,,No Information,No
9509,9509,Call >48Hr,2026-10-06,Ambili,0.0,No Information,2026-08-06,"ippo bca bnglore aan padikkunnedh, 6th sem exm koode ind, interested aan, exam kazhinjulla batch aan nokkunnedh veed kondotty aan",No
9510,9510,Untouched,,Safa,0.0,No Information,2026-01-06,"incoming call facility not available contacted on wtsp
27/5- no incoming 
30/5-no incoming",No
9511,9511,Untouched,,Safa,49.0,No Information,,"busy will connect later
23/5-took-nokittila paranju",No
9512,9512,Call < 45 mins,2026-12-05,Sanju,146.0,No Information,,No Information,No
9513,9513,Call <4Hr,,Ambili,43.0,No Information,,"2 yrs gap vannu, uber odikkunnu, online aan chodhichedh, pythonte basics nokkind, crse edt dropeydhu, veed mlprm ippo ulledh ekm, week backinte case in online chodhichind, onlinel mnthly review nte basisl weekback und, chrg200",No
9514,9514,Call >72Hr,,Sanju,590.0,No Information,,bsc cs details shared aan oru confusion lu aan oru supply indayrnu athu clear chyan nikan germanyplan ind athu nyz aayt policitund baki followup aan,No
9515,9515,Untouched,2026-12-05,Muhammed,15.0,No Information,,rnp contacted on wtsp 12/5- not interested,No
9516,9516,Call < 5 mins,2026-12-05,jaiharish,39.0,No Information,,internship 1 st kusat,No
9517,9517,Call <4Hr,2026-04-06,Muhammed,0.0,No Information,,12/5-Rnp 13/5-Busy 20/5-Rnp 22/5-Rnp 23/5-Rnp 26/5-Rnp 4/6-Rnp,No
9518,9518,Call >72Hr,,Rincy,0.0,No Information,,wife inu aanu nokiye. onte place thrissur aanu veed 13/5-Rnp 15/rnp 16/5-Rnp//19n rnp///////20n rnp///22rnp/23n rnp///25n rnp,No
9519,9519,Call <4Hr,,Muhammed,0.0,No Information,,12/5-Rnp 13/5-ippo degree online il cheyyuvaanu athil uppari vere oru company work cheyyuvaanu. data analytics aanu nokunne. kariyaggal okkey paranju koduthittindu. 8129096924 14/5-Rnp 15/5-Rnp 16/5-Rnp 20/5-Rnp,No
9520,9520,Call >72Hr,,Sanju,4.0,No Information,,"detail shared aanu oon btech completed aan this yr data science course edkan aan nokunne kore institutes nokindu 6 mnths program aayrnu athoke athu polich kodutitund father gulf il business aan brthr uk lu aan mba chyan nale alengi mattanal hub visit aan 


talking on watsapp",No
9521,9521,Call >72Hr,,jaiharish,0.0,No Information,,No Information,No
9522,9522,Call <4Hr,,Afees,17.0,No Information,,"kodaku ann place calicut interested plus two just passout want to connect with father and mother,uppa farmer ann gate keeper uppa",No
9523,9523,Untouched,,Rincy,9.0,No Information,,"rnp contacted on wtsp
13/5-rnp msgd
18/5-rnpnot respond wtsp
21/5-rnp
///26N RNP",No
9524,9524,Call >48Hr,,jaiharish,0.0,No Information,,cut the call,No
9525,9525,Untouched,,Unknown,0.0,No Information,,No Information,No
9526,9526,Call < 5 mins,2026-12-05,jaiharish,0.0,No Information,,cyber securty internship,No
9527,9527,Untouched,,nafi,0.0,No Information,,rnp contacted on wtsp //he was busy right now // rnp wtspill course ethekka enn choyichindayirnnu// rnp wtsp no response// ai engineering roadmap aych kodthind,No
9528,9528,Call <4Hr,2026-04-07,Afees,154.0,No Information,2026-06-07,alappuzha ann place psc try cheyyunnund bsc others ann padiche psc kittan chance koravan no idea about bridgeon or it field,No
9529,9529,Call <4Hr,,Afees,29.0,No Information,,busy will connect later,No
9530,9530,Call <4Hr,2026-01-06,Afees,0.0,No Information,,"trissur place,bba completed next entha cheyyandenn oru idea baasic details okke paranju koduthu//he told not interested now but follow up cheyyam chance und",No
9531,9531,Call <4Hr,2026-12-05,Joel,16.0,No Information,,"busy ,will call back",No
9532,9532,Untouched,,Unknown,0.0,No Information,,No Information,No
9533,9533,Call <4Hr,2026-12-05,Afees,27.0,No Information,,No Information,No
9534,9534,Call < 5 mins,2026-10-05,jaiharish,24.0,No Information,,No Information,No
9535,9535,Call <4Hr,2026-12-05,Afees,0.0,No Information,,No Information,No
9536,9536,Call <4Hr,,Afees,0.0,No Information,,rnp contacted on wts,No
9537,9537,Call >72Hr,,Afees,32.0,No Information,,No Information,No
9538,9538,Call >72Hr,,Afees,0.0,No Information,,"ll12 th completed she were in hospial while calling , huanities background
14 / 5 mother took the call she told after 2 days she told she will come",No
9539,9539,Call >72Hr,,Afees,38.0,No Information,,rnp  rnp2 not reachable,No
9540,9540,Call < 5 mins,,Najiya,93.0,No Information,,"Inform later,bcom cmplt 2025 ,tally course cmpltd",No
9541,9541,Call <4Hr,2026-12-05,Joel,170.0,No Information,,No Information,No
9542,9542,Call >72Hr,,Sanju,0.0,No Information,,"lookimg for a course with part time
no confidence to study, no money
no idae ,gave details ,will update",No
9543,9543,Call <24Hr,2026-12-05,Joel,66.0,No Information,,No Information,No
9544,9544,Call >72Hr,,nafi,102.0,No Information,,No Information,No
9545,9545,Untouched,,Unknown,0.0,No Information,,will call later,No
9546,9546,Call >24Hr,,Joel,77.0,No Information,,"in nilagiri, ACCA looking ,cofused, now got an idae
intrested in IT, need to discuss with parents",No
9547,9547,Call >72Hr,,Sanju,0.0,No Information,,busy will connect later 12/5-Busy 14/5-Rnp 15/5-Rnp contact the whatsapp not response 16/5-Rnp 18/9-contact the whatsapp 19/5-Rnp 20/5- Rnp 21/5- whatsapp call 22/5- whatsapp call. 23/5-Rnp 25/5-Rnp,No
9548,9548,Call <24Hr,,Muhammed,0.0,No Information,2026-10-06,busy will connect later 12/5-Rnp 14/5-interest aanu. plustwo bio science aanu. uppakk business aaanu. place vannitt kannur .16/Rnp 18/5- vishnu sir villichittindayirunnu appo kuttikku ividekku varaan thalpariyam indu but family degree vidaan aanu,No
9549,9549,Call < 5 mins,,Rincy,45.0,No Information,,shamilinte frnds//12n rnp//14n rnp///15n rnp///16n rnp,No
9550,9550,Call >72Hr,,Sanju,45.0,No Information,,"details shared 
shahin nte frnds aanu nalathek parayam ennanu paranjathu
father sammadhikunilla set aaki kondirikaanu
father degree ku povan aan parayane but trying to convince",No
9551,9551,Call < 30 mins,,Sumayya,0.0,No Information,,"bba finance//it intrest aann set aakanmm//visit vermm//ferookk aann placee
12/5//nale visit vermmm
13/5//paynmntt issue indd",No
9552,9552,Call >72Hr,,Rincy,8.0,No Information,,"sister ann phone eduthe.Busy call back later.
RNP,
Umma call back , she is not in the home. Call back after return back
RNP, Make the call as busy.",No
9553,9553,Call < 5 mins,,Najiya,0.0,No Information,,No Information,No
9554,9554,Call >72Hr,,Sumayya,0.0,No Information,,"he said he vist hub today
sumaya called him he told he will do the payment today
busy",No
9555,9555,Untouched,,nafi,0.0,No Information,,She was currently busy now // allk ethrum pettann job venam so portekk ann nokunne alle family full avidann illath so all enthallum details nokkitt parayam enn paranju //allk korch family function kariyagall okke ind so 2week all korch busy avum ath kayinjaa all mankav hub vann visit cheyam enn paranju// rnp//rnp,No
9556,9556,Call < 5 mins,,Afees,0.0,No Information,,anwarsha ref,No
9557,9557,Untouched,,Safa,45.0,No Information,,"11/5-no incoming -wtsp msgd 
13/5- not intrested- medical nokkaaan",No
9558,9558,Call < 30 mins,2026-11-05,Afees,67.0,No Information,2026-11-05,busy will connect later,No
9559,9559,Call < 5 mins,,Najiya,0.0,No Information,,"interested data anaytics course,Inform immediately",No
9560,9560,Call < 30 mins,,Najiya,0.0,No Information,,No Information,No
9561,9561,Unknown,,Sumayya,0.0,No Information,,"no incming//rnp on watspp//+2 kayinju//idea lllaa//kochi aann nokkunnee///kannur aann placee///vtl samsariknmmm
13/5//no inc///so watsappp calll rnppp//
15/5/same situation//17/5//no inc //watspp rnp  19/5///ummaa ann call eduthhee oonn onnmm vtl paranjitillaa/avn vtl illa",No
9562,9562,Untouched,2026-11-05,Joel,17.0,No Information,,"busy , will csll back",No
9563,9563,Untouched,2026-11-05,Joel,247.0,No Information,,"looking for a course ,range issue ,already know brototype
need to discuss with parents and update",No
9564,9564,Untouched,,Unknown,0.0,No Information,,advertisement call,No
9565,9565,Call < 5 mins,,jaiharish,65.0,No Information,2026-11-05,"11/ 5 rnp , rnp2",No
9566,9566,Call < 5 mins,2026-03-06,Sumayya,84.0,No Information,,"+2 kayinjath aaann//umma aan call eduthhee/vtl kutyy illaaa evening ethulluuu
12/5///same /call eveningg///rnpp@evening
11/5//rnp(2)watspp connecetd    12/5//same situation// 14/5//rnp(2)watspp nonresponse
20/5//same situationn       23/5//rnp(2)",No
9567,9567,Call <4Hr,2026-11-05,Afees,0.0,No Information,,No Information,No
9568,9568,Call >72Hr,,Najiya,0.0,No Information,2026-02-06,"he is desigh course interested,studying cbhss,7012045626 brother no,he is plustwo fail",No
9569,9569,Unknown,,Sumayya,0.0,No Information,,"normal calls not availablee//rnp on watsappp///no resposneee
12/5//same situationn
13/5/same situation//16/5//no notml cslls availble//rnp on watsapp//17/5//same situationnn 21/5//number nt avaialblee//wats[pp alao      25/5/same situationn",No
9570,9570,Call >72Hr,,Afees,35.0,No Information,,"11/5 rnp , rnp2
15 / 5 rnp ,",No
9571,9571,Call >72Hr,,Sanju,0.0,No Information,,details shared aanu vtil choiknm ennan paranjeee data science aan nokunathu,No
9572,9572,Call <4Hr,,Safa,0.0,No Information,,"11/5-2 times rnp
3rd call- mca kzhinju-online aanu nokune details oke paranj kodthu- just course kandpo cheythe aaanu- idkum ennonum thonila - 
13/5-rnp -msgd ippo nokunila",No
9573,9573,Call < 5 mins,2026-11-05,jaiharish,0.0,No Information,,No Information,No
9574,9574,Call < 5 mins,2026-11-05,Sumayya,55.0,No Information,,No Information,No
9575,9575,Untouched,,nafi,0.0,No Information,,"Switch off try to connect on wtsapp// rnp// no incoming , wtsp no response//rnp wtsp no response",No
9576,9576,Call < 5 mins,2026-11-05,jaiharish,77.0,No Information,,No Information,No
9577,9577,Call >48Hr,,jaiharish,9.0,No Information,,"11 / 5 b tech pkd house, her cousin recommeded here , her parent also was there in the call ,but they have a fees concern, i asked msg in wp but they dont wants to follow up i msgd hjer in wp",No
9578,9578,Unknown,,Safa,0.0,No Information,,"11/5- nursing second year padikuvaaanu- banglur - but course continue cheyaaan pattarila alergy issue illond- so second option aaayitt nokye aaanu- drop out aaakumen confirm aaayittila- ippo hospital povaaan vendi nikuvaaanu- so wtsp detail ayykaan paranju 
12/5-rnp
15/5 rnp
19/5-rnp
21/5-rnp",No
9579,9579,Call < 5 mins,2026-09-06,Sumayya,0.0,No Information,,"no intrest in codingg//data analytics venm//kannur aann//hostell task aannn//
13/5//rnp(2)watspp conncetd//16/5/rnp(2)watspp no response//19/5//rnp(2)watspp connecetd 21/5//rnp(2)watsapp connecetd 25/5/rnp(3)no responsee",No
9580,9580,Call >72Hr,,Sanju,0.0,No Information,,"details shared aan vdos ayach kodutitund kollath aan place father business aanu clothes nte mother help chyanu 

mother aan call eduthath apo eh number il vilikan aan paranj 
8129009763",No
9581,9581,Call < 30 mins,2026-11-05,Afees,34.0,No Information,,No Information,No
9582,9582,Call <8Hr,,Najiya,0.0,No Information,,inform later,No
9583,9583,Call < 45 mins,2026-11-05,Afees,0.0,No Information,,No Information,No
9584,9584,Untouched,2026-11-05,Sanju,2.0,No Information,2026-12-05,rnp wtsp msgd,No
9585,9585,Call < 15 mins,2026-11-05,Rincy,54.0,No Information,,No Information,No
9586,9586,Call < 45 mins,,Sumayya,0.0,No Information,,"rnp(3)
rnp(@)watspp connecetd
17/5//same situationn  20/5//rnpp(2)watspp no response",No
9587,9587,Call >72Hr,,Rincy,0.0,No Information,,switched off contacted on wtsp//switched off///23 n rnp,No
9588,9588,Untouched,2026-11-05,Rincy,0.0,No Information,,No Information,Yes
9589,9589,Call <4Hr,2026-11-05,Sumayya,0.0,No Information,,No Information,No
9590,9590,Call <8Hr,2026-11-05,Joel,0.0,No Information,2026-12-05,No Information,No
9591,9591,Call <4Hr,,Sumayya,0.0,No Information,,"kutty vtl illaa//btech first year aann//kayinjitt nokkannn//
13/5//rnp(1)kuttyy vtl etheeetillaa..nalaa vermm
14/5.//rbnp(2)watspp comnncted
16/5//rnp(2watspp fonnecetd//19/5//no responsee rnp(2)",No
9592,9592,Call <24Hr,2026-11-05,Joel,0.0,No Information,2026-12-05,No Information,No
9593,9593,Call <4Hr,,Sumayya,0.0,No Information,,"rnp(2)(4)rnpp aann//wats[ppp conncteddd
12/5//btech2nd year..palakkad govnment collge of enginering aaan  padikunnee//vayanad ann plcee//
14/5//rnp(2)wartspp conncted
16/5//rnp(2)watspp no responsee       19/5//rnp(2)no responseee",No
9594,9594,Untouched,2026-11-05,Joel,0.0,No Information,,No Information,No
9595,9595,Untouched,,Unknown,0.0,No Information,,No Information,No
9596,9596,Call < 15 mins,2026-07-06,Sumayya,3.0,No Information,,"rnp4//watspp connecetd
12./5/rnp(2)watspp connctedd but no response
13/5//same suituation
14/5/same situation//16/5//no updatwss,same situationn  20/5//rnp(2)watsapp no response       21/5//+2 humnittes aann padiche but it field aann thalprymm// vpoice cler allthiont vegm cut aakii  23/5//rnp(2)",No
9597,9597,Call <4Hr,2026-04-06,Muhammed,85.0,No Information,2027-01-01,busy will connect later 13/5-Rnp 14/5-Busy ippo college il aanu. online aanu nokunne. nalla interest aanu. usthad inu padikkuvaanu. uppa uae aanu . 16/5 Rnp 21/5-Rnp 22/5- busy next month  degree exam aanu athu kazhinjitte nokunnullu. 23/5-Rnp 26/5-Rnp call cut cheyyuvaanu  next year nokunnullu ippo ee course complete akitt,No
9598,9598,Call <4Hr,,Sanju,157.0,No Information,,"monu vendiyanu nokiyath monu number share chythind nn aanu paranjath 
thirichu vilichu vtil etheetu monodu karyangal share chythindu waiting for the decission",No
9599,9599,Call <4Hr,,Rincy,0.0,No Information,,"drivingil aanu//14n nale paraya,16n rnp//17n korch bc aanu okke kayinjit varam///25n rnp//26N RNP///30n rnp////3n rnp //9n rnp///23 n rnp",No
9600,9600,Call <4Hr,,Safa,0.0,No Information,,"11/5- plus two arabic college aaanu padiche- editing oke padichittund- samsaarikumbo background nala sound indernn - kurach kazhinj vilikaaam enn paranju
3rd call-rnp
13/5-rnp
16/5-rnp
18/5-rnp
21/5-rnp no respond",No
9601,9601,Call < 5 mins,2026-09-05,jaiharish,398.0,No Information,,enquired for cybr security course,No
9602,9602,Call <4Hr,2026-11-05,Afees,0.0,No Information,2026-12-05,rnp contacted on wtsp,No
9603,9603,Call <8Hr,,Sanju,15.0,No Information,,today 5 manik vilikam ennan paranje,No
9604,9604,Call <4Hr,2026-11-05,Rincy,0.0,No Information,,No Information,No
9605,9605,Call <4Hr,2026-11-05,Safa,95.0,No Information,,11/5- health course aavum vijjarich register cheythe aaanu-it course nokunila,No
9606,9606,Call <24Hr,2026-11-05,Sanju,0.0,No Information,2026-12-05,rnp,No
9607,9607,Call >72Hr,,Rincy,33.0,No Information,,"rnp.
He is currently working as a chaterd accountant, he wants to switch his career.Now he is busy. want to call him tomorrow.///21n rnp",No
9608,9608,Untouched,,Safa,0.0,No Information,,"11/5- 2 times rnp 
3rd call- father aaayirunnu- not hearing-aaal plus two kazhinju irikaaanu- veed alappuzha-ippo meeetinglaaanu 
12/5-off
16/5-off
21/5-rnp 
22/5-off
26/5-rnp not respond wtsp",No
9609,9609,Call >72Hr,,Safa,33.0,No Information,,"he cut the call rnp
23/5-rnp 
26/5-GNM AANU NOKUNE MAARI CHEYTHE AAANU",No
9610,9610,Call >72Hr,,Safa,0.0,No Information,,"11/5- 2 times-rnp
3rd time rnp
13/5- detail shared plus two science student- 
17/5 enp",No
9611,9611,Call >72Hr,2026-01-06,Afees,0.0,No Information,,"plus two kazhinju nikkanu humanities kasarkode no idea about it field mangalapuram hub parayam//rnp
13/5-rnp",No
9612,9612,Call < 5 mins,2026-10-05,Afees,0.0,No Information,,No Information,No
9613,9613,Call >72Hr,2026-02-07,Sanju,0.0,No Information,2026-08-07,"details shared aanu whatsap connected aanu father dubai lu aanu 2 siblings ind ponani aan home ivante ishtathinu course nokan aan vitirikne veetukar
followup on watsap",No
9614,9614,Call >72Hr,2026-02-07,Afees,0.0,No Information,2026-03-07,alude relative ann phone eduthe will connect later,No
9615,9615,Call >72Hr,,arathi,0.0,Connected,,"He enquired for his sister.discuss and upadate with sis tomorrow .
He is in college",No
9616,9616,Call <24Hr,2026-11-05,Safa,20.0,No Information,,hindi,No
9617,9617,Call >72Hr,,arathi,0.0,No Information,,"rnp contacted on wtsp.
RNP, Connected through whats app.",No
9618,9618,Call <24Hr,,Safa,2.0,No Information,,"11/5-2 times-rnp 
3rd call-rnp 
13/5-detail sahred-plus two kazhinj aviation poyi adhh nirthy,-german language padikaan poyi adhun nirthy- cyber security aaanu interest 
16/5-rnp
18/5-rnp
22/5-rnp
25/5-rnp 
27/5-rnp no respond wtsp
30/5-rnp not respond wts[",No
9619,9619,Call >72Hr,2026-07-07,Sanju,0.0,No Information,2026-08-07,"rnp contacted on wtsp
He is interested, 22 years old.He have father mother and a sister.He is in Trissur. He prefered to join kakkancheri kinfra hub.Father have egg business and he have his own restaurent, He will call back after work.RNP
RNP.
Contact later.
Didn't pick the call. connected through whats app.RNP
He will call back.
He is busy. messaged through whats app. contact later.
whats app through messaged.
RNP",No
9620,9620,Call <24Hr,,Safa,0.0,No Information,,"11/5- ippo busy aaanu- plus two kazhinj 2 year aaayi 
12/5-rnp
14/5- details share cheyth kodth- relance work cheyuvaaayirurnu- orhh course cheytherno dropout aaaki 
16/5-rnp
18/5-rnp
21/5-rnp
22/5-rnp - wtsp msg ayychu call cutt cheythtt nokunila parannu",No
9621,9621,Call <4Hr,2026-11-05,Afees,88.0,No Information,2026-11-05,busy on driving will connect later,No
9622,9622,Call <4Hr,2026-10-05,Afees,68.0,No Information,,No Information,No
9623,9623,Call < 5 mins,2026-10-05,Afees,4.0,No Information,,No Information,No
9624,9624,Call < 5 mins,,Safa,0.0,No Information,,No Information,No
9625,9625,Call < 5 mins,,Afees,0.0,No Information,,No Information,No
9626,9626,Call < 30 mins,2026-10-05,Afees,737.0,No Information,,No Information,No
9627,9627,Call >72Hr,,Afees,144.0,No Information,,"10 / 5 rnp ,",No
9628,9628,Call < 5 mins,2026-10-05,jaiharish,0.0,No Information,2026-11-05,"10 / 5 19 years old  humanitries field , after that she told she went to aviation and dropped that while calling call ha sciut , after that i called her but switched off msgd her bjt no reply",No
9629,9629,Call >72Hr,,Muhammed,41.0,No Information,,ummayanu phone eduthe busy will connect later 12/5-Busy 13/5-call eduthu onnum samsarikunilla 15/5- aniyathi annu phone eduthathu.,No
9630,9630,Call < 5 mins,2026-04-06,Sumayya,0.0,No Information,,"cs kayinjathaaa//course chynnmmm confusion indd//pulikll aann plcee//pntheermkav annn nokunnee..
11/5//visit vnnuuu///
12/5//2weeks tym venmm...oru treatment cheyyvaann appooo dr nte oru confirmtiton koodi kittyyall aann batch confirm aakkann pattuuuvvaa
16/5//rnp(2)watsoppp connected  20/5//rnp(2)watsapp connectedd",No
9631,9631,Call <4Hr,2026-10-05,Joel,0.0,No Information,,"no incoming,meesaged through ,shared details 
online coiurse,ca dropped ,intrested , will discss with parents and update",No
9632,9632,Call >72Hr,,Sanju,54.0,No Information,,mother took the call given his grandmas number avde vilichu avane kitty details sahared anu father kooli pani aanu mother job illa pine 2 sisters aan ullath fee oke pitch chythand oon cma padikan ninnathaanu athu tuff aan nn manslayapo vitttu mathramalla fee almost 2-3 laks varind,No
9633,9633,Call >72Hr,,nafi,53.0,No Information,,No Information,No
9634,9634,Untouched,2026-10-05,Joel,536.0,No Information,,"just a casual enquiry, waiting for entrance results
not even intrested ,gave details , will update latre",No
9635,9635,Call >24Hr,2026-11-05,Sanju,17.0,No Information,,No Information,No
9636,9636,Untouched,,nafi,0.0,No Information,2026-03-08,"All ippo bsc oline cheyyan, athintte kudee part time work kudii cheynind so athitte kudee pasikkan vendi ann, so all scholarship text oneee cheythan parnjind // rnp // incoming cut ayitt ann illath but wtsp reply cheyind// wtsp connect cheythind // all ee week visist varam enn paranjind// all ee week vanitt hub visit cheyam enn paranjind// no incomming on this number",No
9637,9637,Call <4Hr,2026-11-05,Afees,0.0,No Information,2026-12-05,alappuzhayanu place maruthiyil work cheyyanu 24 years old job resign cheyyal possible alla alanu vtl karyanghal okke nokkunne...basic details shared//rnp,No
9638,9638,Untouched,2026-10-05,Joel,121.0,No Information,,"for her daughter ,looking for a course in triadrm
so gavee details  , will discuss with husband and update",No
9639,9639,Call >72Hr,,Afees,51.0,No Information,2027-12-05,"perinthalmanna,it field oru idea illa but interested basic details only shared currently wworking as a delivery boy",No
9640,9640,Call >72Hr,,arathi,0.0,No Information,,"rnp not in wtsp
He is interested.Details shared.
connected through whats app.
RNP, Connected through whats app.",No
9641,9641,Untouched,,nafi,0.0,No Information,2026-03-08,"all ippo event mangmentnntte workin povann , all +2 kayinj polli edthu enitt ath drop cheythu , so all enthellum course nokanam enn ann so daeatails paranj kodthind//rnp try to connect on wtsp// rnp// rnp wtsp no response// same as before//same as before",No
9642,9642,Call <24Hr,2026-10-05,Joel,0.0,No Information,,No Information,No
9643,9643,Untouched,,Unknown,0.0,No Information,,No Information,No
9644,9644,Call <24Hr,2026-10-05,Joel,33.0,No Information,,No Information,No
9645,9645,Untouched,,Unknown,0.0,No Information,,No Information,No
9646,9646,Call >72Hr,2026-05-06,Sanju,0.0,No Information,,busy ammayanu phone eduthe kochi palarivattam place 12/5-vtl eathitt villikam ennuparanju 15/5-age limit ivide ninnu aaro villichu paranjittindayirunnu. 21/5-Busy 24/5- connect the wp,No
9647,9647,Call >72Hr,,arathi,0.0,No Information,,"rnp contacted on wtsp
RNP
 connected through whats app
No response in both calls and messages.",No
9648,9648,Call >72Hr,,Afees,0.0,No Information,,bba completed ann next entha cheyyandenn oru idea illa confused ann bridgeon enthanenno it field enthanenno ariyilla basic details shared warm client,No
9649,9649,Call >72Hr,,arathi,0.0,No Information,,"rnp contacted on wtsp. He is always busy. Connected through whats app.
No response in both calls and messages",No
9650,9650,Call >72Hr,,arathi,16.0,No Information,2026-11-05,rnp contacted on wtsp,No
9651,9651,Call <24Hr,2026-12-05,Sumayya,0.0,No Information,,No Information,No
9652,9652,Call >24Hr,,Sumayya,148.0,No Information,,"computer engineering diploma kayinju///fund issuee indd,,online aann nokunneee
11/5//rnp(2)wartspp connecetd//13/5///rnp(2)watspp connected",No
9653,9653,Call <24Hr,2026-04-06,Sumayya,72.0,No Information,,"+2 kayinjathh aann//hostell sammaikoollann parayindd//thalasshery aann palce//degree +course aa nokunnee
12/5//vt;kl ssammaikoollaa//hstll sammaikoollaa//buzty aamn
14/5//rnp(2)watspp no reply   17/5//same sitiation  20/5//rnp(2)no responsee",No
9654,9654,Call <24Hr,2026-10-06,Sumayya,0.0,No Information,,"+2 bio science kayinju//perinthalmanna aann placee//umma,uppaa bro(married) ind //manjerui aann nokunnee
11/5//rnp(2)watspp conncted
13/5//rnpp(2)watsoopp replied
16/5//degree edukknn vtl kaar nirbandhikknnddd//kaaryghhll paramnjind
19/5//rnp(2)noot responding     21/5//nor espondingg",No
9655,9655,Call <24Hr,,Sumayya,17.0,No Information,,Degree kayinju bcom it frild ne patti idwea illaa... Vtl samsariknmm///12/5/rnp(2)conncted in watspp,No
9656,9656,Call <24Hr,,Sumayya,72.0,No Information,,"rnp(3)buzy aannn watspp connected//
11/5///thalassheryy//bba kayinju reslut nu waitingg//2 months kkayinjeee cheyyulluuu//oru kili poyaa itemm aannn
14/5//bodhamm illathathhaaaa///mindaanndd dcut aakuvvaa
17/5//rnp(2)watspp connected  20/5//intrest illaa",No
9657,9657,Call >72Hr,2026-03-06,Muhammed,28.0,No Information,2026-03-06,busy will connect later 13/5- one year gap indu busy 14/5-Rnp 16/5-RNp 18/-Rnp 20/5-Rnp 22/5-Rnp 25/5-Rnp 3/6- ithu amshad alla enna paranje,No
9658,9658,Call <4Hr,2026-11-05,Afees,112.0,No Information,2026-11-05,"ramanattukara ,mygyil work cheythitund,financial issues ann it field idea illa",No
9659,9659,Call <24Hr,2026-01-06,Afees,0.0,No Information,,plus two nilamboor it field no idea basic details only shared//busy//contacting on wtsp//call from another device,No
9660,9660,Call >72Hr,2026-06-07,Sumayya,14.0,No Information,,"it field oru idea illa and also don't know about bridgeon basically oru idea kittanulla details share cheythittund 
13/5- drivinglaaanu- 
21/5-place kanur thalliparamb plus two commerece aayirunu 
22/5-rnp 
25/5-rnp 
26/5-rnp",No
9661,9661,Call >24Hr,,jaiharish,0.0,No Information,,busy will connect later//busy will connect later on palani// 12/5-palakad annu veed. nalla interest indu. achan tailor aanu. chechi LLB padikuvaanu.  15/5 ammayannu call eduthathu. 16/5-connect the  whatsapp pullikarikku okkey aanu but parents inum chechikum okkey alla chechiyum ayitt contact cheythu but interest illa enna paranje.,Yes
9662,9662,Call >24Hr,,Rincy,68.0,No Information,,"+2 kayinj computrer commercee//pantheermkaav aduth aannn/details okkee koduthhh//visit verm
10/5//rnp(2)watspp conncetd
12/5//rnp(2)no rsponse
14/5//rnp//(2)no responsee
17/5//rnp(2)no responsee
20/5//same situationn //he calledd backk vtll maranm ullond aannn vilikann pattaathathhh// 23/5///rnp(2)watspp connweyedtd",No
9663,9663,Call < 5 mins,2026-09-05,Sumayya,1395.0,No Information,,No Information,No
9664,9664,Call < 5 mins,,Najiya,49.0,No Information,,"She is vadakkara ,inform later,visit hub  in june for  after cut exam ,mankavu hub visit saturday take admission",No
9665,9665,Call >72Hr,2026-03-06,Sumayya,0.0,No Information,,"plus two,idukki next it field nokkanam ennund achan and amma it field ivane padippikkan okke ok ann//busy will connect later",No
9666,9666,Untouched,2026-10-05,Joel,0.0,No Information,2026-12-05,sisterk vendittan,No
9667,9667,Call < 5 mins,2026-04-06,Sumayya,0.0,No Information,,"ippoo kaloor lissy ill cardiac diploma cheyyuvaan//nalla presuure aann avde 1 lLakh fee ind ini 40 koduthaalleee avdennn certificateds kitulluuu
10/5/vtll samsarichitillaa samasrikinmm
11/5//rnp(2)watspp connected
14/5//same situationnn//no response
17/5/rnp(2)watsppp conncted  20/5//rnp/2//watspp connected",No
9668,9668,Untouched,,Unknown,0.0,No Information,,No Information,No
9669,9669,Untouched,,Unknown,0.0,No Information,,enquired for interns,No
9670,9670,Call >72Hr,,jaiharish,0.0,No Information,,"enquied for his sister ,  he is already a developer explained all the details he told he will give ,y number to her , but shedoidnt called yet , 
he said that if there are interesztd they will contact me",No
9671,9671,Call < 45 mins,,Sanju,42.0,No Information,,busy aanu,No
9672,9672,Call < 30 mins,2026-09-05,Rincy,43.0,No Information,,husband aan call eduthe illla illa paranj cut aaki phone kodko choychappo vut aaki,No
9673,9673,Call >72Hr,,Rincy,23.0,No Information,,No Information,No
9674,9674,Call <4Hr,2026-11-05,Joel,0.0,No Information,,"busy ,will call back",No
9675,9675,Call <4Hr,2026-09-05,Sanju,0.0,No Information,,No Information,No
9676,9676,Call >72Hr,2026-03-07,Sumayya,0.0,No Information,,plus 2 humanities//manjeei an veed//rnp//14n rnp/15n rnp switched off////18n rnp///22rnp incomming illa///25n rnp same//26N RNP same msged therakileeni enn//26n rnp///30n rnp///4n rnp//9n switched off//17n same//22n rnp same,No
9677,9677,Call >72Hr,2026-10-06,Sumayya,0.0,No Information,2026-09-06,"rnp(3)buzyy viilika
10/5//rnp(2)watspp cobnnecetd
11/5//rnp(2)watspp  no responsr//buzyy//+2 bio science kayinju//avn oru seriusnbes on illaa//
12/5//rnp(2)
14/5//rnp(2)watsppp connectedd
17/5//rnp(2)no response 19/5/rnp(2)no response in watspp   23/5//rnpp/2//
switchedd off//3/6//",No
9678,9678,Call >72Hr,,Sanju,0.0,No Information,,"currentlu busy , will talk later",No
9679,9679,Untouched,2026-10-07,Sanju,192.0,No Information,,details shared aanu mother nodu samsarichitund brthr pg chyanu maths aanu aalku degree ku povan plan illa followup aan,No
9680,9680,Untouched,,Unknown,0.0,No Information,,No Information,No
9681,9681,Call < 45 mins,,Rincy,2.0,No Information,,cut aakiipoi//rnp//12n rnp//14n rnp///15n rnp,No
9682,9682,Untouched,,Unknown,0.0,No Information,,No Information,No
9683,9683,Call >72Hr,2026-05-06,Sanju,48.0,No Information,,"asked for online batch
need a part time coursee , just casual enquiry
need to follow up",No
9684,9684,Untouched,,Unknown,0.0,No Information,2026-12-05,"for his brother , digital marketing ,gave all details 
said will update",No
9685,9685,Call < 5 mins,,Joel,3.0,No Information,,"he is intrested ,everything is okay,need to discuss with father in duabi",No
9686,9686,Call <8Hr,,Sumayya,24.0,No Information,,"bvoc softwre ill kayinju,st alberts  kochi //highcourt nte avdeya veed..uppa,ummaa,2 aniynmaarr//
11/5//edukkaa minda irikyaa//13/5//ourthaa buzyy aann
15/5/Rnpp/2/watspp conncted   19/5///same situationnn no responsee  21/5//rnp(2)watsapp connecteed       23/5//rnpp",No
9687,9687,Call < 30 mins,2026-11-05,Afees,212.0,No Information,2026-11-05,"ith alude ummante number ann alude kalyanam 2 week mumbanu kazhinjath alkk ente number share cheyth kodukkam enn paranjittund,alude number theran ok alla",No
9688,9688,Call <4Hr,2026-09-05,Rincy,21.0,No Information,,kay thatti vannatha,No
9689,9689,Call <8Hr,2026-09-05,Sanju,0.0,No Information,2026-11-05,rnp,No
9690,9690,Call <4Hr,,Rincy,0.0,No Information,,oru sugam illa //dgre ba history kaynju...kasargod veed//bc aan//12n rnp//14n rnp//16n rnp////20n rnp///22rnp,No
9691,9691,Call <8Hr,2026-11-05,Sanju,121.0,No Information,2026-11-05,details shared aanu vere oru course munne chythathaanu ivanalla frnd nu vendiyaanu fee objections ind luminar lu aan course chythe follow up il aanu,No
9692,9692,Call >72Hr,,Sumayya,50.0,No Information,,"rnp(3)rnp(4)watspp connected//10/5//buzy aann amma aann phn edutheee mwon aa nokkiyee +2 kayinjathaa
12/5//rnp(2)watspp responded
14/5//rnp(2)no response//17/5//same situationn   20/5//akshai illaa brother aann eduthhee watspp connect aakii  25//5//eppazhaumm amma allnkii aniynn aa edukkuvvaa..enittt avn illa paranj cut aaki povumm",No
9693,9693,Call <8Hr,,Sanju,0.0,No Information,2026-12-05,No Information,No
9694,9694,Call <24Hr,2026-03-06,Rincy,17.0,No Information,2026-02-06,"dgree kayinju hospital management aster mims work cheydhu.......age 24/\/\/\kondotty.....monday visit aakm aalk ok aan//visit aakan vara ippowayanad an paranj//12n rnp//health issue aanenn paranju14n rnp/15n rnp17n rnp/////18n rnp///////20n rnp///22 ernakulam workilan manager aayit kitty  exporting ...
//ivde onn set aavatte ennitt padikam enn ...next month oru call verum enn chekkanod paranjikn",No
9695,9695,Call >72Hr,2026-12-06,Sumayya,0.0,No Information,,"servicer aayit wrk cheyuvvaann//rnp//watspp connected
10/5//rnp(2)watspp connected
11/5//buzyy aannn//+2 kauinju iti cheythu mobile techniciann
13/5//rnp(2)called onnmm kelkunnillaa
16/5//rnp(2)watsopp no resposne  19/5//rnp(2)watspp no responsee",No
9696,9696,Call <24Hr,2026-11-05,Afees,0.0,No Information,2026-11-05,incoming call facility is not available contacted on wtsp//he cut the call and rnp,No
9697,9697,Call <24Hr,,Sumayya,0.0,No Information,,"rnp(3)rnp(4)watsppp conncted
10/5//rnp(2)watspp no response
12/5/rnp(3)watsppp no responsee
14/5//sanme situation
17/5//rnp(2)watspp vconncted npo response",No
9698,9698,Call <24Hr,2026-10-05,Rincy,0.0,No Information,2026-10-05,age 28 kottayam veed ....intrest und /rnp//ippo nokunnilla enn,No
9699,9699,Call >72Hr,,Sumayya,40.0,No Information,,"rnp//rnp
He wants to know about this, He wants to do degree in Australia. so before that he wants to develop a skill in development field. Now he is driving call back later///21n rnp...9n bc aan pinne vilikam enn///10n rnp/14n rnp///18n rnp///19n rnp",No
9700,9700,Call <24Hr,2026-04-06,Sumayya,0.0,No Information,,"buzy//civil engineerr aann but field change cheyynmm//malpprmm ann //manjeri aduth aann//
10/5//rnp(2)watspp connected
12/5/rnp(2)watsppp connected
14/5//same situationnnn  17/5/rnp(2)watspp connecetd  20/5//rnp(2)watsapp connected      23/5//no responsee",No
9701,9701,Call < 5 mins,,nafi,0.0,No Information,,she cut the call,No
9702,9702,Call < 5 mins,,Najiya,27.0,No Information,,inform later,No
9703,9703,Call < 5 mins,,Najiya,0.0,No Information,,"online course Enqury , inform later",No
9704,9704,Call <24Hr,2026-07-06,Sumayya,0.0,No Information,,"thrissur aan place//bca amritha collge ernklm//cheythu//1 lakh 50 thousnd melee aayiiii//achn aamma brother ind(hotl mangemnt)
11/5//not clear voicee13/5//reslut nu wait chynn vtl paranjuu///kochi hub aann
16/5/rnp(2)watsppp connectedx  19/5//rnp(2) watsapp connected  25/5//result vnnillaaaa,vnnitte nthllmm chynn patulluu",No
9705,9705,Call >72Hr,,Joel,557.0,No Information,,prabin refernce,No
9706,9706,Untouched,,Joel,428.0,No Information,,prabin refernce,No
9707,9707,Call <24Hr,,Rincy,46.0,No Information,,bc//nokeella nokeett parayanm /14n vere nokan tta,No
9708,9708,Call <24Hr,2026-04-06,Afees,0.0,No Information,,plus two humanities his father contacted//his father contacted he will come here for drect enquiry,No
9709,9709,Call <4Hr,2026-08-05,Sanju,0.0,No Information,,rnp,No
9710,9710,Untouched,,Sanju,55.0,No Information,,"rnp
eduthit cut aakuvaanu

parent given another number : 9633923010",No
9711,9711,Call <4Hr,2026-08-05,Sanju,68.0,No Information,2026-09-05,verte chythathan nn thonunu ipo vilika nn paranjit cut aaki,No
9712,9712,Call >72Hr,,Sanju,108.0,No Information,,"not him ,his friend , he has no phone
gave details ,need an update
//
rnp",No
9713,9713,Call >24Hr,2026-09-05,Joel,84.0,No Information,,"looking for a course, intrested will update soon",No
9714,9714,Call < 5 mins,2026-10-06,Najiya,24.0,No Information,2026-10-06,"interested,Ahammed yaseen friend,he is bnglr  coming today and inform after",No
9715,9715,Call >72Hr,,Rincy,0.0,No Information,,"8/5- detail shared- place manjeri adth- humanities- english fail aaayi- adhumkude nokkanma- details oka paranj kodthu- vtil umma uppa sister- uppak veyyaandirikaan -1//24n rnp//13n rnp

11/5-interested aaanu -ippo function poven kazhinj connect cheyaam 
15/5-rnp 
17/5 wtsp connect cheythu vtil koruch hospital case oke vannond aan delay aaavunth
20/5-rnp
22/5-rnp 
26/5-rnp
///31n rnp 
////3n rnp 
 ///8n nokatte enn//10n korch prashnatgil enn///15n thalparyam nd but fund issue und vtl ////fund issue aan oreesam manjeri hub poyi kananam...28n exam nd oru wed Thursday okke aayit hubil povam/////1n rnp///3n rnp//4n summaya korch divasam kayinjit neerit varam//9n rnp//13n rnp//16n msged......19n fund issue aan...scholourship pitch aak////2n rnpi.////11n rnp////25n rnp",No
9716,9716,Call >72Hr,,nafi,41.0,No Information,,her brother was take the call  and said she was in collge,No
9717,9717,Call <4Hr,2026-08-05,Sanju,1149.0,No Information,,No Information,No
9718,9718,Call <8Hr,2026-11-05,Joel,0.0,No Information,2026-10-05,No Information,No
9719,9719,Call <4Hr,2026-11-05,Joel,40.0,No Information,2026-11-05,No Information,No
9720,9720,Call <8Hr,,Joel,29.0,No Information,,"looking for a course ,intrested 
will uodate in 2 day",No
9721,9721,Call <4Hr,2026-11-05,Joel,0.0,No Information,2026-10-05,switch off,No
9722,9722,Call < 45 mins,2026-08-05,Safa,161.0,No Information,2026-08-05,"8/5- 2 times rnp
3rd time-pick- degree second year bsc maths-degree kazhinj nokaan vendi aaanu",No
9723,9723,Call >72Hr,,nafi,0.0,No Information,,this number was in not avilabil anymore,No
9724,9724,Call >72Hr,,Sanju,0.0,No Information,,"need digital marketing course
gave details",No
9725,9725,Call >72Hr,2026-02-09,Rincy,6.0,No Information,2026-06-09,rnp//call cut aaki poyi/rnp//saban allann.............plus 2 bio science.......malappuram vengara aan veed....ok aan frnd koodi ndu.////11n rnp...12n hub visit aaki///////13n rnp//14n rnp///15n rnp///18n rnp//27n rnp///2n rnp,No
9726,9726,Call <4Hr,2026-09-05,Sanju,33.0,No Information,2026-11-05,No Information,No
9727,9727,Untouched,,Joel,0.0,No Information,,"looking for a course, has 3 friends also 
everything is okay ,need to discuss with family",No
9728,9728,Call >72Hr,2026-07-06,Bridgeon Admin,90.0,No Information,,"confused aan endh edkknmnn, dgreek povnmnn parayunnu",No
9729,9729,Untouched,2026-08-08,Sumayya,0.0,No Information,,rnp/2//,No
9730,9730,Call <4Hr,2026-11-05,Joel,0.0,No Information,2026-12-05,No Information,No
9731,9731,Call <4Hr,2026-12-05,Joel,0.0,No Information,2026-12-05,No Information,No
9732,9732,Call <4Hr,,Sanju,0.0,No Information,2026-04-06,details shared aan waiting for rply call is on whatsapp,No
9733,9733,Call >72Hr,,Najiya,0.0,No Information,,No Information,No
9734,9734,Untouched,,Sanju,0.0,No Information,,"detailsshared aanu vtil choikanam ennnau paranje father farmer aanu brthr dubai lu accountant aanu 

another number : 9746184068",No
9735,9735,Call >72Hr,2026-06-06,Najiya,0.0,No Information,,"Inform within two days,cyber security interested",No
9736,9736,Call <4Hr,,Muhammed,278.0,No Information,,8/5-business analytics aanu nokunne. course patti paranjittindu..9/5-parents convinse cheyyanam 11/5-Rnp 12/5-Rnp 13/5- Rnp 14/5- hub visit for 19th annu Ernakulam thu oru marriage indu. athu kazhinju agottekku varaam enna parayunne.  18/-Rnp,No
9737,9737,Call <4Hr,2026-12-05,Joel,0.0,No Information,,"looking for a course,  but range issue ,shared details ,will call evening",No
9738,9738,Call <4Hr,,Muhammed,0.0,No Information,,8/5-Rnp 9/5-Rnp 11/5-Rnp 12/5-Rnp 13/5-Rnp,No
9739,9739,Untouched,,Unknown,0.0,No Information,,No Information,No
9740,9740,Untouched,,Unknown,0.0,No Information,,No Information,No
9741,9741,Call <1Hr,2026-12-05,Muhammed,24.0,No Information,,"8/5- medical coding padichu ippo job nokunnindu athinte koode thanne just onnu enquiary nokiyathaanu  course details  paranju full parayan kazhinjilla..phone off aayi.
11/5-Busy",No
9742,9742,Call >72Hr,,Safa,0.0,No Information,,"8/5-call declined 
second call detail shared- mca kazhinje aaanu- place alapuzha- degree bsc physics aaayirunnu - ottum intrest alaatha pole aaan samsaaariche 

10-5 rnp wtsp msgd
13/5-rnp
16/5-parayaaam
18/5-rnp
21/5-rnp
22/5-rnp 
25/5-rnp wtsp msg ayych nokunila paranju",No
9743,9743,Untouched,2026-08-05,Joel,122.0,No Information,,"need a data science course but already studing a online program
first asked fees and after some question he cut the call",No
9744,9744,Untouched,2026-08-05,Joel,0.0,No Information,2026-09-05,father and mother died oru chechi aan ullath ivanum enthokyo prashnangal ullapole ind samsarichit call ends with not intrested chechi ullath nursing padikaanu athu aliyan aan padipikunath aliyan auto driver aanu,No
9745,9745,Untouched,2026-08-05,Joel,0.0,No Information,2026-08-05,No Information,No
9746,9746,Call <4Hr,2026-08-05,Joel,82.0,No Information,,"sister enquired ,she is not availlable now",No
9747,9747,Call <4Hr,2026-08-05,Joel,182.0,No Information,,"busy ,will call back",No
9748,9748,Untouched,,Rincy,13.0,No Information,2026-11-05,bc//8n rnp//9n rnp//14n ippo nokunnilla,No
9749,9749,Call >72Hr,,arathi,0.0,No Information,,"rnp//8n rnp
RNP",No
9750,9750,Call <4Hr,2026-04-09,Rincy,10.0,No Information,2026-06-09,incoming illa ///whats app illa//26n oru course cheydhond nikan adh kayinjitte nokollu....online nokan plan und//4n msged ////6n rnp//8n oru exam nd adh kayinjit nokam enn//msged//17n msged.........korch time idkum.......13n msged.......25n bc aanenn...28n msged///31n rnp///4n rnp,No
9751,9751,Call <4Hr,2026-11-05,Safa,0.0,No Information,,"8/5-  sales work cheyunu fiber entho company- degree passout 2024 - data analysis - 
officelaaanu - vilikaam -detail paranj kodthu- wtsp connect cheythu- 
 10-5 food kazhikuvaan thirich vilikum enn paranju
11/5-rnp intrstd alaaan paranju",No
9752,9752,Untouched,,Rincy,0.0,No Information,2026-03-08,"Busy with his sleep// all ippo matharbumill work drop cheyth nikkan, contant creater ayienu, all degree paper back ind so, ath enthayallum course nokkan ann plan, so details aych tharan paranjind so ath nokkitt parayam enn ann paranjetg // rnp try// rnp wtsp no response// switch off , wtsp no response",No
9753,9753,Call <4Hr,2026-09-06,Rincy,0.0,No Information,2026-08-06,bc//rnp//pplus 2 kayinju//result kayonjit///30n rnp////3n bc aanu//9n rnp,No
9754,9754,Call <4Hr,,Safa,0.0,No Information,,"8/5- age 35- just kanadapo nokye aaan- alaathe onula- online details paranjodtho interested aaanel nale parayaaam 
10-5 call declined 
16/5-rnp 
19/5 rnp",Yes
9755,9755,Call >72Hr,,Sanju,36.0,No Information,,+2 science padoicha student aanu aalu korch bc anu veed etheet vilikam ennan paranje,No
9756,9756,Call <8Hr,2026-09-05,Rincy,0.0,No Information,2026-09-05,rnp///switched off//switched off //9n switched off,No
9757,9757,Call <8Hr,2026-08-05,Safa,76.0,No Information,2026-10-05,"8/5-busy 
second call-rnp
10-5 Iti course aaan vijarich enquiry cheythe aaani",No
9758,9758,Call <24Hr,2026-08-05,Joel,60.0,No Information,,No Information,No
9759,9759,Untouched,,Sanju,201.0,No Information,,24 yrs old +2 completed militry try chyth oru 4 yrs poyi brthr kuwait il aanu fathr mechanic aan vtil samsarikanam ennan paranje,No
9760,9760,Call <24Hr,,Rincy,31.0,No Information,,"rnp///bcom financial marketing kayinju...kottayam aanu veed,...nokeett parayam enn//9n rnp//10n rnp//14n rnp//14n ernp////20n noknilla",No
9761,9761,Call <24Hr,,Safa,0.0,No Information,,"8/5- ware house work cheyuvaan- b.com kazhinju 4 year aaayi- place trissur- online aaan nokune- married aaanu- husband poland aanu- avvde povaan vendi aan nokune- wtsp connect cheythu
10/5-detail sahre


10/5_rnp
Second call details oke share cheyth kodthu _ husband nod chodhichtt update cheyaam enn paranju
11/5-rnp
12/5 wtsp msgd
16/5-rnp
18/5 rnp
22/5-rnp -wtpil msg ayychu nokunila paranju",No
9762,9762,Call <24Hr,2026-08-05,Joel,22.0,No Information,,busy in work,No
9763,9763,Call <24Hr,2026-08-05,Sanju,0.0,No Information,,rnp wtsp msgd,No
9764,9764,Call <24Hr,,Rincy,0.0,No Information,,classilan/9n rnp//rnp//12nj rnp//14n rnp//16n rnp,No
9765,9765,Call <24Hr,,Safa,0.0,No Information,,"8/5-call declined 
10-5 rnp wtsp msgd
13/5-rnp
18/5-took office call back cheyaaam
22/5-rnp not respond wtsp",No
9766,9766,Call <24Hr,2026-12-05,Joel,31.0,No Information,2026-12-05,"told already got details from a female staff
but no one called from here
so gave details through whastapp",No
9767,9767,Call <24Hr,2026-09-05,Joel,24.0,No Information,,No Information,No
9768,9768,Call <24Hr,,Safa,1.0,No Information,,"8/5- drivinglaaanu- thirich vilikaaam 
10/5 function aaan pine vilikaam
11/5-rnp
13/5-rnp
18/5-rnp not respond wtsp",No
9769,9769,Call <24Hr,2026-08-05,Joel,54.0,No Information,,No Information,No
9770,9770,Call < 5 mins,,nafi,0.0,No Information,,rnp,No
9771,9771,Call <24Hr,,Rincy,0.0,No Information,,plus 2 kayinjn computer commerse result vannitt///////annitte nokollu.. oru sugam illathadh//rnp/17n onnum mindunnilla/////////20n ///22rnp///25n rnp//27n rnp///30n rnp,No
9772,9772,Call <24Hr,,Safa,0.0,No Information,2026-01-06,"8/5- no incoming- wtsp connected- 12.00 vilikaaamenn paranju
second call rnp
10-5 rnp 
12/5-rnp
17)5- rnp not respond wtsp 
19/5- rnp connect  whatsapp next week hub visit cheyaaan verum
21/5-rnp
22/5-rnp
25/5-rnp 
26/5-rnp rnp",No
9773,9773,Call <24Hr,2026-08-05,Joel,72.0,No Information,,"his father took , he is working ,evening call back",No
9774,9774,Call <24Hr,2026-12-05,Sumayya,0.0,No Information,,"rnp(3)rnp(4)watspp connected
9/5/rnp(2)watspp no res[ponse",No
9775,9775,Call <24Hr,,Rincy,19.0,No Information,,bca kayinju 2025..kasargod aan veed nokeet parayam enn//9n rnp//rnp//14n rnp///16n rnp////18n rnp/////21n rnp//22n thalparyalla,No
9776,9776,Call <24Hr,2026-09-05,Sumayya,0.0,No Information,,"rnp(3)tvm ann palce//coimbatore ind ippo//logistics copmny ill tl aarrnuu//python django padichu from luminar but ceritificte or placemnt kuteellala//ippoo buzy aann///evenoing vilikaa//full  buzy rush poleya samsariche ui ux nokkinndd
9/5//rnp(2)watspp connecetd",No
9777,9777,Call < 5 mins,,nafi,0.0,No Information,,rnp,No
9778,9778,Call <24Hr,2026-03-06,Sumayya,20.0,No Information,,"ring povunnillaa--buzyy paraynn(3)//2019 btech kayinjthhaa//then marrige kayinju family aayii//career gap aayii//perumbavioorrr aan place//online aann chnces illathh//kuttyy iind ukg aann inii
9/5//rnp(2)
11/5//buzy aann////|||13/5//not calls get connectedd//watspp connected
15/5//rnp(2) watspp connected 19/5//rnp(2)watspp cponnected         23/5//npo responnsee 25/5//vtll illa/a/vannitt vilikkaaa",No
9779,9779,Call <24Hr,2026-12-05,Sumayya,34.0,No Information,,No Information,No
9780,9780,Call >72Hr,,nafi,60.0,No Information,,No Information,No
9781,9781,Untouched,,Unknown,0.0,No Information,,"looking for a course with distant MCA
no idae gave all detaiils
parents,fess issue will update",No
9782,9782,Call <24Hr,,Sumayya,36.0,No Information,,"rnp(2)btech 3rd year drop aakii//credit transfer use aakitt complete cheyyumm//ullerii aan place balusheri ku aduth//details okkee koduthuu//internship pole chyth job nu keraannaa plnn//
9/5//rnp(2)watspp connected
12/5//rnp(2)watspp connecetd
14/5//same situation    17/5/same syitationn         20/5//buzy(2)watspp also no responsee",No
9783,9783,Call <24Hr,,Rincy,53.0,No Information,,"dgree ba economics aayirunnu..,, pg cheyyunnund...online aayitt........//parappanangadi aan veed age 24 aalk ok aan husinod choykatte parayam ennn nale morning parayam//9n parayam enn sg ayachu///tym veenam enn//,msged",No
9784,9784,Untouched,,Sumayya,6.0,No Information,2026-03-07,"hub visited with 5 friends waiting for responce
watsap il aan followup chyunne",No
9785,9785,Call < 30 mins,,Sumayya,141.0,No Information,,"wrking aann accountant aayiit ippooo shift ill aannn///||8/5//buzyy
9/5//theera intrest illatha pole aann samsaruichee//oru idea illaaa so videos ayich koduthu it field ne paatii idea kittaann
10/5//rnp(2)watsoppp no responseee
12/5//details nokeellaa///oru fund kittaann und ath kayinje kernn patulluu//29 age aayii//kaanjirapallii aaann place//kochi hub aann nokunneee",No
9786,9786,Call >72Hr,,Sanju,126.0,No Information,,"details shared aanu data analytics aan nokunath degree completed aanu family aayt discuss chyanam ennan paranjath
Take 2 days
 
vere institute il join chythu ennan paranje avde fee verunath 30 aan ivdethe fee afordable alla ennan paranje",No
9787,9787,Call >72Hr,,Sanju,0.0,No Information,,No Information,No
9788,9788,Call >72Hr,,Sanju,0.0,No Information,,details shared aanu malapuram aanu place veetle choichit inform chyam nnan paranju,No
9789,9789,Call <4Hr,,Sumayya,64.0,No Information,,"ba sociology kayinkjath aann//malappurm aann placee//kaakkencherry ku aduthh//thirk ayond peteten vechhh
8/5//rnp(2)watspp conncted
10/5//rnp(2)wataaspp connecetxd
12/5//same situation
15/5/same situation
19/5//rnp(2)watspp no responsee",No
9790,9790,Call <4Hr,2026-07-05,Sumayya,56.0,No Information,,No Information,No
9791,9791,Call < 30 mins,2026-09-05,Muhammed,235.0,No Information,2026-09-05,7/5-busy 8/5-Rnp 9/5-aviation complete aaki ippo job indu just onnu enquiry cheythathaanu.,No
9792,9792,Untouched,,Safa,2.0,No Information,,"7/6- 2 times rnp 
10-5 rnp
12/5-rnp msgd not respond",No
9793,9793,Unknown,2026-12-05,Safa,192.0,No Information,,"7/5- plus two humanities-place wayand- details oke paranj kodthu 
Financial issue _ vtil Umma mathrm olu 2 elder sisters padikuvaanu_ scholarship kaaryam samsaarichu 
10_5 wtspil connect cheythu- 
11/5-connected nale verum 
12/5-hub visit kazhinju 
13/5-not intrested wtsp connectd",No
9794,9794,Call <4Hr,,Muhammed,0.0,No Information,,7/5-friend annu nokiyathu 8/5-Rnp 11/5-Rnp 13/5-Rnp,No
9795,9795,Call <1Hr,,Muhammed,0.0,No Information,,7/5-Busy connect the 6 clock  8/5-busy 11/5-Rnp 12/5- busy 15/5-Rnp 16/5-Rnp 20/5-Rnp 22/5-Rnp,No
9796,9796,Call >72Hr,,Muhammed,0.0,No Information,,interest indu but ippo entrance exam nokunnindu. 7/5-Rnp 11/5-Rnp 12/5-Rnp ee kuttiyude imma paranjathu ooll +2 padichu kondu irikka. 13/5-Rnp,No
9797,9797,Call < 5 mins,,Sanju,1.0,No Information,,rnp aan,No
9798,9798,Call <4Hr,,Sumayya,0.0,No Information,,"+2 humanites then ba sociology kayinju//married aann husbnd abroad aannn/twins aann kuttyll//thrissurr aann palce//
8/5//rnp(2)watspp connectedd
10/5/rnp(2)watsppp no responsee
12/5//rnp(2)watspp no responsee
14/5//same suituation  17/5//same situation 20//5/same situation",No
9799,9799,Call >72Hr,,Sanju,55.0,No Information,,half n hr kazhinj vilikam ennan paranje,No
9800,9800,Call <1Hr,,Sanju,144.0,No Information,,details shared aanu father illa 2 brthrs aan ivan elder aan dtdc courier lu aan job amma cheriya jolik oke ponind karyangal detailed aayt paranjitund baki followup,No
9801,9801,Call <4Hr,,Muhammed,32.0,No Information,,7/5- intrest okkey indu pine time issues indu  8/5-Busy 11/5-Rnp 13/5-hospital case ayitt nikkuvaanu. 15/5- work inu kerri,No
9802,9802,Call >72Hr,,Muhammed,0.0,No Information,,7/5- shopil aanu 8/5-Rnp 11/5-2 months kazhinjitt nokkaam enna parayunne software testing aanu nokunnathu athum online iloode ippo oru company work cheyuvaanu. phonepay 13/5-Rnp 16/5-Rnp 21/5-Rnp 22/5-Rnp 24/5-Rnp,No
9803,9803,Call <4Hr,,Muhammed,0.0,No Information,,7/5- theatre ayirunnu. bridgeon ennu kettapo thanne call cut cheythu. interest illa,No
9804,9804,Call <4Hr,2026-11-05,Sumayya,21.0,No Information,,"ippo vilikann paranju cut aakii///2nsd call also//                    8/5//rnp---buzy(2)/watspp conncted                       9/5//no incoming//watsapp rnppp           10/5//rnp
(2)watspp no responsee",No
9805,9805,Call <4Hr,2026-07-05,Sumayya,0.0,No Information,,No Information,No
9806,9806,Call >72Hr,,arathi,0.0,No Information,,"rnp(3)rnp(4)watspp connecetd||||8;5;;rnp(2)watspp connectedd
9/5//rnp(2)watsppp connected
10//5/rnp(2)watspp no responsee
11/5//rnp(2)watspp no response
13/5//rnp(2)watsppp connecetd//16/5./same situationn 19/5//same situation       23/5//switched off aannn      25/5//rnp/2//watspp no respondingg.
RNP,connconnected through whats app.",No
9807,9807,Call >72Hr,,jaiharish,764.0,No Information,,busy,No
9808,9808,Call <8Hr,2026-07-05,Rincy,63.0,No Information,,just nokeedha,No
9809,9809,Call < 5 mins,,nafi,0.0,No Information,,rnp and no wtsp,No
9810,9810,Untouched,2026-07-05,Joel,179.0,No Information,,Need to discuss with family,No
9811,9811,Call <4Hr,2026-07-05,Safa,27.0,No Information,,7/6-ariyaathe cheythathaan paranju,No
9812,9812,Unknown,,Sanju,54.0,No Information,,rnp,No
9813,9813,Call >72Hr,,jaiharish,27.0,No Information,,15 / 5busy,No
9814,9814,Unknown,,nafi,25.0,No Information,,he cut the call after nowing it was from bridgeon // rnp and I also think it's a Institute,No
9815,9815,Call <8Hr,,Safa,0.0,No Information,,"7/5- just register cheyth itte aaanu- study abroad aanu nokune- eee weekil thirich vilicholaam 
14/5-rnp - wtsp msgd
18/5-rnp
21/5-rnp",No
9816,9816,Call >72Hr,,Sanju,0.0,No Information,,hardware ann padiche engottu ann enquiry cheythenn oru idea illa just wtspil details shared,No
9817,9817,Call <8Hr,2026-07-05,Rincy,40.0,No Information,2026-08-05,rnp//rnp,No
9818,9818,Call <4Hr,2026-07-05,Sumayya,26.0,No Information,,No Information,No
9819,9819,Call <8Hr,2026-07-05,Rincy,5.0,No Information,2026-09-05,plus 1 aanu//7n call cut aaki,No
9820,9820,Call <8Hr,2026-07-05,Rincy,0.0,No Information,2026-07-05,rnp//wrong number,No
9821,9821,Call >72Hr,,Rincy,0.0,No Information,,"interested,join may  be join next batch,inform within two days",No
9822,9822,Untouched,2026-10-05,Joel,17.0,No Information,,"Father answered, will call evening",No
9823,9823,Call <4Hr,,Safa,0.0,No Information,,"7/5- banglore work cheyunu- age 29- abroad povaaanula planil aaanu- just it ariyanm thonny adhond aaanu- online details okea paranj kodthu- nokkitt prayaamenn paranju 
10-5 confirm cheyth nale parayaam 
11/5- rnp
13/5-rnp 
16/5- wtsp connect cheythu nokunila nokumbo angottu vilicholaaam paranju",No
9824,9824,Call <4Hr,2026-07-05,Afees,47.0,No Information,,No Information,No
9825,9825,Call >72Hr,,Sanju,0.0,No Information,,details shared aanu eh mnth nokan aan plan hub visit aan pitch chythe to kochi 4 plus two aan accounts nte course nokan ulla plan il aayrnu paranjapo korachoke intrested aanu,No
9826,9826,Call <4Hr,2026-07-05,Joel,83.0,No Information,,No Information,No
9827,9827,Call <4Hr,2026-09-05,Joel,0.0,No Information,2026-11-05,No Information,No
9828,9828,Call < 30 mins,2026-07-05,Joel,237.0,No Information,,"came for only placements
mtech student ,now not planning for a course
busy in projects,gave detials",No
9829,9829,Call >72Hr,,Sanju,0.0,No Information,,"no incoming,wp messaged 
27 year , nios plus 2, time issue 
already had a job
he had no IT knowlegdge, gave all details 
need to follow up",No
9830,9830,Call <4Hr,,Joel,61.0,No Information,,"in a hospital case , not looking noe 
if intrested  will update later",No
9831,9831,Call >72Hr,2026-05-06,Sanju,0.0,No Information,2026-04-06,"no incoming 
gave details through whastapp
will update",No
9832,9832,Call <4Hr,2026-07-05,Sanju,122.0,No Information,2026-07-05,"rnp , whatsap messaged",No
9833,9833,Call <4Hr,2026-07-05,Afees,88.0,No Information,,No Information,No
9834,9834,Call <4Hr,2026-07-05,Afees,0.0,No Information,,No Information,No
9835,9835,Call < 5 mins,,nafi,0.0,No Information,,rnp,No
9836,9836,Call <4Hr,2026-07-05,Rincy,0.0,No Information,2026-07-05,bc//intrest illa,No
9837,9837,Call <4Hr,2026-09-05,Rincy,29.0,No Information,2026-08-05,rnp//bc//9n intrest illa,No
9838,9838,Call <4Hr,2026-07-05,Rincy,59.0,No Information,2026-07-05,rnp//cheydhittillann,No
9839,9839,Untouched,,nafi,27.0,No Information,,her brother pickup the call // he cut the call,No
9840,9840,Call <8Hr,2026-07-05,Joel,30.0,No Information,,No Information,No
9841,9841,Call <8Hr,2026-08-05,Rincy,0.0,No Information,2026-08-05,oru ayinja kuynja chekkan//7n rnp,No
9842,9842,Call <8Hr,2026-09-05,Rincy,43.0,No Information,2026-09-05,umma aanu call eduthe details paranj kodthu avan vannitt vilikam enn paranjju//8n rnp//kuttyude upppa plus 2 kayinjadhalle ollu ippaye coursw eonnum padipikanda enjoy cheyyatte b tech padichotte enn paranju,No
9843,9843,Call <24Hr,,Rincy,0.0,No Information,,rnp//bc//7n rnp//9n rnp///26n rnp///27nn rnp,No
9844,9844,Call <24Hr,2026-09-05,Rincy,0.0,No Information,2026-09-05,rnp//7n rnp//8n rnp//9n rnp,No
9845,9845,Call <24Hr,2026-07-05,Safa,0.0,No Information,,number not exist,No
9846,9846,Call <24Hr,2026-09-05,Joel,0.0,No Information,2026-08-05,"switch off ,will call",No
9847,9847,Call <24Hr,,Safa,0.0,No Information,,"7/5- 2 times rnp 
8/5-call declined
11/5-rnp
14/rnp not respond whatsapp",No
9848,9848,Call <24Hr,2026-07-05,Joel,34.0,No Information,,No Information,No
9849,9849,Call <24Hr,2026-07-05,Joel,116.0,No Information,,No Information,No
9850,9850,Call <24Hr,,Joel,3.0,No Information,,"looking for a course ,24 year old
no idae about it, only plus 2 , he is intrested
need to discuss with his brother in dubai",No
9851,9851,Call >72Hr,,Safa,0.0,No Information,2026-01-06,"6/5 rnp
7/5-rnp wtsp msgd 
10-5 call picked father _ onum parayaan samdhichila result vnntt noku enn paranju
15/5 call forward
23/5-rnp
26/5-rnp
27/5-father- mon verumbo vilikaaan paraya rnp",No
9852,9852,Call <24Hr,,Safa,0.0,No Information,,"7/6- 2 times rnp 
8/5-declined-wtsp msgd
11/declined not respond wtsp
14/5-rnp -msgd not interested",No
9853,9853,Call <24Hr,2026-11-05,Afees,0.0,No Information,2026-11-05,for cousin will come here to direct enquiry,No
9854,9854,Call <24Hr,,Safa,0.0,No Information,,"vivek- online aan nokune- degree cheyuvaaan bca- malappuram college- self finance - vtil acha amma sisters- satrdy sunday mathrm class aan nokune- details share cheyth kodth  
12/5-rnp

10/5-rnp
15/5-rnp 
18/5-rnp
21/5-rnp not respond",No
9855,9855,Call <24Hr,2026-08-05,Joel,30.0,No Information,2026-08-05,"busy , will call back",No
9856,9856,Call <24Hr,2026-12-05,Joel,0.0,No Information,,"for wife ,will come to ekm hub",No
9857,9857,Call >72Hr,,Sumayya,35.0,No Information,,"rnp(3)rnp(4)watspp conncted
9/5//degree akyinj nikkuvaa but supplyy indd..vayanad aannn palce //data analytics aann nokunneee//ummaa ne ayit hsptl  aarrnuu 
10/5//rnp(2)watspp connected
12/5//same situationn.no response
14/5//rnp(2)//no response  17/5//buzyy(2)watsapp conncted    20//5//rnp(2)watspp connected but no responsee     23/5//buzyyyyy(2)",No
9858,9858,Call <24Hr,2026-04-06,Sumayya,15.0,No Information,,"rnp(3)buzyy annn //chelari aann place//ippoo perinthalmannaa//+2humaniteiss aann
8/7//umma aann eduthee degree ku pokknn aann thalprymm,vallya intrest illndd ssamsarikunnee//
9/5//rnp(2)watspp connected
11/5/rnp(2)watspp connected
14/5//next week husbnd verm ennitt visit chyyulluuu  19/5//rnp(2)watsapp connecetd",No
9859,9859,Call <24Hr,,jaiharish,0.0,No Information,,"bca kayinjathhaa//pattambi aann veed//kinfra ok aann//bridgeon kanditt undd//ummaa/uppaaa brothers inddd//abroad aann brothers
8/5//rnp(2)watsoopp conncted//10/5//rnp(2)watspp connected
12/5//same situation//15/5//samee     20/5///tried from another number no response
23/5/no inc///watsapp connecetd",No
9860,9860,Call < 5 mins,,Ambili,0.0,No Information,,"arshal friend ,readu to join 
but parents issue, gave all details ,need to follow up",No
9861,9861,Call <24Hr,2026-07-05,Sumayya,400.0,No Information,,No Information,No
9862,9862,Call >72Hr,,Sanju,0.0,No Information,,"hotel managment ann padiche,salary koravayondu job onnum nokkettilla acahn marichu ettan accountant ann ettan ann gatekeeper,amma house wife avante passion cooking ann basic details shared//he cut the call//he cut the call",No
9863,9863,Call < 5 mins,,Sanju,30.0,No Information,,No Information,No
9864,9864,Call < 5 mins,2026-06-05,Afees,107.0,No Information,,No Information,No
9865,9865,Call >72Hr,,Sanju,27.0,No Information,,bca result vannite noku ennanu paranje,No
9866,9866,Call <1Hr,,Rincy,0.0,No Information,2026-11-05,"Rnp//b com kayinjadhan 2022ilanenn nokeett parayam//7n rnp//8n rnp
///9n incoming illa/14n rnp",No
9867,9867,Untouched,,Unknown,0.0,No Information,,No Information,No
9868,9868,Call < 5 mins,,Safa,0.0,No Information,,"6/5- detail shared- place kollam- vtil grandfather grand father- sister- avvarod chodhichtt 2 days ulil confirmation parayaaam
8/7-rnp
14/5-rnp
18/5-rnp not respond wtsp",No
9869,9869,Call <4Hr,2026-07-05,Afees,103.0,No Information,,No Information,No
9870,9870,Call >72Hr,,arathi,23.0,No Information,,"rnp contacted on wtsp
RNP,Connected through whats app.
He is currently working in fire and safty. Detailes shared, call back tomorrow, keep in touch with whats app.messaged through whats app.RNP
RNP. He is not interested.",No
9871,9871,Unknown,,Rincy,26.0,No Information,2026-08-05,Rnp//rnp,No
9872,9872,Call <1Hr,,Safa,24.0,No Information,,"6/5- 2times rnp 
7/6- not hearing call declined 
11/5- pick but declined 
13/5- declined-not respond wtsp",No
9873,9873,Call <4Hr,2026-06-05,Afees,27.0,No Information,2026-07-05,rnp contacted on wtsp alu vere callil ayirnnu,No
9874,9874,Call <4Hr,,Safa,0.0,No Information,2026-01-06,"6/5-no incoming 
10-5 no incoming 
27/5-drivinglaanu 
30/5-rnp",No
9875,9875,Call < 5 mins,2026-12-05,Ambili,92.0,No Information,2026-11-05,parentan vilichedh pettenn course anf fee choich enna vilikka paranj cut aakki,No
9876,9876,Call < 45 mins,,Najiya,23.0,No Information,,"He is Enquiry for sister,plustwo humanities,Mannarkkad",No
9877,9877,Call <4Hr,2026-07-05,Safa,0.0,No Information,,"6/5-busy
7/6-rnp msgd-bullsnet computer education center",No
9878,9878,Call < 15 mins,,jaiharish,418.0,No Information,,naji detail share - brototype enquiry cheythu fees kudthl aayond nokila- uppa umma sisters- uppa naatil vegetable shop aaanu - second number 7736132962,No
9879,9879,Call >48Hr,,Afees,0.0,No Information,,instayil kandappo just enquiry cheythath ann no idea about bridgeon DA interested//rnp,No
9880,9880,Call < 5 mins,2026-07-05,Afees,4.0,No Information,2026-07-05,alu call eduthu but cut akki...,No
9881,9881,Call >72Hr,2026-12-06,Sumayya,0.0,No Information,,"6/5- age 30- physics sir aaaytt work cheyunnund- ernamkulam- place palakad - details paranj kodthu 
8/5-rnp
12/5-rnp 
19/5-number shared sanju
20/5-rnp
22/5-rnp
26/5-rnp \\4/6//rnp/2//",No
9882,9882,Call <4Hr,,Safa,55.0,No Information,,"6/5- 1st call rnp
2nd call picked- drivinglaanu 
6/7-no incoming-wtsp msgd 
10/5- no incoming wtsp msg not respond
15/5 no incoming 
18/5-weak end aaanu nokune -b.tech first year aaanu",No
9883,9883,Call >24Hr,2026-07-05,Afees,89.0,No Information,2026-07-05,btech cs ann padichath next entha cheyyandenn oru idea illa basic details shared,No
9884,9884,Call < 5 mins,,Ambili,0.0,No Information,2026-12-05,"online aan chodhichedh ippo 3rd yr btech keltronl 2 weeks internship cheyyunnu, veed plkd",No
9885,9885,Call < 30 mins,,Safa,35.0,No Information,,"6/5- connected - online aanu nokune-plus two computer commerce- ippo maisur aaan- own business run cheyuvaaan- detail paranj kodth -age 23 
8/5-busy aaanu vilikaam
12/5- decision pending
14/5-rnp
16/5-plan drope aaki vere business kude start aaki",No
9886,9886,Call <4Hr,2026-06-05,Joel,44.0,No Information,,No Information,No
9887,9887,Call >72Hr,2026-06-07,Rincy,0.0,No Information,2026-06-07,Msg//rnp//24n bc aanu free ayit vilikam//25n aal bvtl illa vannitt vilikam///27nn rnp//29n rnp///3n rnp ////6n rnp,No
9888,9888,Call <4Hr,2026-08-05,Joel,0.0,No Information,,"plus 2 , looking for a course ,gave all details ,need to follow up",No
9889,9889,Call <1Hr,2026-12-06,Sumayya,80.0,No Information,,"ploytechnic drop aakiii supply indd oru aaccident okkee ayitt avnn rest ill
 aarrnnuu//vayanad aann placeee//ipooo calicut inddd
7/5//inn visit verrnn paranjathaa but buzy aan///
8/5/rnp(2)watspp connecttd
10/5//nala verummm visit nuu
11/5//rnp(2)watspp connedcted
13/5/avn thirkil ann swiggy oodiinddd//16/5/driving aannn//  19/5//rnp(2)watsapp connectedd 25/5/buzyy",No
9890,9890,Call < 5 mins,2026-07-05,arathi,0.0,No Information,2026-07-05,No Information,No
9891,9891,Call >72Hr,2026-05-06,Sanju,0.0,No Information,2026-04-06,"looking for a course but currently busy 
will call back",No
9892,9892,Call <4Hr,2026-08-05,Joel,126.0,No Information,,busy in shop,No
9893,9893,Call <4Hr,2026-11-05,Joel,0.0,No Information,,No Information,No
9894,9894,Call < 45 mins,2026-06-05,Rincy,24.0,No Information,,place evde choykan veendi aanmun thrissur ndonn,No
9895,9895,Call <4Hr,2026-11-05,arathi,115.0,No Information,2026-11-05,"She is in trissur(Mother country neppal). currently working as an accountant in a gym. She have mother and sister only. sister is working as a house made. she is interested but she can't join right now because she wants to go nepal for a month because of cousins wedding. she will update later.
Financial issue.",No
9896,9896,Call <4Hr,,arathi,0.0,No Information,,"No response in both call and watts app
RNP, messaged in whats app",No
9897,9897,Call >72Hr,2026-01-06,Afees,0.0,No Information,,kodaku bba first sem kazhinju stop cheythu oru adipidi case ayittu alkk next entha cheyyandenn oru idea illa basic details shared,No
9898,9898,Call >72Hr,,Muhammed,0.0,No Information,,age 22  plus 2 kayinju 2022 pass out..........calicut aan veed //7n nokeett parayam//9n onnum keelkunnilla//rnp//14n rnp///19n rnp/////////20n rnp ippo nokunnulla 22/5- Rnp///,No
9899,9899,Call <4Hr,,Safa,2.0,No Information,,"6/5- connect student second number- 9567288783 - place - malappuram detail shared - uppa gulfil  aaanu- thaazhe 3 sibilings und - 
7/5- fees issue
12/5-rnp
15/5-rnp

10/5_rnp
17/5-rnp
20/5-rnp 
22/5-rnp 
23/5-rnp norspond wtsp -kmct clgil bca admission idthu",No
9900,9900,Call < 5 mins,2026-05-05,Afees,15.0,No Information,,No Information,No
9901,9901,Call < 45 mins,,Safa,0.0,No Information,,"6/5- 2 times rnp 
7/5- rnp
11/5-rnp
15/5-rnp- wtsp not respond",No
9902,9902,Call >72Hr,,Sanju,203.0,No Information,,"details shared aanu ddegree veno atho course nokano nn vechirikaanu whatsapp connected aanu dream selling wrk aavum 2nd call ill

degree povanulla mind il aanu but convert chyan pattunathe ullu",No
9903,9903,Call < 45 mins,2026-06-05,Rincy,15.0,No Information,,tmil,No
9904,9904,Call < 45 mins,2026-07-05,Safa,24.0,No Information,2026-07-05,"6/5- call picked mother- student name raniya- plus two kazhinj irikuvaaanu - computer commerce- details paranj kodthu -place tirur
7/6-not intrested ippom nokunila",No
9905,9905,Call < 45 mins,2026-07-05,Afees,0.0,No Information,2026-08-05,incoming call facility not available contacted on wtsp//rnp,No
9906,9906,Call <4Hr,2026-03-06,Sanju,194.0,No Information,2026-04-06,"details shared aanu vtil koode onnu choiknm ennan parabje oru frnd ivde join chythindu innu

financial issue case aanu vtil kore issues indu",No
9907,9907,Call >72Hr,,Afees,0.0,No Information,,"plustwo kazhinjt one year gap vannu 2 backppr undayirunnu, veed kakknad, ella detailsm paranj koduthilla, initial karyangal paranju//busy he cut the call",Yes
9908,9908,Call <4Hr,,Rincy,24.0,No Information,,rnp..///26n whats appil ayakan paranju///28n rnp//30n noknilla,No
9909,9909,Call <24Hr,2026-01-07,Najiya,0.0,No Information,,"he is plustwo humanities  puthur school,direct walk in with cousin ,he is advocate and suggest bridgeon cybrocys employee nishad,interested june batch,payment to after eid,monday varum",Yes
9910,9910,Untouched,,Unknown,0.0,No Information,,number not exist,No
9911,9911,Call < 15 mins,2026-06-05,Afees,97.0,No Information,2026-07-05,27 years old house wife,No
9912,9912,Untouched,,Unknown,0.0,No Information,,No Information,No
9913,9913,Call <4Hr,2026-11-05,Sumayya,11.0,No Information,,"drivoing aann//sounds like agedd//age 30 wnnaa ;paranjthh//but sounds klike nalla age indd
8/5//buzy aann vilika(2)
9/5//eduthitt cut aaki kalayuvaa
10/5//oru seroiusness illaa//thirkk aann",No
9914,9914,Call < 30 mins,,Rincy,19.0,No Information,,vadakara veed bca kayinju 2 paper nd nokatte enn//7n rnp//8n therakilan paranj call cut aaki//rnp//12n rnp//16n incoming illa////18n ippo nokunnilla,No
9915,9915,Call < 45 mins,,Safa,0.0,No Information,,"6/5-rnp
21/5-rnp 
22/5-rnp
23/5-rnp no respond wtsp 
25/5-rnp wtsp msg ayychu aws course vendi aaanu nokune",No
9916,9916,Call >24Hr,,Najiya,0.0,No Information,,visit hub today,No
9917,9917,Call >72Hr,,arathi,5.0,No Information,,"rnp contacted on wtsp//rnp
RNP, connected through whats app",No
9918,9918,Call >24Hr,,Sumayya,107.0,No Information,,"+2 bio maths//kottaymm//achan(private compny illwrking//bro travelss//aniythii 3 class ill//saturday appa vtll verulluu
7/5///details okkee ok aann..ini father nte koodi connct cheyynm
8/5//watspp conncted//
9/5//rnp(2)watspp connectdd
10/5/fee issue ind 
11/5/rnp(2)watspp conncted
13/5//ippoo fund set aakunnathhh taskkk aannn
17/5//rrnp(2) watsappp connctedd  19/5//fund issue aann ullathh        
ammma kuu vayyand aayitttaa ulleee//so watsappp conecetd aakii pokuvannn",No
9919,9919,Call < 30 mins,2026-07-05,Rincy,12.0,No Information,2026-07-05,mca kayinj 2018il age 31 kottayam aan veed fee keettappo cut aaki poyi//7n cheyyunnilla,No
9920,9920,Untouched,,Unknown,0.0,No Information,,No Information,No
9921,9921,Call <4Hr,2026-07-06,Sumayya,90.0,No Information,,"+2 kyinju 1year gap ind//kollm aann plce//fund nte issuee indd//kollamm,kottarakara//
8/5//chi aneell,mm calicut aneellm koyppillaa/visit vernn paaranjind
10/5//resuklt vannittt verraamm
15/5/rnp(2) watspp conncted
19/5//rnp(2)wats[pp connected
23/5//rnp(2)watspp connctedd",No
9922,9922,Call <4Hr,,Rincy,38.0,No Information,2026-06-05,rnp,No
9923,9923,Call < 15 mins,,Najiya,8.0,No Information,,interested degree with ai course,No
9924,9924,Call <4Hr,2026-03-06,Sumayya,0.0,No Information,,"rnp(2)//switched off
7/5///rnp(2)watspp comnncetd
8/5//rnp(2)no response
9/5/rnp(2)watsppp no response
10/5/rnp(2)watsppp no response
12/5//same situation
14/5//9 6 aann wrking tymmm so online ayirikmm noukkuvvaa///buzy sooo connected ti eatsappp
17/5//rnp(2)watspp conncted     19/5//buzy zzzrnnyu  /watspp conncted  23/5//rnpp
27/5//rnp//",No
9925,9925,Call <4Hr,,Rincy,0.0,No Information,,onnum keelkunnilla msg ayakan parsnu//8n palleelanu//8n medical coding kayinjit irikan ottappalam aan veed nokeett parayam//call ponilla//16n rnp////19n rnp//21n rnp///22rnp/23n rnp///25n rnp,No
9926,9926,Call <8Hr,,Sumayya,0.0,No Information,,"no incomingg//watspp rnp
7/5//same situationn
8/5//same situation//no responsee
9/5//rnp on watsppp///no incoming
11/5//same",No
9927,9927,Call >72Hr,,Muhammed,0.0,No Information,,age 24 bangalre work cheyynu//rnp//8n nokeella nale parayam//korch bc aan njn parayam 3enn//12n rnp//16n banglore aan nattil etheet nokam next week aan etha////19n rnp///22 call eduth cut aaki 22/5- rincy clint aanu villichitt edukunnila 23/5-Rnp,No
9928,9928,Call <8Hr,2026-11-05,Sanju,0.0,No Information,2026-11-05,angot vilikam ennan paranjath financialy ok aanu data science aan nokune enn paranju,No
9929,9929,Call >72Hr,2026-03-06,Sumayya,125.0,No Information,,"age 24 data science okke padichknu kondotty aan veed koree karngayl ariyam,,..oru rview nadatheett join cheyyam enn//8n nmonday  set aakan//14n saturday set aakam//16n call ponilla///18n nale nokam//19n rnp///////20n aal vtl illa///22rnp/23n rnp///25n rnp",No
9930,9930,Call <8Hr,2026-08-05,Sanju,35.0,No Information,2026-08-05,wrk il aanu korch kazhinj vilikan aan paranje,No
9931,9931,Call <24Hr,2026-06-05,Afees,499.0,No Information,,No Information,No
9932,9932,Call <24Hr,,Sanju,0.0,No Information,,whatsapp connected aanu,No
9933,9933,Call >72Hr,,arathi,0.0,No Information,,"Incoming call facility not available rnp contacted on wtsp
Incoming calls are not available. Connected through whats app",No
9934,9934,Call <24Hr,2026-06-05,Sanju,25.0,No Information,2026-11-05,12 manik shesham vilikan patuo ennan choiche,No
9935,9935,Call <24Hr,2026-08-06,Rincy,1.0,No Information,2026-07-06,bc//8n rnp//cut aaki//12n result vannitt nokam///23n rnp//27n rnp///30n rnp////3n rnp  ///8n rnp,No
9936,9936,Call <24Hr,,Rincy,2.0,No Information,,plus 2 kayinj commerse aayirunnu....kuttyadi veed chekkan surgery kayinj kedakan adh kond online aanu nokune//7n bc//8n  umma  aanu eduthe//9n bc aanu//bc aanu//12n lap set aayeella...fund issue nd //16n bc//17n rnp///////20n rnp//////////22rnp/23n rnp///25n rnp////27n rnp///30n rnpV////3n rnp  ///8n rnp///15n rnp,No
9937,9937,Untouched,2026-06-05,Joel,46.0,No Information,,No Information,No
9938,9938,Call <24Hr,2026-11-07,Rincy,0.0,No Information,2026-11-07,rnp///26n rnp//9n rnp///11n rnp,No
9939,9939,Call <24Hr,2026-12-05,Joel,0.0,No Information,2026-12-05,"need to join but no plus 2 , told to do nios 
but confused , told will update
in ernakulam hub ,gave all details",No
9940,9940,Call <24Hr,2026-03-07,Rincy,16.0,No Information,2026-02-07,rnp///26n rnp//28n rnp//3n veenda enn,No
9941,9941,Untouched,,Unknown,0.0,No Information,,No Information,No
9942,9942,Call <24Hr,2026-10-05,Rincy,115.0,No Information,2026-10-05,avar cheydhittilla enna kolathila nikne...msg ayacho paranj call cut aaki///7n kulikaan//8n rnp//intrest illa,No
9943,9943,Call >72Hr,,arathi,0.0,No Information,,"rnp contacted on wtsp//rnp
RNP, connected through whats app",No
9944,9944,Call <24Hr,2026-12-05,Safa,30.0,No Information,2026-12-05,"6/5- 1st call rnp
second call picked- age 30- just nokyye ennolu- supervisor aaayi work cheyuvaaanu-oil and gas course kazhinju - aadhy thane fees aaan chodhikune- coursene duration parayumbo call cutt cheythu 
12/5-chumma nokyedha ippo nokunila",No
9945,9945,Call >72Hr,,Muhammed,0.0,No Information,,at passport office//he cut the call 13/5- ivanodu samsarichapol full bad language aanu use akiyathu.,Yes
9946,9946,Call <24Hr,,Safa,0.0,No Information,,"6/5- age 32- degree drop our- place alappuzha- direct hub povaam ennanu paranje
7/5- busy 
13/5-rnp",No
9947,9947,Untouched,2026-10-05,Joel,64.0,No Information,2026-10-05,"looking for a data science course
intrested , need offline ,codng not intrested
will discuss and update",No
9948,9948,Call <24Hr,,Rincy,0.0,No Information,,8 manik sheesham vilikan workilanenn//bc//night vilikan paranj night vilichittum call edknilla bc aakanu//14n rnp bc aakn,No
9949,9949,Untouched,2026-09-05,Joel,0.0,No Information,,"plus 2 students, just a casual enquiry 
no idae about IT,fees issue 
parents wont accept ,total 4 child
told to go for a job,sochances are low",No
9950,9950,Call <24Hr,,Rincy,38.0,No Information,,bc aanenn//8n rnp//rnp//14n ummanod samsaRICHU/15n rnp/17n rnp///////20n accounting course eduth padiknd,No
9951,9951,Call >72Hr,,Rincy,0.0,No Information,,"palakkad mundoor ann place 26 years old gulfil ayirnnu alu sales job ippo nattil und next enthelum padichal kollann und,basic details shared on wtsp...//ummante hospital issue ayittu thirakkil ann//call from another device/23n rnp///25n rnp//26N RNP",No
9952,9952,Call <24Hr,,Safa,35.0,No Information,,"6/5- call declined 
SECOND CALL -RNP msgd
7/6-rnp not respond wtsp msg
14/5-picked- b.com join cheythu noknila",No
9953,9953,Call >72Hr,,arathi,0.0,No Information,,"IT fieldne kurich onnum arinjuda initially oru intro koduthind, bakki details wtsp koduthitt ini crse prnj next contact cheyynm, 2025il plustwo kazhinjehdan fail aayi science aayirunnu then nios edthu, alappuzha veed ippo wrkeyyunnind, 2nd callil crsene kurich prnj kodthu avan broto nokkunnund, ippo response illa. He will update Monday because his family members are not with him. They are in a trip.return back on sndy so He wants to discuss with them.
RNP,messaged through whats app.",No
9954,9954,Call >72Hr,2026-03-07,Afees,633.0,No Information,2026-03-07,avodha il course complete chythathaanu but no job 40 k aan fee indayrnee details shared aanu vtil choichit parayam ennan paranje,No
9955,9955,Call <24Hr,2026-06-05,Safa,25.0,No Information,,6/5- tamil,No
9956,9956,Call >72Hr,,Sanju,53.0,No Information,,"sinans refferal,will come to hub",No
9957,9957,Call >72Hr,,Sanju,71.0,No Information,,"sinans refferal,will come to hub",No
9958,9958,Call <24Hr,,Sanju,0.0,No Information,,whatsapp call eh ullu msgd aan call evng chyanam,No
9959,9959,Call >72Hr,,arathi,133.0,No Information,,"plustwo computer commerce aayirunnu 1 yr gap vannu, ippo onnum cheyyunnilla, vadakara aan veed, 2nd busy, call edth mindunnilla.
friend takes the call, he tell him to call back later.
still he is not decided.",No
9960,9960,Call <24Hr,2026-06-05,Sanju,128.0,No Information,,No Information,No
9961,9961,Call <24Hr,,Safa,0.0,No Information,,"6/5- switched off
second call-rnp
8/5-rnp
11/5-rnp
 15)5 rnp wtsp msgd not respond",No
9962,9962,Call <24Hr,2026-08-06,Sumayya,22.0,No Information,2026-11-05,mannarkkad place bca in coimbatore interested,No
9963,9963,Call <24Hr,2026-06-06,Ambili,0.0,No Information,2026-08-06,"IT Interested aan, bt idea illa basic ayittulledh paranj kodthind, veed kappad commerce stati aan padichedh, uppa hotelil aan dgree edkkanoru plan ind, hub visit cheyynm paranj",No
9964,9964,Call <24Hr,2026-06-05,Sumayya,0.0,No Information,,No Information,No
9965,9965,Call <24Hr,2026-06-05,Ambili,109.0,No Information,,No Information,No
9966,9966,Call <24Hr,,Sumayya,0.0,No Information,,"+2 aann//kannuer place////buzyy//thenn rnpp
7/5//rnp(2)watspp connected//instituion anoonn doubt indd//kaaryghll okkee samsarichiu avn cyber security aann ishtamm..development ill samsarichindd///academics team umm aayitt connecet cheyynm
9/5//direct vern paranjind//no reponsee after that",No
9967,9967,Call <24Hr,2026-06-05,Safa,51.0,No Information,,6/5- said enik vendi ala- cousin cheythe aaanu- avan vannt parayaam- number chodhichappol text cheyaamenn paranju,No
9968,9968,Call >72Hr,2026-09-05,arathi,70.0,No Information,,"kollsthaan veed, mother aan phone edthedh, long nokkunnilaann paranju, akal ippo IT course padikkunnund
She already joined another institute",No
9969,9969,Call <24Hr,2026-06-05,Sumayya,60.0,No Information,,No Information,No
9970,9970,Call >24Hr,2026-06-05,Joel,86.0,No Information,2026-06-05,"looking for cybersecurity , not other courses intrestefd",No
9971,9971,Call < 5 mins,2026-06-05,Najiya,36.0,No Information,2026-06-05,"he is acca doing and  degree 2nd year doing,inform later",No
9972,9972,Call < 5 mins,2026-09-06,Sanju,9.0,No Information,2026-11-05,"not for him ,for his cousin sister
bba grad, need java
he has a startup, also need java developers",No
9973,9973,Call <24Hr,2026-06-05,Safa,48.0,No Information,2026-06-05,"6/5- 2 times rnp 
job enquiry",No
9974,9974,Call >72Hr,,arathi,0.0,No Information,,"rnp contacted on wtsp
RNP
RNP , Connected through whats app",No
9975,9975,Call <24Hr,,Safa,0.0,No Information,2026-01-06,"5/5- 2times rnp 
21/5-took not respond properly bsc maths poyi complete aakila 
23/5-declined
26/5-rnp
27/5-rnp -rnp",No
9976,9976,Call <24Hr,,Afees,111.0,No Information,2026-02-10,he only can do the course after 6 months,No
9977,9977,Call <8Hr,2026-05-05,Joel,31.0,No Information,2026-09-05,"rincy client , number mistake
already had a friend also",No
9978,9978,Call <24Hr,2026-11-05,Joel,0.0,No Information,,"call cut,maybe busy",No
9979,9979,Call <24Hr,2026-12-05,Joel,0.0,No Information,2026-12-05,No Information,No
9980,9980,Call >24Hr,,Safa,220.0,No Information,,"7/5- contacted yesterday - place wayand-detail shared 
11/5- porthaaan- call back cheyaam 
12/5 decision pending connect wtsp
14/5-noknila already friend joinchyth refund vedichu",No
9981,9981,Call <24Hr,2026-12-05,Joel,100.0,No Information,,"need online course , IT intrested but no idae
gave all idae and now she is okay
need to talk to father",No
9982,9982,Call <24Hr,2026-08-05,Joel,0.0,No Information,2026-08-05,"looking for an online course , 
mca graduate gave all details 
need to follow up",No
9983,9983,Call <8Hr,2026-11-05,Joel,0.0,No Information,,"umma answered , plus 2 humanities
need to talk to son",No
9984,9984,Call <8Hr,,Joel,105.0,No Information,,"intrsted to join ,need degree
will discuss with parents, had a friend also",No
9985,9985,Call >72Hr,,Najiya,22.0,No Information,2026-06-06,"she is plus 2 humanities, intressted
no idae about IT,will discuss with parents and update,visited hub ,interested

will hub on may 15",No
9986,9986,Call < 5 mins,2026-05-05,Joel,121.0,No Information,,No Information,No
9987,9987,Call <24Hr,2026-06-05,Afees,0.0,No Information,,No Information,No
9988,9988,Call <4Hr,2026-05-05,Afees,30.0,No Information,,No Information,No
9989,9989,Call >72Hr,,Sanju,103.0,No Information,,btech 3rd year next year project okke ann so free ann ennanu paranjath alkk it field enthanenno bridgeon enthanenno oru idea illa basic details shared//rnp,No
9990,9990,Call <4Hr,2026-05-05,Afees,0.0,No Information,,No Information,No
9991,9991,Call >72Hr,,arathi,0.0,No Information,,"tail panikk povanu busy will connect later.
RNP",No
9992,9992,Call >72Hr,2026-02-07,Ambili,50.0,No Information,2026-01-07,bsc maths ann padiche next entha cheyyandenn confused ann DS nokkiyal kollam ennund basic details shared kondotty ann place//rnp// kannin surgery und so after that mathram parayan patollu,No
9993,9993,Call <24Hr,2026-06-05,Sanju,0.0,No Information,,rnp whatsp msgd,No
9994,9994,Call <8Hr,2026-07-05,jaiharish,218.0,No Information,,"details paranjinddd//guruvayoor placee//+2humanities aarrnnuu//ammaa wrking in shop//avchan purthh aaannn
6/5//rnp(2)",No
9995,9995,Call < 5 mins,2026-05-05,Joel,70.0,No Information,2026-05-05,No Information,No
9996,9996,Call < 15 mins,,Rincy,0.0,No Information,,civil engineering kayinj ippo dgree bcom distance aayi eduthittund vtl choykatte enn//6n call ponilla//7n rnp//9n rnp//12n rnp//16n rnp//19n rnp,No
9997,9997,Call >72Hr,2026-03-06,Sanju,116.0,No Information,,"details shared aanu online aan nokunne kore emi oke ind so whatsap il details shared aan baki set akanam

resort il wrk chyanu financial issue aan main 2 mnth kazhinjit oke nokulu

watsapp update",No
9998,9998,Call >72Hr,,Athira,129.0,No Information,,"online course , slready working as developer , kondotty
want to connect with python developer",No
9999,9999,Call >24Hr,2026-06-05,Ambili,0.0,No Information,2026-07-05,No Information,No
10000,10000,Call <4Hr,2026-05-05,Sanju,0.0,No Information,,No Information,No
